scenario_id,result_scope,work_key,settlement_batch_id,internal_payment_id,processor_transaction_id,bank_entry_id,expected_outcome,expected_reason_code,expected_difference,explanation
mixed-exceptions,ORDER,SYNTH-ORDER-000001,,SYNTH-INT-000001,SYNTH-PROC-000001,,MATCHED,L1_EXACT_ORDER_MATCH,0.0,"Merchant order ID, currency, gross amount and configured processor fee all match."
mixed-exceptions,ORDER,SYNTH-ORDER-000002,,SYNTH-INT-000002,SYNTH-PROC-000002,,MATCHED,L1_EXACT_ORDER_MATCH,0.0,"Merchant order ID, currency, gross amount and configured processor fee all match."
mixed-exceptions,ORDER,SYNTH-ORDER-000003,,SYNTH-INT-000003,SYNTH-PROC-000003,,MATCHED,L1_EXACT_ORDER_MATCH,0.0,"Merchant order ID, currency, gross amount and configured processor fee all match."
mixed-exceptions,ORDER,SYNTH-ORDER-000004,,SYNTH-INT-000004,SYNTH-PROC-000004,,MATCHED,L1_EXACT_ORDER_MATCH,0.0,"Merchant order ID, currency, gross amount and configured processor fee all match."
mixed-exceptions,ORDER,SYNTH-ORDER-000005,,SYNTH-INT-000005,SYNTH-PROC-000005,,MATCHED,L1_EXACT_ORDER_MATCH,0.0,"Merchant order ID, currency, gross amount and configured processor fee all match."
mixed-exceptions,ORDER,SYNTH-ORDER-000006,,SYNTH-INT-000006,SYNTH-PROC-000006,,MATCHED,L1_EXACT_ORDER_MATCH,0.0,"Merchant order ID, currency, gross amount and configured processor fee all match."
mixed-exceptions,ORDER,SYNTH-ORDER-000007,,SYNTH-INT-000007,SYNTH-PROC-000007,,MATCHED,L1_EXACT_ORDER_MATCH,0.0,"Merchant order ID, currency, gross amount and configured processor fee all match."
mixed-exceptions,ORDER,SYNTH-ORDER-000008,,SYNTH-INT-000008,SYNTH-PROC-000008,,MATCHED,L1_EXACT_ORDER_MATCH,0.0,"Merchant order ID, currency, gross amount and configured processor fee all match."
mixed-exceptions,ORDER,SYNTH-ORDER-000009,,SYNTH-INT-000009,SYNTH-PROC-000009,,MATCHED,L1_EXACT_ORDER_MATCH,0.0,"Merchant order ID, currency, gross amount and configured processor fee all match."
mixed-exceptions,ORDER,SYNTH-ORDER-000010,,SYNTH-INT-000010,SYNTH-PROC-000010,,MATCHED,L1_EXACT_ORDER_MATCH,0.0,"Merchant order ID, currency, gross amount and configured processor fee all match."
mixed-exceptions,ORDER,SYNTH-ORDER-000011,,SYNTH-INT-000011,SYNTH-PROC-000011,,MATCHED,L1_EXACT_ORDER_MATCH,0.0,"Merchant order ID, currency, gross amount and configured processor fee all match."
mixed-exceptions,ORDER,SYNTH-ORDER-000012,,SYNTH-INT-000012,SYNTH-PROC-000012,,FEE_MISMATCH,L1_CONFIGURED_FEE_POLICY,0.37,The processor fee differs from the configured percentage-plus-fixed fee policy.
mixed-exceptions,ORDER,SYNTH-ORDER-000013,,SYNTH-INT-000013,SYNTH-PROC-000013,,MATCHED,L1_EXACT_ORDER_MATCH,0.0,"Merchant order ID, currency, gross amount and configured processor fee all match."
mixed-exceptions,ORDER,SYNTH-ORDER-000014,,SYNTH-INT-000014,SYNTH-PROC-000014,,MATCHED,L1_EXACT_ORDER_MATCH,0.0,"Merchant order ID, currency, gross amount and configured processor fee all match."
mixed-exceptions,ORDER,SYNTH-ORDER-000015,,SYNTH-INT-000015,SYNTH-PROC-000015,,MATCHED,L1_EXACT_ORDER_MATCH,0.0,"Merchant order ID, currency, gross amount and configured processor fee all match."
mixed-exceptions,ORDER,SYNTH-ORDER-000016,,SYNTH-INT-000016,,,MISSING_PROCESSOR,L1_MISSING_PROCESSOR,1287.29,The internal payment has no processor transaction with the same merchant order ID.
mixed-exceptions,ORDER,SYNTH-ORDER-000017,,SYNTH-INT-000017,SYNTH-PROC-000017,,MATCHED,L1_EXACT_ORDER_MATCH,0.0,"Merchant order ID, currency, gross amount and configured processor fee all match."
mixed-exceptions,ORDER,SYNTH-ORDER-000018,,SYNTH-INT-000018,SYNTH-PROC-000018,,MATCHED,L1_EXACT_ORDER_MATCH,0.0,"Merchant order ID, currency, gross amount and configured processor fee all match."
mixed-exceptions,ORDER,SYNTH-ORDER-000019,,SYNTH-INT-000019,SYNTH-PROC-000019,,MATCHED,L1_EXACT_ORDER_MATCH,0.0,"Merchant order ID, currency, gross amount and configured processor fee all match."
mixed-exceptions,ORDER,SYNTH-ORDER-000020,,SYNTH-INT-000020,SYNTH-PROC-000020,,MATCHED,L1_EXACT_ORDER_MATCH,0.0,"Merchant order ID, currency, gross amount and configured processor fee all match."
mixed-exceptions,ORDER,SYNTH-ORDER-000021,,SYNTH-INT-000021,SYNTH-PROC-000021,,MATCHED,L1_EXACT_ORDER_MATCH,0.0,"Merchant order ID, currency, gross amount and configured processor fee all match."
mixed-exceptions,ORDER,SYNTH-ORDER-000022,,SYNTH-INT-000022,SYNTH-PROC-000022,,MATCHED,L1_EXACT_ORDER_MATCH,0.0,"Merchant order ID, currency, gross amount and configured processor fee all match."
mixed-exceptions,ORDER,SYNTH-ORDER-000023,,SYNTH-INT-000023,SYNTH-PROC-000023-REFUND,,PARTIAL_REFUND,L1_PARTIAL_REFUND_LINK,718.58,The refund is linked to its original payment and reverses part of the gross amount.
mixed-exceptions,ORDER,SYNTH-ORDER-000024,,SYNTH-INT-000024,SYNTH-PROC-000024,,MATCHED,L1_EXACT_ORDER_MATCH,0.0,"Merchant order ID, currency, gross amount and configured processor fee all match."
mixed-exceptions,ORDER,SYNTH-ORDER-000025,,SYNTH-INT-000025,SYNTH-PROC-000025,,MATCHED,L1_EXACT_ORDER_MATCH,0.0,"Merchant order ID, currency, gross amount and configured processor fee all match."
mixed-exceptions,ORDER,SYNTH-ORDER-000026,,SYNTH-INT-000026,SYNTH-PROC-000026,,MATCHED,L1_EXACT_ORDER_MATCH,0.0,"Merchant order ID, currency, gross amount and configured processor fee all match."
mixed-exceptions,ORDER,SYNTH-ORDER-000027,,SYNTH-INT-000027,SYNTH-PROC-000027,,MATCHED,L1_EXACT_ORDER_MATCH,0.0,"Merchant order ID, currency, gross amount and configured processor fee all match."
mixed-exceptions,ORDER,SYNTH-ORDER-000028,,SYNTH-INT-000028,SYNTH-PROC-000028-REFUND,,PARTIAL_REFUND,L1_PARTIAL_REFUND_LINK,607.81,The refund is linked to its original payment and reverses part of the gross amount.
mixed-exceptions,ORDER,SYNTH-ORDER-000029,,SYNTH-INT-000029,SYNTH-PROC-000029,,MATCHED,L1_EXACT_ORDER_MATCH,0.0,"Merchant order ID, currency, gross amount and configured processor fee all match."
mixed-exceptions,ORDER,SYNTH-ORDER-000030,,SYNTH-INT-000030,SYNTH-PROC-000030,,MATCHED,L1_EXACT_ORDER_MATCH,0.0,"Merchant order ID, currency, gross amount and configured processor fee all match."
mixed-exceptions,ORDER,SYNTH-ORDER-000031,,SYNTH-INT-000031,SYNTH-PROC-000031,,CURRENCY_MISMATCH,L1_CURRENCY_EQUALITY,,Internal and processor currencies differ; amounts were not compared across currencies.
mixed-exceptions,ORDER,SYNTH-ORDER-000032,,SYNTH-INT-000032,SYNTH-PROC-000032,,MATCHED,L1_EXACT_ORDER_MATCH,0.0,"Merchant order ID, currency, gross amount and configured processor fee all match."
mixed-exceptions,ORDER,SYNTH-ORDER-000033,,SYNTH-INT-000033,SYNTH-PROC-000033,,MATCHED,L1_EXACT_ORDER_MATCH,0.0,"Merchant order ID, currency, gross amount and configured processor fee all match."
mixed-exceptions,ORDER,SYNTH-ORDER-000034,,SYNTH-INT-000034,SYNTH-PROC-000034,,MATCHED,L1_EXACT_ORDER_MATCH,0.0,"Merchant order ID, currency, gross amount and configured processor fee all match."
mixed-exceptions,ORDER,SYNTH-ORDER-000035,,SYNTH-INT-000035,SYNTH-PROC-000035,,MATCHED,L1_EXACT_ORDER_MATCH,0.0,"Merchant order ID, currency, gross amount and configured processor fee all match."
mixed-exceptions,ORDER,SYNTH-ORDER-000036,,SYNTH-INT-000036,SYNTH-PROC-000036,,MATCHED,L1_EXACT_ORDER_MATCH,0.0,"Merchant order ID, currency, gross amount and configured processor fee all match."
mixed-exceptions,ORDER,SYNTH-ORDER-000037,,SYNTH-INT-000037,SYNTH-PROC-000037,,MATCHED,L1_EXACT_ORDER_MATCH,0.0,"Merchant order ID, currency, gross amount and configured processor fee all match."
mixed-exceptions,ORDER,SYNTH-ORDER-000038,,SYNTH-INT-000038,SYNTH-PROC-000038,,MATCHED,L1_EXACT_ORDER_MATCH,0.0,"Merchant order ID, currency, gross amount and configured processor fee all match."
mixed-exceptions,ORDER,SYNTH-ORDER-000039,,SYNTH-INT-000039,SYNTH-PROC-000039,,DUPLICATE_INTERNAL,L1_DUPLICATE_INTERNAL,,More than one internal row uses the same internal payment identifier.
mixed-exceptions,ORDER,SYNTH-ORDER-000040,,SYNTH-INT-000040,SYNTH-PROC-000040,,MATCHED,L1_EXACT_ORDER_MATCH,0.0,"Merchant order ID, currency, gross amount and configured processor fee all match."
mixed-exceptions,ORDER,SYNTH-ORDER-000041,,SYNTH-INT-000041,SYNTH-PROC-000041,,CURRENCY_MISMATCH,L1_CURRENCY_EQUALITY,,Internal and processor currencies differ; amounts were not compared across currencies.
mixed-exceptions,ORDER,SYNTH-ORDER-000042,,SYNTH-INT-000042,SYNTH-PROC-000042,,DUPLICATE_PROCESSOR,L1_DUPLICATE_PROCESSOR,,More than one processor row uses the same processor transaction identifier.
mixed-exceptions,ORDER,SYNTH-ORDER-000043,,SYNTH-INT-000043,SYNTH-PROC-000043,,MATCHED,L1_EXACT_ORDER_MATCH,0.0,"Merchant order ID, currency, gross amount and configured processor fee all match."
mixed-exceptions,ORDER,SYNTH-ORDER-000044,,SYNTH-INT-000044,SYNTH-PROC-000044,,MATCHED,L1_EXACT_ORDER_MATCH,0.0,"Merchant order ID, currency, gross amount and configured processor fee all match."
mixed-exceptions,ORDER,SYNTH-ORDER-000045,,SYNTH-INT-000045,SYNTH-PROC-000045,,MATCHED,L1_EXACT_ORDER_MATCH,0.0,"Merchant order ID, currency, gross amount and configured processor fee all match."
mixed-exceptions,ORDER,SYNTH-ORDER-000046,,SYNTH-INT-000046,SYNTH-PROC-000046,,CURRENCY_MISMATCH,L1_CURRENCY_EQUALITY,,Internal and processor currencies differ; amounts were not compared across currencies.
mixed-exceptions,ORDER,SYNTH-ORDER-000047,,SYNTH-INT-000047,SYNTH-PROC-000047,,MATCHED,L1_EXACT_ORDER_MATCH,0.0,"Merchant order ID, currency, gross amount and configured processor fee all match."
mixed-exceptions,ORDER,SYNTH-ORDER-000048,,SYNTH-INT-000048,SYNTH-PROC-000048,,MATCHED,L1_EXACT_ORDER_MATCH,0.0,"Merchant order ID, currency, gross amount and configured processor fee all match."
mixed-exceptions,ORDER,SYNTH-ORDER-000049,,SYNTH-INT-000049,SYNTH-PROC-000049,,MATCHED,L1_EXACT_ORDER_MATCH,0.0,"Merchant order ID, currency, gross amount and configured processor fee all match."
mixed-exceptions,ORDER,SYNTH-ORDER-000050,,SYNTH-INT-000050,SYNTH-PROC-000050,,MATCHED,L1_EXACT_ORDER_MATCH,0.0,"Merchant order ID, currency, gross amount and configured processor fee all match."
mixed-exceptions,ORDER,SYNTH-ORDER-000051,,SYNTH-INT-000051,SYNTH-PROC-000051,,MATCHED,L1_EXACT_ORDER_MATCH,0.0,"Merchant order ID, currency, gross amount and configured processor fee all match."
mixed-exceptions,ORDER,SYNTH-ORDER-000052,,SYNTH-INT-000052,SYNTH-PROC-000052,,MATCHED,L1_EXACT_ORDER_MATCH,0.0,"Merchant order ID, currency, gross amount and configured processor fee all match."
mixed-exceptions,ORDER,SYNTH-ORDER-000053,,SYNTH-INT-000053,SYNTH-PROC-000053,,MATCHED,L1_EXACT_ORDER_MATCH,0.0,"Merchant order ID, currency, gross amount and configured processor fee all match."
mixed-exceptions,ORDER,SYNTH-ORDER-000054,,SYNTH-INT-000054,SYNTH-PROC-000054,,MATCHED,L1_EXACT_ORDER_MATCH,0.0,"Merchant order ID, currency, gross amount and configured processor fee all match."
mixed-exceptions,ORDER,SYNTH-ORDER-000055,,SYNTH-INT-000055,SYNTH-PROC-000055,,MATCHED,L1_EXACT_ORDER_MATCH,0.0,"Merchant order ID, currency, gross amount and configured processor fee all match."
mixed-exceptions,ORDER,SYNTH-ORDER-000056,,SYNTH-INT-000056,SYNTH-PROC-000056,,MATCHED,L1_EXACT_ORDER_MATCH,0.0,"Merchant order ID, currency, gross amount and configured processor fee all match."
mixed-exceptions,ORDER,SYNTH-ORDER-000057,,SYNTH-INT-000057,SYNTH-PROC-000057,,MATCHED,L1_EXACT_ORDER_MATCH,0.0,"Merchant order ID, currency, gross amount and configured processor fee all match."
mixed-exceptions,ORDER,SYNTH-ORDER-000058,,SYNTH-INT-000058,SYNTH-PROC-000058,,MATCHED,L1_EXACT_ORDER_MATCH,0.0,"Merchant order ID, currency, gross amount and configured processor fee all match."
mixed-exceptions,ORDER,SYNTH-ORDER-000059,,SYNTH-INT-000059,SYNTH-PROC-000059,,MATCHED,L1_EXACT_ORDER_MATCH,0.0,"Merchant order ID, currency, gross amount and configured processor fee all match."
mixed-exceptions,ORDER,SYNTH-ORDER-000060,,SYNTH-INT-000060,SYNTH-PROC-000060,,MATCHED,L1_EXACT_ORDER_MATCH,0.0,"Merchant order ID, currency, gross amount and configured processor fee all match."
mixed-exceptions,ORDER,SYNTH-ORDER-000061,,SYNTH-INT-000061,SYNTH-PROC-000061,,MATCHED,L1_EXACT_ORDER_MATCH,0.0,"Merchant order ID, currency, gross amount and configured processor fee all match."
mixed-exceptions,ORDER,SYNTH-ORDER-000062,,SYNTH-INT-000062,SYNTH-PROC-000062,,MATCHED,L1_EXACT_ORDER_MATCH,0.0,"Merchant order ID, currency, gross amount and configured processor fee all match."
mixed-exceptions,ORDER,SYNTH-ORDER-000063,,SYNTH-INT-000063,SYNTH-PROC-000063,,MATCHED,L1_EXACT_ORDER_MATCH,0.0,"Merchant order ID, currency, gross amount and configured processor fee all match."
mixed-exceptions,ORDER,SYNTH-ORDER-000064,,SYNTH-INT-000064,SYNTH-PROC-000064,,MATCHED,L1_EXACT_ORDER_MATCH,0.0,"Merchant order ID, currency, gross amount and configured processor fee all match."
mixed-exceptions,ORDER,SYNTH-ORDER-000065,,SYNTH-INT-000065,SYNTH-PROC-000065,,MATCHED,L1_EXACT_ORDER_MATCH,0.0,"Merchant order ID, currency, gross amount and configured processor fee all match."
mixed-exceptions,ORDER,SYNTH-ORDER-000066,,SYNTH-INT-000066,SYNTH-PROC-000066,,MATCHED,L1_EXACT_ORDER_MATCH,0.0,"Merchant order ID, currency, gross amount and configured processor fee all match."
mixed-exceptions,ORDER,SYNTH-ORDER-000067,,SYNTH-INT-000067,SYNTH-PROC-000067,,MATCHED,L1_EXACT_ORDER_MATCH,0.0,"Merchant order ID, currency, gross amount and configured processor fee all match."
mixed-exceptions,ORDER,SYNTH-ORDER-000068,,SYNTH-INT-000068,SYNTH-PROC-000068,,MATCHED,L1_EXACT_ORDER_MATCH,0.0,"Merchant order ID, currency, gross amount and configured processor fee all match."
mixed-exceptions,ORDER,SYNTH-ORDER-000069,,SYNTH-INT-000069,SYNTH-PROC-000069,,MATCHED,L1_EXACT_ORDER_MATCH,0.0,"Merchant order ID, currency, gross amount and configured processor fee all match."
mixed-exceptions,ORDER,SYNTH-ORDER-000070,,SYNTH-INT-000070,SYNTH-PROC-000070,,MATCHED,L1_EXACT_ORDER_MATCH,0.0,"Merchant order ID, currency, gross amount and configured processor fee all match."
mixed-exceptions,ORDER,SYNTH-ORDER-000071,,SYNTH-INT-000071,SYNTH-PROC-000071,,MATCHED,L1_EXACT_ORDER_MATCH,0.0,"Merchant order ID, currency, gross amount and configured processor fee all match."
mixed-exceptions,ORDER,SYNTH-ORDER-000072,,SYNTH-INT-000072,SYNTH-PROC-000072,,CURRENCY_MISMATCH,L1_CURRENCY_EQUALITY,,Internal and processor currencies differ; amounts were not compared across currencies.
mixed-exceptions,ORDER,SYNTH-ORDER-000073,,SYNTH-INT-000073,SYNTH-PROC-000073,,MATCHED,L1_EXACT_ORDER_MATCH,0.0,"Merchant order ID, currency, gross amount and configured processor fee all match."
mixed-exceptions,ORDER,SYNTH-ORDER-000074,,SYNTH-INT-000074,SYNTH-PROC-000074,,MATCHED,L1_EXACT_ORDER_MATCH,0.0,"Merchant order ID, currency, gross amount and configured processor fee all match."
mixed-exceptions,ORDER,SYNTH-ORDER-000075,,SYNTH-INT-000075,SYNTH-PROC-000075,,MATCHED,L1_EXACT_ORDER_MATCH,0.0,"Merchant order ID, currency, gross amount and configured processor fee all match."
mixed-exceptions,ORDER,SYNTH-ORDER-000076,,SYNTH-INT-000076,SYNTH-PROC-000076,,MATCHED,L1_EXACT_ORDER_MATCH,0.0,"Merchant order ID, currency, gross amount and configured processor fee all match."
mixed-exceptions,ORDER,SYNTH-ORDER-000077,,SYNTH-INT-000077,SYNTH-PROC-000077,,MATCHED,L1_EXACT_ORDER_MATCH,0.0,"Merchant order ID, currency, gross amount and configured processor fee all match."
mixed-exceptions,ORDER,SYNTH-ORDER-000078,,SYNTH-INT-000078,SYNTH-PROC-000078,,MATCHED,L1_EXACT_ORDER_MATCH,0.0,"Merchant order ID, currency, gross amount and configured processor fee all match."
mixed-exceptions,ORDER,SYNTH-ORDER-000079,,SYNTH-INT-000079,SYNTH-PROC-000079,,DUPLICATE_PROCESSOR,L1_DUPLICATE_PROCESSOR,,More than one processor row uses the same processor transaction identifier.
mixed-exceptions,ORDER,SYNTH-ORDER-000080,,SYNTH-INT-000080,SYNTH-PROC-000080,,MATCHED,L1_EXACT_ORDER_MATCH,0.0,"Merchant order ID, currency, gross amount and configured processor fee all match."
mixed-exceptions,ORDER,SYNTH-ORDER-000081,,SYNTH-INT-000081,SYNTH-PROC-000081,,MATCHED,L1_EXACT_ORDER_MATCH,0.0,"Merchant order ID, currency, gross amount and configured processor fee all match."
mixed-exceptions,ORDER,SYNTH-ORDER-000082,,SYNTH-INT-000082,,,MISSING_PROCESSOR,L1_MISSING_PROCESSOR,2461.94,The internal payment has no processor transaction with the same merchant order ID.
mixed-exceptions,ORDER,SYNTH-ORDER-000083,,SYNTH-INT-000083,SYNTH-PROC-000083,,MATCHED,L1_EXACT_ORDER_MATCH,0.0,"Merchant order ID, currency, gross amount and configured processor fee all match."
mixed-exceptions,ORDER,SYNTH-ORDER-000084,,SYNTH-INT-000084,SYNTH-PROC-000084,,MATCHED,L1_EXACT_ORDER_MATCH,0.0,"Merchant order ID, currency, gross amount and configured processor fee all match."
mixed-exceptions,ORDER,SYNTH-ORDER-000085,,SYNTH-INT-000085,SYNTH-PROC-000085,,MATCHED,L1_EXACT_ORDER_MATCH,0.0,"Merchant order ID, currency, gross amount and configured processor fee all match."
mixed-exceptions,ORDER,SYNTH-ORDER-000086,,SYNTH-INT-000086,SYNTH-PROC-000086,,MATCHED,L1_EXACT_ORDER_MATCH,0.0,"Merchant order ID, currency, gross amount and configured processor fee all match."
mixed-exceptions,ORDER,SYNTH-ORDER-000087,,SYNTH-INT-000087,SYNTH-PROC-000087,,MATCHED,L1_EXACT_ORDER_MATCH,0.0,"Merchant order ID, currency, gross amount and configured processor fee all match."
mixed-exceptions,ORDER,SYNTH-ORDER-000088,,SYNTH-INT-000088,SYNTH-PROC-000088,,MATCHED,L1_EXACT_ORDER_MATCH,0.0,"Merchant order ID, currency, gross amount and configured processor fee all match."
mixed-exceptions,ORDER,SYNTH-ORDER-000089,,SYNTH-INT-000089,SYNTH-PROC-000089,,MATCHED,L1_EXACT_ORDER_MATCH,0.0,"Merchant order ID, currency, gross amount and configured processor fee all match."
mixed-exceptions,ORDER,SYNTH-ORDER-000090,,SYNTH-INT-000090,SYNTH-PROC-000090,,MATCHED,L1_EXACT_ORDER_MATCH,0.0,"Merchant order ID, currency, gross amount and configured processor fee all match."
mixed-exceptions,ORDER,SYNTH-ORDER-000091,,SYNTH-INT-000091,SYNTH-PROC-000091,,MATCHED,L1_EXACT_ORDER_MATCH,0.0,"Merchant order ID, currency, gross amount and configured processor fee all match."
mixed-exceptions,ORDER,SYNTH-ORDER-000092,,SYNTH-INT-000092,SYNTH-PROC-000092,,MATCHED,L1_EXACT_ORDER_MATCH,0.0,"Merchant order ID, currency, gross amount and configured processor fee all match."
mixed-exceptions,ORDER,SYNTH-ORDER-000093,,SYNTH-INT-000093,SYNTH-PROC-000093,,MATCHED,L1_EXACT_ORDER_MATCH,0.0,"Merchant order ID, currency, gross amount and configured processor fee all match."
mixed-exceptions,ORDER,SYNTH-ORDER-000094,,SYNTH-INT-000094,,,MISSING_PROCESSOR,L1_MISSING_PROCESSOR,511.15,The internal payment has no processor transaction with the same merchant order ID.
mixed-exceptions,ORDER,SYNTH-ORDER-000095,,SYNTH-INT-000095,SYNTH-PROC-000095,,MATCHED,L1_EXACT_ORDER_MATCH,0.0,"Merchant order ID, currency, gross amount and configured processor fee all match."
mixed-exceptions,ORDER,SYNTH-ORDER-000096,,SYNTH-INT-000096,SYNTH-PROC-000096,,MATCHED,L1_EXACT_ORDER_MATCH,0.0,"Merchant order ID, currency, gross amount and configured processor fee all match."
mixed-exceptions,ORDER,SYNTH-ORDER-000097,,SYNTH-INT-000097,SYNTH-PROC-000097,,MATCHED,L1_EXACT_ORDER_MATCH,0.0,"Merchant order ID, currency, gross amount and configured processor fee all match."
mixed-exceptions,ORDER,SYNTH-ORDER-000098,,SYNTH-INT-000098,SYNTH-PROC-000098,,MATCHED,L1_EXACT_ORDER_MATCH,0.0,"Merchant order ID, currency, gross amount and configured processor fee all match."
mixed-exceptions,ORDER,SYNTH-ORDER-000099,,SYNTH-INT-000099,SYNTH-PROC-000099,,MATCHED,L1_EXACT_ORDER_MATCH,0.0,"Merchant order ID, currency, gross amount and configured processor fee all match."
mixed-exceptions,ORDER,SYNTH-ORDER-000100,,SYNTH-INT-000100,SYNTH-PROC-000100,,MATCHED,L1_EXACT_ORDER_MATCH,0.0,"Merchant order ID, currency, gross amount and configured processor fee all match."
mixed-exceptions,ORDER,SYNTH-ORDER-000101,,SYNTH-INT-000101,SYNTH-PROC-000101,,MATCHED,L1_EXACT_ORDER_MATCH,0.0,"Merchant order ID, currency, gross amount and configured processor fee all match."
mixed-exceptions,ORDER,SYNTH-ORDER-000102,,SYNTH-INT-000102,SYNTH-PROC-000102,,MATCHED,L1_EXACT_ORDER_MATCH,0.0,"Merchant order ID, currency, gross amount and configured processor fee all match."
mixed-exceptions,ORDER,SYNTH-ORDER-000103,,SYNTH-INT-000103,SYNTH-PROC-000103,,MATCHED,L1_EXACT_ORDER_MATCH,0.0,"Merchant order ID, currency, gross amount and configured processor fee all match."
mixed-exceptions,ORDER,SYNTH-ORDER-000104,,SYNTH-INT-000104,SYNTH-PROC-000104,,MATCHED,L1_EXACT_ORDER_MATCH,0.0,"Merchant order ID, currency, gross amount and configured processor fee all match."
mixed-exceptions,ORDER,SYNTH-ORDER-000105,,SYNTH-INT-000105,SYNTH-PROC-000105,,MATCHED,L1_EXACT_ORDER_MATCH,0.0,"Merchant order ID, currency, gross amount and configured processor fee all match."
mixed-exceptions,ORDER,SYNTH-ORDER-000106,,SYNTH-INT-000106,SYNTH-PROC-000106,,MATCHED,L1_EXACT_ORDER_MATCH,0.0,"Merchant order ID, currency, gross amount and configured processor fee all match."
mixed-exceptions,ORDER,SYNTH-ORDER-000107,,SYNTH-INT-000107,SYNTH-PROC-000107,,MATCHED,L1_EXACT_ORDER_MATCH,0.0,"Merchant order ID, currency, gross amount and configured processor fee all match."
mixed-exceptions,ORDER,SYNTH-ORDER-000108,,SYNTH-INT-000108,SYNTH-PROC-000108,,MATCHED,L1_EXACT_ORDER_MATCH,0.0,"Merchant order ID, currency, gross amount and configured processor fee all match."
mixed-exceptions,ORDER,SYNTH-ORDER-000109,,SYNTH-INT-000109,SYNTH-PROC-000109,,MATCHED,L1_EXACT_ORDER_MATCH,0.0,"Merchant order ID, currency, gross amount and configured processor fee all match."
mixed-exceptions,ORDER,SYNTH-ORDER-000110,,SYNTH-INT-000110,SYNTH-PROC-000110,,MATCHED,L1_EXACT_ORDER_MATCH,0.0,"Merchant order ID, currency, gross amount and configured processor fee all match."
mixed-exceptions,ORDER,SYNTH-ORDER-000111,,SYNTH-INT-000111,SYNTH-PROC-000111,,MATCHED,L1_EXACT_ORDER_MATCH,0.0,"Merchant order ID, currency, gross amount and configured processor fee all match."
mixed-exceptions,ORDER,SYNTH-ORDER-000112,,SYNTH-INT-000112,SYNTH-PROC-000112,,MATCHED,L1_EXACT_ORDER_MATCH,0.0,"Merchant order ID, currency, gross amount and configured processor fee all match."
mixed-exceptions,ORDER,SYNTH-ORDER-000113,,SYNTH-INT-000113,SYNTH-PROC-000113,,MATCHED,L1_EXACT_ORDER_MATCH,0.0,"Merchant order ID, currency, gross amount and configured processor fee all match."
mixed-exceptions,ORDER,SYNTH-ORDER-000114,,SYNTH-INT-000114,SYNTH-PROC-000114,,MATCHED,L1_EXACT_ORDER_MATCH,0.0,"Merchant order ID, currency, gross amount and configured processor fee all match."
mixed-exceptions,ORDER,SYNTH-ORDER-000115,,SYNTH-INT-000115,SYNTH-PROC-000115,,MATCHED,L1_EXACT_ORDER_MATCH,0.0,"Merchant order ID, currency, gross amount and configured processor fee all match."
mixed-exceptions,ORDER,SYNTH-ORDER-000116,,SYNTH-INT-000116,SYNTH-PROC-000116,,MATCHED,L1_EXACT_ORDER_MATCH,0.0,"Merchant order ID, currency, gross amount and configured processor fee all match."
mixed-exceptions,ORDER,SYNTH-ORDER-000117,,SYNTH-INT-000117,SYNTH-PROC-000117,,MATCHED,L1_EXACT_ORDER_MATCH,0.0,"Merchant order ID, currency, gross amount and configured processor fee all match."
mixed-exceptions,ORDER,SYNTH-ORDER-000118,,SYNTH-INT-000118,SYNTH-PROC-000118,,MATCHED,L1_EXACT_ORDER_MATCH,0.0,"Merchant order ID, currency, gross amount and configured processor fee all match."
mixed-exceptions,ORDER,SYNTH-ORDER-000119,,SYNTH-INT-000119,SYNTH-PROC-000119,,MATCHED,L1_EXACT_ORDER_MATCH,0.0,"Merchant order ID, currency, gross amount and configured processor fee all match."
mixed-exceptions,ORDER,SYNTH-ORDER-000120,,SYNTH-INT-000120,SYNTH-PROC-000120-REFUND,,PARTIAL_REFUND,L1_PARTIAL_REFUND_LINK,774.41,The refund is linked to its original payment and reverses part of the gross amount.
mixed-exceptions,ORDER,SYNTH-ORDER-000121,,SYNTH-INT-000121,SYNTH-PROC-000121,,MATCHED,L1_EXACT_ORDER_MATCH,0.0,"Merchant order ID, currency, gross amount and configured processor fee all match."
mixed-exceptions,ORDER,SYNTH-ORDER-000122,,SYNTH-INT-000122,SYNTH-PROC-000122,,AMOUNT_MISMATCH,L1_GROSS_AMOUNT_EQUALITY,1.11,The processor gross amount differs from the internal ledger amount.
mixed-exceptions,ORDER,SYNTH-ORDER-000123,,SYNTH-INT-000123,SYNTH-PROC-000123,,DUPLICATE_INTERNAL,L1_DUPLICATE_INTERNAL,,More than one internal row uses the same internal payment identifier.
mixed-exceptions,ORDER,SYNTH-ORDER-000124,,SYNTH-INT-000124,SYNTH-PROC-000124,,MATCHED,L1_EXACT_ORDER_MATCH,0.0,"Merchant order ID, currency, gross amount and configured processor fee all match."
mixed-exceptions,ORDER,SYNTH-ORDER-000125,,SYNTH-INT-000125,SYNTH-PROC-000125,,MATCHED,L1_EXACT_ORDER_MATCH,0.0,"Merchant order ID, currency, gross amount and configured processor fee all match."
mixed-exceptions,ORDER,SYNTH-ORDER-000126,,SYNTH-INT-000126,SYNTH-PROC-000126,,MATCHED,L1_EXACT_ORDER_MATCH,0.0,"Merchant order ID, currency, gross amount and configured processor fee all match."
mixed-exceptions,ORDER,SYNTH-ORDER-000127,,SYNTH-INT-000127,SYNTH-PROC-000127,,MATCHED,L1_EXACT_ORDER_MATCH,0.0,"Merchant order ID, currency, gross amount and configured processor fee all match."
mixed-exceptions,ORDER,SYNTH-ORDER-000128,,SYNTH-INT-000128,SYNTH-PROC-000128,,MATCHED,L1_EXACT_ORDER_MATCH,0.0,"Merchant order ID, currency, gross amount and configured processor fee all match."
mixed-exceptions,ORDER,SYNTH-ORDER-000129,,SYNTH-INT-000129,SYNTH-PROC-000129,,MATCHED,L1_EXACT_ORDER_MATCH,0.0,"Merchant order ID, currency, gross amount and configured processor fee all match."
mixed-exceptions,ORDER,SYNTH-ORDER-000130,,SYNTH-INT-000130,SYNTH-PROC-000130,,DUPLICATE_INTERNAL,L1_DUPLICATE_INTERNAL,,More than one internal row uses the same internal payment identifier.
mixed-exceptions,ORDER,SYNTH-ORDER-000131,,SYNTH-INT-000131,SYNTH-PROC-000131,,MATCHED,L1_EXACT_ORDER_MATCH,0.0,"Merchant order ID, currency, gross amount and configured processor fee all match."
mixed-exceptions,ORDER,SYNTH-ORDER-000132,,SYNTH-INT-000132,SYNTH-PROC-000132,,MATCHED,L1_EXACT_ORDER_MATCH,0.0,"Merchant order ID, currency, gross amount and configured processor fee all match."
mixed-exceptions,ORDER,SYNTH-ORDER-000133,,SYNTH-INT-000133,SYNTH-PROC-000133,,MATCHED,L1_EXACT_ORDER_MATCH,0.0,"Merchant order ID, currency, gross amount and configured processor fee all match."
mixed-exceptions,ORDER,SYNTH-ORDER-000134,,SYNTH-INT-000134,SYNTH-PROC-000134,,MATCHED,L1_EXACT_ORDER_MATCH,0.0,"Merchant order ID, currency, gross amount and configured processor fee all match."
mixed-exceptions,ORDER,SYNTH-ORDER-000135,,SYNTH-INT-000135,SYNTH-PROC-000135-REFUND,,REFUND_MATCHED,L1_FULL_REFUND_LINK,0.0,The refund is linked to its original payment and reverses the complete gross amount.
mixed-exceptions,ORDER,SYNTH-ORDER-000136,,SYNTH-INT-000136,SYNTH-PROC-000136,,MATCHED,L1_EXACT_ORDER_MATCH,0.0,"Merchant order ID, currency, gross amount and configured processor fee all match."
mixed-exceptions,ORDER,SYNTH-ORDER-000137,,SYNTH-INT-000137,SYNTH-PROC-000137,,MATCHED,L1_EXACT_ORDER_MATCH,0.0,"Merchant order ID, currency, gross amount and configured processor fee all match."
mixed-exceptions,ORDER,SYNTH-ORDER-000138,,SYNTH-INT-000138,SYNTH-PROC-000138,,MATCHED,L1_EXACT_ORDER_MATCH,0.0,"Merchant order ID, currency, gross amount and configured processor fee all match."
mixed-exceptions,ORDER,SYNTH-ORDER-000139,,SYNTH-INT-000139,SYNTH-PROC-000139,,MATCHED,L1_EXACT_ORDER_MATCH,0.0,"Merchant order ID, currency, gross amount and configured processor fee all match."
mixed-exceptions,ORDER,SYNTH-ORDER-000140,,SYNTH-INT-000140,SYNTH-PROC-000140,,MATCHED,L1_EXACT_ORDER_MATCH,0.0,"Merchant order ID, currency, gross amount and configured processor fee all match."
mixed-exceptions,ORDER,SYNTH-ORDER-000141,,SYNTH-INT-000141,SYNTH-PROC-000141,,FEE_MISMATCH,L1_CONFIGURED_FEE_POLICY,0.37,The processor fee differs from the configured percentage-plus-fixed fee policy.
mixed-exceptions,ORDER,SYNTH-ORDER-000142,,SYNTH-INT-000142,SYNTH-PROC-000142,,MATCHED,L1_EXACT_ORDER_MATCH,0.0,"Merchant order ID, currency, gross amount and configured processor fee all match."
mixed-exceptions,ORDER,SYNTH-ORDER-000143,,SYNTH-INT-000143,SYNTH-PROC-000143,,MATCHED,L1_EXACT_ORDER_MATCH,0.0,"Merchant order ID, currency, gross amount and configured processor fee all match."
mixed-exceptions,ORDER,SYNTH-ORDER-000144,,SYNTH-INT-000144,SYNTH-PROC-000144,,MATCHED,L1_EXACT_ORDER_MATCH,0.0,"Merchant order ID, currency, gross amount and configured processor fee all match."
mixed-exceptions,ORDER,SYNTH-ORDER-000145,,SYNTH-INT-000145,SYNTH-PROC-000145,,MATCHED,L1_EXACT_ORDER_MATCH,0.0,"Merchant order ID, currency, gross amount and configured processor fee all match."
mixed-exceptions,ORDER,SYNTH-ORDER-000146,,SYNTH-INT-000146,SYNTH-PROC-000146-REFUND,,REFUND_MATCHED,L1_FULL_REFUND_LINK,0.0,The refund is linked to its original payment and reverses the complete gross amount.
mixed-exceptions,ORDER,SYNTH-ORDER-000147,,SYNTH-INT-000147,SYNTH-PROC-000147,,MATCHED,L1_EXACT_ORDER_MATCH,0.0,"Merchant order ID, currency, gross amount and configured processor fee all match."
mixed-exceptions,ORDER,SYNTH-ORDER-000148,,SYNTH-INT-000148,SYNTH-PROC-000148,,MATCHED,L1_EXACT_ORDER_MATCH,0.0,"Merchant order ID, currency, gross amount and configured processor fee all match."
mixed-exceptions,ORDER,SYNTH-ORDER-000149,,SYNTH-INT-000149,SYNTH-PROC-000149,,MATCHED,L1_EXACT_ORDER_MATCH,0.0,"Merchant order ID, currency, gross amount and configured processor fee all match."
mixed-exceptions,ORDER,SYNTH-ORDER-000150,,SYNTH-INT-000150,SYNTH-PROC-000150,,MATCHED,L1_EXACT_ORDER_MATCH,0.0,"Merchant order ID, currency, gross amount and configured processor fee all match."
mixed-exceptions,ORDER,SYNTH-ORDER-000151,,SYNTH-INT-000151,SYNTH-PROC-000151,,MATCHED,L1_EXACT_ORDER_MATCH,0.0,"Merchant order ID, currency, gross amount and configured processor fee all match."
mixed-exceptions,ORDER,SYNTH-ORDER-000152,,SYNTH-INT-000152,SYNTH-PROC-000152,,MATCHED,L1_EXACT_ORDER_MATCH,0.0,"Merchant order ID, currency, gross amount and configured processor fee all match."
mixed-exceptions,ORDER,SYNTH-ORDER-000153,,SYNTH-INT-000153,SYNTH-PROC-000153,,MATCHED,L1_EXACT_ORDER_MATCH,0.0,"Merchant order ID, currency, gross amount and configured processor fee all match."
mixed-exceptions,ORDER,SYNTH-ORDER-000154,,SYNTH-INT-000154,SYNTH-PROC-000154,,MATCHED,L1_EXACT_ORDER_MATCH,0.0,"Merchant order ID, currency, gross amount and configured processor fee all match."
mixed-exceptions,ORDER,SYNTH-ORDER-000155,,SYNTH-INT-000155,SYNTH-PROC-000155,,MATCHED,L1_EXACT_ORDER_MATCH,0.0,"Merchant order ID, currency, gross amount and configured processor fee all match."
mixed-exceptions,ORDER,SYNTH-ORDER-000156,,SYNTH-INT-000156,SYNTH-PROC-000156,,MATCHED,L1_EXACT_ORDER_MATCH,0.0,"Merchant order ID, currency, gross amount and configured processor fee all match."
mixed-exceptions,ORDER,SYNTH-ORDER-000157,,SYNTH-INT-000157,,,MISSING_PROCESSOR,L1_MISSING_PROCESSOR,1479.44,The internal payment has no processor transaction with the same merchant order ID.
mixed-exceptions,ORDER,SYNTH-ORDER-000158,,SYNTH-INT-000158,SYNTH-PROC-000158,,MATCHED,L1_EXACT_ORDER_MATCH,0.0,"Merchant order ID, currency, gross amount and configured processor fee all match."
mixed-exceptions,ORDER,SYNTH-ORDER-000159,,SYNTH-INT-000159,SYNTH-PROC-000159,,MATCHED,L1_EXACT_ORDER_MATCH,0.0,"Merchant order ID, currency, gross amount and configured processor fee all match."
mixed-exceptions,ORDER,SYNTH-ORDER-000160,,SYNTH-INT-000160,SYNTH-PROC-000160,,MATCHED,L1_EXACT_ORDER_MATCH,0.0,"Merchant order ID, currency, gross amount and configured processor fee all match."
mixed-exceptions,ORDER,SYNTH-ORDER-000161,,SYNTH-INT-000161,SYNTH-PROC-000161,,MATCHED,L1_EXACT_ORDER_MATCH,0.0,"Merchant order ID, currency, gross amount and configured processor fee all match."
mixed-exceptions,ORDER,SYNTH-ORDER-000162,,SYNTH-INT-000162,SYNTH-PROC-000162,,MATCHED,L1_EXACT_ORDER_MATCH,0.0,"Merchant order ID, currency, gross amount and configured processor fee all match."
mixed-exceptions,ORDER,SYNTH-ORDER-000163,,SYNTH-INT-000163,SYNTH-PROC-000163,,MATCHED,L1_EXACT_ORDER_MATCH,0.0,"Merchant order ID, currency, gross amount and configured processor fee all match."
mixed-exceptions,ORDER,SYNTH-ORDER-000164,,SYNTH-INT-000164,SYNTH-PROC-000164,,MATCHED,L1_EXACT_ORDER_MATCH,0.0,"Merchant order ID, currency, gross amount and configured processor fee all match."
mixed-exceptions,ORDER,SYNTH-ORDER-000165,,SYNTH-INT-000165,SYNTH-PROC-000165,,DUPLICATE_PROCESSOR,L1_DUPLICATE_PROCESSOR,,More than one processor row uses the same processor transaction identifier.
mixed-exceptions,ORDER,SYNTH-ORDER-000166,,SYNTH-INT-000166,SYNTH-PROC-000166,,MATCHED,L1_EXACT_ORDER_MATCH,0.0,"Merchant order ID, currency, gross amount and configured processor fee all match."
mixed-exceptions,ORDER,SYNTH-ORDER-000167,,SYNTH-INT-000167,SYNTH-PROC-000167,,AMBIGUOUS_MATCH,L1_AMBIGUOUS_CARDINALITY,,The merchant order ID maps to multiple distinct candidate records and requires operator review.
mixed-exceptions,ORDER,SYNTH-ORDER-000168,,SYNTH-INT-000168,SYNTH-PROC-000168,,MATCHED,L1_EXACT_ORDER_MATCH,0.0,"Merchant order ID, currency, gross amount and configured processor fee all match."
mixed-exceptions,ORDER,SYNTH-ORDER-000169,,SYNTH-INT-000169,SYNTH-PROC-000169,,DUPLICATE_PROCESSOR,L1_DUPLICATE_PROCESSOR,,More than one processor row uses the same processor transaction identifier.
mixed-exceptions,ORDER,SYNTH-ORDER-000170,,SYNTH-INT-000170,SYNTH-PROC-000170-REFUND,,PARTIAL_REFUND,L1_PARTIAL_REFUND_LINK,293.02,The refund is linked to its original payment and reverses part of the gross amount.
mixed-exceptions,ORDER,SYNTH-ORDER-000171,,SYNTH-INT-000171,SYNTH-PROC-000171,,MATCHED,L1_EXACT_ORDER_MATCH,0.0,"Merchant order ID, currency, gross amount and configured processor fee all match."
mixed-exceptions,ORDER,SYNTH-ORDER-000172,,SYNTH-INT-000172,SYNTH-PROC-000172,,MATCHED,L1_EXACT_ORDER_MATCH,0.0,"Merchant order ID, currency, gross amount and configured processor fee all match."
mixed-exceptions,ORDER,SYNTH-ORDER-000173,,SYNTH-INT-000173,SYNTH-PROC-000173,,MATCHED,L1_EXACT_ORDER_MATCH,0.0,"Merchant order ID, currency, gross amount and configured processor fee all match."
mixed-exceptions,ORDER,SYNTH-ORDER-000174,,SYNTH-INT-000174,SYNTH-PROC-000174,,MATCHED,L1_EXACT_ORDER_MATCH,0.0,"Merchant order ID, currency, gross amount and configured processor fee all match."
mixed-exceptions,ORDER,SYNTH-ORDER-000175,,SYNTH-INT-000175,SYNTH-PROC-000175,,DUPLICATE_PROCESSOR,L1_DUPLICATE_PROCESSOR,,More than one processor row uses the same processor transaction identifier.
mixed-exceptions,ORDER,SYNTH-ORDER-000176,,SYNTH-INT-000176,SYNTH-PROC-000176,,FEE_MISMATCH,L1_CONFIGURED_FEE_POLICY,0.37,The processor fee differs from the configured percentage-plus-fixed fee policy.
mixed-exceptions,ORDER,SYNTH-ORDER-000177,,SYNTH-INT-000177,SYNTH-PROC-000177,,MATCHED,L1_EXACT_ORDER_MATCH,0.0,"Merchant order ID, currency, gross amount and configured processor fee all match."
mixed-exceptions,ORDER,SYNTH-ORDER-000178,,SYNTH-INT-000178,SYNTH-PROC-000178,,MATCHED,L1_EXACT_ORDER_MATCH,0.0,"Merchant order ID, currency, gross amount and configured processor fee all match."
mixed-exceptions,ORDER,SYNTH-ORDER-000179,,SYNTH-INT-000179,SYNTH-PROC-000179,,MATCHED,L1_EXACT_ORDER_MATCH,0.0,"Merchant order ID, currency, gross amount and configured processor fee all match."
mixed-exceptions,ORDER,SYNTH-ORDER-000180,,SYNTH-INT-000180,SYNTH-PROC-000180,,MATCHED,L1_EXACT_ORDER_MATCH,0.0,"Merchant order ID, currency, gross amount and configured processor fee all match."
mixed-exceptions,ORDER,SYNTH-ORDER-000181,,SYNTH-INT-000181,SYNTH-PROC-000181,,MATCHED,L1_EXACT_ORDER_MATCH,0.0,"Merchant order ID, currency, gross amount and configured processor fee all match."
mixed-exceptions,ORDER,SYNTH-ORDER-000182,,SYNTH-INT-000182,SYNTH-PROC-000182,,MATCHED,L1_EXACT_ORDER_MATCH,0.0,"Merchant order ID, currency, gross amount and configured processor fee all match."
mixed-exceptions,ORDER,SYNTH-ORDER-000183,,SYNTH-INT-000183,SYNTH-PROC-000183,,MATCHED,L1_EXACT_ORDER_MATCH,0.0,"Merchant order ID, currency, gross amount and configured processor fee all match."
mixed-exceptions,ORDER,SYNTH-ORDER-000184,,SYNTH-INT-000184,SYNTH-PROC-000184,,MATCHED,L1_EXACT_ORDER_MATCH,0.0,"Merchant order ID, currency, gross amount and configured processor fee all match."
mixed-exceptions,ORDER,SYNTH-ORDER-000185,,SYNTH-INT-000185,SYNTH-PROC-000185-REFUND,,REFUND_MATCHED,L1_FULL_REFUND_LINK,0.0,The refund is linked to its original payment and reverses the complete gross amount.
mixed-exceptions,ORDER,SYNTH-ORDER-000186,,SYNTH-INT-000186,SYNTH-PROC-000186,,MATCHED,L1_EXACT_ORDER_MATCH,0.0,"Merchant order ID, currency, gross amount and configured processor fee all match."
mixed-exceptions,ORDER,SYNTH-ORDER-000187,,SYNTH-INT-000187,SYNTH-PROC-000187,,MATCHED,L1_EXACT_ORDER_MATCH,0.0,"Merchant order ID, currency, gross amount and configured processor fee all match."
mixed-exceptions,ORDER,SYNTH-ORDER-000188,,SYNTH-INT-000188,SYNTH-PROC-000188,,MATCHED,L1_EXACT_ORDER_MATCH,0.0,"Merchant order ID, currency, gross amount and configured processor fee all match."
mixed-exceptions,ORDER,SYNTH-ORDER-000189,,SYNTH-INT-000189,SYNTH-PROC-000189,,MATCHED,L1_EXACT_ORDER_MATCH,0.0,"Merchant order ID, currency, gross amount and configured processor fee all match."
mixed-exceptions,ORDER,SYNTH-ORDER-000190,,SYNTH-INT-000190,SYNTH-PROC-000190-REFUND,,PARTIAL_REFUND,L1_PARTIAL_REFUND_LINK,439.32,The refund is linked to its original payment and reverses part of the gross amount.
mixed-exceptions,ORDER,SYNTH-ORDER-000191,,SYNTH-INT-000191,SYNTH-PROC-000191,,MATCHED,L1_EXACT_ORDER_MATCH,0.0,"Merchant order ID, currency, gross amount and configured processor fee all match."
mixed-exceptions,ORDER,SYNTH-ORDER-000192,,SYNTH-INT-000192,SYNTH-PROC-000192,,MATCHED,L1_EXACT_ORDER_MATCH,0.0,"Merchant order ID, currency, gross amount and configured processor fee all match."
mixed-exceptions,ORDER,SYNTH-ORDER-000193,,SYNTH-INT-000193,SYNTH-PROC-000193,,MATCHED,L1_EXACT_ORDER_MATCH,0.0,"Merchant order ID, currency, gross amount and configured processor fee all match."
mixed-exceptions,ORDER,SYNTH-ORDER-000194,,SYNTH-INT-000194,SYNTH-PROC-000194,,MATCHED,L1_EXACT_ORDER_MATCH,0.0,"Merchant order ID, currency, gross amount and configured processor fee all match."
mixed-exceptions,ORDER,SYNTH-ORDER-000195,,SYNTH-INT-000195,SYNTH-PROC-000195,,MATCHED,L1_EXACT_ORDER_MATCH,0.0,"Merchant order ID, currency, gross amount and configured processor fee all match."
mixed-exceptions,ORDER,SYNTH-ORDER-000196,,SYNTH-INT-000196,SYNTH-PROC-000196,,DUPLICATE_PROCESSOR,L1_DUPLICATE_PROCESSOR,,More than one processor row uses the same processor transaction identifier.
mixed-exceptions,ORDER,SYNTH-ORDER-000197,,SYNTH-INT-000197,SYNTH-PROC-000197,,MATCHED,L1_EXACT_ORDER_MATCH,0.0,"Merchant order ID, currency, gross amount and configured processor fee all match."
mixed-exceptions,ORDER,SYNTH-ORDER-000198,,SYNTH-INT-000198,SYNTH-PROC-000198,,MATCHED,L1_EXACT_ORDER_MATCH,0.0,"Merchant order ID, currency, gross amount and configured processor fee all match."
mixed-exceptions,ORDER,SYNTH-ORDER-000199,,SYNTH-INT-000199,SYNTH-PROC-000199,,MATCHED,L1_EXACT_ORDER_MATCH,0.0,"Merchant order ID, currency, gross amount and configured processor fee all match."
mixed-exceptions,ORDER,SYNTH-ORDER-000200,,SYNTH-INT-000200,SYNTH-PROC-000200,,MATCHED,L1_EXACT_ORDER_MATCH,0.0,"Merchant order ID, currency, gross amount and configured processor fee all match."
mixed-exceptions,ORDER,SYNTH-ORDER-000201,,SYNTH-INT-000201,SYNTH-PROC-000201,,MATCHED,L1_EXACT_ORDER_MATCH,0.0,"Merchant order ID, currency, gross amount and configured processor fee all match."
mixed-exceptions,ORDER,SYNTH-ORDER-000202,,SYNTH-INT-000202,SYNTH-PROC-000202,,MATCHED,L1_EXACT_ORDER_MATCH,0.0,"Merchant order ID, currency, gross amount and configured processor fee all match."
mixed-exceptions,ORDER,SYNTH-ORDER-000203,,SYNTH-INT-000203,SYNTH-PROC-000203,,MATCHED,L1_EXACT_ORDER_MATCH,0.0,"Merchant order ID, currency, gross amount and configured processor fee all match."
mixed-exceptions,ORDER,SYNTH-ORDER-000204,,SYNTH-INT-000204,SYNTH-PROC-000204,,MATCHED,L1_EXACT_ORDER_MATCH,0.0,"Merchant order ID, currency, gross amount and configured processor fee all match."
mixed-exceptions,ORDER,SYNTH-ORDER-000205,,SYNTH-INT-000205,SYNTH-PROC-000205-REFUND,,REFUND_MATCHED,L1_FULL_REFUND_LINK,0.0,The refund is linked to its original payment and reverses the complete gross amount.
mixed-exceptions,ORDER,SYNTH-ORDER-000206,,SYNTH-INT-000206,SYNTH-PROC-000206,,MATCHED,L1_EXACT_ORDER_MATCH,0.0,"Merchant order ID, currency, gross amount and configured processor fee all match."
mixed-exceptions,ORDER,SYNTH-ORDER-000207,,SYNTH-INT-000207,SYNTH-PROC-000207,,MATCHED,L1_EXACT_ORDER_MATCH,0.0,"Merchant order ID, currency, gross amount and configured processor fee all match."
mixed-exceptions,ORDER,SYNTH-ORDER-000208,,SYNTH-INT-000208,SYNTH-PROC-000208,,MATCHED,L1_EXACT_ORDER_MATCH,0.0,"Merchant order ID, currency, gross amount and configured processor fee all match."
mixed-exceptions,ORDER,SYNTH-ORDER-000209,,SYNTH-INT-000209,SYNTH-PROC-000209,,MATCHED,L1_EXACT_ORDER_MATCH,0.0,"Merchant order ID, currency, gross amount and configured processor fee all match."
mixed-exceptions,ORDER,SYNTH-ORDER-000210,,SYNTH-INT-000210,SYNTH-PROC-000210,,MATCHED,L1_EXACT_ORDER_MATCH,0.0,"Merchant order ID, currency, gross amount and configured processor fee all match."
mixed-exceptions,ORDER,SYNTH-ORDER-000211,,SYNTH-INT-000211,SYNTH-PROC-000211,,MATCHED,L1_EXACT_ORDER_MATCH,0.0,"Merchant order ID, currency, gross amount and configured processor fee all match."
mixed-exceptions,ORDER,SYNTH-ORDER-000212,,SYNTH-INT-000212,SYNTH-PROC-000212,,MATCHED,L1_EXACT_ORDER_MATCH,0.0,"Merchant order ID, currency, gross amount and configured processor fee all match."
mixed-exceptions,ORDER,SYNTH-ORDER-000213,,SYNTH-INT-000213,SYNTH-PROC-000213-REFUND,,REFUND_MATCHED,L1_FULL_REFUND_LINK,0.0,The refund is linked to its original payment and reverses the complete gross amount.
mixed-exceptions,ORDER,SYNTH-ORDER-000214,,SYNTH-INT-000214,SYNTH-PROC-000214,,MATCHED,L1_EXACT_ORDER_MATCH,0.0,"Merchant order ID, currency, gross amount and configured processor fee all match."
mixed-exceptions,ORDER,SYNTH-ORDER-000215,,SYNTH-INT-000215,SYNTH-PROC-000215,,MATCHED,L1_EXACT_ORDER_MATCH,0.0,"Merchant order ID, currency, gross amount and configured processor fee all match."
mixed-exceptions,ORDER,SYNTH-ORDER-000216,,SYNTH-INT-000216,SYNTH-PROC-000216,,MATCHED,L1_EXACT_ORDER_MATCH,0.0,"Merchant order ID, currency, gross amount and configured processor fee all match."
mixed-exceptions,ORDER,SYNTH-ORDER-000217,,SYNTH-INT-000217,SYNTH-PROC-000217,,MATCHED,L1_EXACT_ORDER_MATCH,0.0,"Merchant order ID, currency, gross amount and configured processor fee all match."
mixed-exceptions,ORDER,SYNTH-ORDER-000218,,SYNTH-INT-000218,SYNTH-PROC-000218,,MATCHED,L1_EXACT_ORDER_MATCH,0.0,"Merchant order ID, currency, gross amount and configured processor fee all match."
mixed-exceptions,ORDER,SYNTH-ORDER-000219,,SYNTH-INT-000219,SYNTH-PROC-000219,,MATCHED,L1_EXACT_ORDER_MATCH,0.0,"Merchant order ID, currency, gross amount and configured processor fee all match."
mixed-exceptions,ORDER,SYNTH-ORDER-000220,,SYNTH-INT-000220,SYNTH-PROC-000220,,MATCHED,L1_EXACT_ORDER_MATCH,0.0,"Merchant order ID, currency, gross amount and configured processor fee all match."
mixed-exceptions,ORDER,SYNTH-ORDER-000221,,SYNTH-INT-000221,SYNTH-PROC-000221,,MATCHED,L1_EXACT_ORDER_MATCH,0.0,"Merchant order ID, currency, gross amount and configured processor fee all match."
mixed-exceptions,ORDER,SYNTH-ORDER-000222,,SYNTH-INT-000222,SYNTH-PROC-000222,,MATCHED,L1_EXACT_ORDER_MATCH,0.0,"Merchant order ID, currency, gross amount and configured processor fee all match."
mixed-exceptions,ORDER,SYNTH-ORDER-000223,,SYNTH-INT-000223,SYNTH-PROC-000223,,MATCHED,L1_EXACT_ORDER_MATCH,0.0,"Merchant order ID, currency, gross amount and configured processor fee all match."
mixed-exceptions,ORDER,SYNTH-ORDER-000224,,SYNTH-INT-000224,SYNTH-PROC-000224-REFUND,,REFUND_MATCHED,L1_FULL_REFUND_LINK,0.0,The refund is linked to its original payment and reverses the complete gross amount.
mixed-exceptions,ORDER,SYNTH-ORDER-000225,,SYNTH-INT-000225,SYNTH-PROC-000225,,MATCHED,L1_EXACT_ORDER_MATCH,0.0,"Merchant order ID, currency, gross amount and configured processor fee all match."
mixed-exceptions,ORDER,SYNTH-ORDER-000226,,SYNTH-INT-000226,SYNTH-PROC-000226,,MATCHED,L1_EXACT_ORDER_MATCH,0.0,"Merchant order ID, currency, gross amount and configured processor fee all match."
mixed-exceptions,ORDER,SYNTH-ORDER-000227,,SYNTH-INT-000227,,,MISSING_PROCESSOR,L1_MISSING_PROCESSOR,1454.17,The internal payment has no processor transaction with the same merchant order ID.
mixed-exceptions,ORDER,SYNTH-ORDER-000228,,SYNTH-INT-000228,SYNTH-PROC-000228,,MATCHED,L1_EXACT_ORDER_MATCH,0.0,"Merchant order ID, currency, gross amount and configured processor fee all match."
mixed-exceptions,ORDER,SYNTH-ORDER-000229,,SYNTH-INT-000229,SYNTH-PROC-000229,,MATCHED,L1_EXACT_ORDER_MATCH,0.0,"Merchant order ID, currency, gross amount and configured processor fee all match."
mixed-exceptions,ORDER,SYNTH-ORDER-000230,,SYNTH-INT-000230,SYNTH-PROC-000230-REFUND,,PARTIAL_REFUND,L1_PARTIAL_REFUND_LINK,714.93,The refund is linked to its original payment and reverses part of the gross amount.
mixed-exceptions,ORDER,SYNTH-ORDER-000231,,SYNTH-INT-000231,SYNTH-PROC-000231,,MATCHED,L1_EXACT_ORDER_MATCH,0.0,"Merchant order ID, currency, gross amount and configured processor fee all match."
mixed-exceptions,ORDER,SYNTH-ORDER-000232,,SYNTH-INT-000232,SYNTH-PROC-000232,,MATCHED,L1_EXACT_ORDER_MATCH,0.0,"Merchant order ID, currency, gross amount and configured processor fee all match."
mixed-exceptions,ORDER,SYNTH-ORDER-000233,,SYNTH-INT-000233,SYNTH-PROC-000233,,AMOUNT_MISMATCH,L1_GROSS_AMOUNT_EQUALITY,1.11,The processor gross amount differs from the internal ledger amount.
mixed-exceptions,ORDER,SYNTH-ORDER-000234,,SYNTH-INT-000234,SYNTH-PROC-000234,,DUPLICATE_PROCESSOR,L1_DUPLICATE_PROCESSOR,,More than one processor row uses the same processor transaction identifier.
mixed-exceptions,ORDER,SYNTH-ORDER-000235,,SYNTH-INT-000235,SYNTH-PROC-000235,,MATCHED,L1_EXACT_ORDER_MATCH,0.0,"Merchant order ID, currency, gross amount and configured processor fee all match."
mixed-exceptions,ORDER,SYNTH-ORDER-000236,,SYNTH-INT-000236,SYNTH-PROC-000236,,MATCHED,L1_EXACT_ORDER_MATCH,0.0,"Merchant order ID, currency, gross amount and configured processor fee all match."
mixed-exceptions,ORDER,SYNTH-ORDER-000237,,SYNTH-INT-000237,SYNTH-PROC-000237,,MATCHED,L1_EXACT_ORDER_MATCH,0.0,"Merchant order ID, currency, gross amount and configured processor fee all match."
mixed-exceptions,ORDER,SYNTH-ORDER-000238,,SYNTH-INT-000238,SYNTH-PROC-000238,,MATCHED,L1_EXACT_ORDER_MATCH,0.0,"Merchant order ID, currency, gross amount and configured processor fee all match."
mixed-exceptions,ORDER,SYNTH-ORDER-000239,,SYNTH-INT-000239,SYNTH-PROC-000239,,MATCHED,L1_EXACT_ORDER_MATCH,0.0,"Merchant order ID, currency, gross amount and configured processor fee all match."
mixed-exceptions,ORDER,SYNTH-ORDER-000240,,SYNTH-INT-000240,SYNTH-PROC-000240,,MATCHED,L1_EXACT_ORDER_MATCH,0.0,"Merchant order ID, currency, gross amount and configured processor fee all match."
mixed-exceptions,ORDER,SYNTH-ORDER-000241,,SYNTH-INT-000241,SYNTH-PROC-000241,,MATCHED,L1_EXACT_ORDER_MATCH,0.0,"Merchant order ID, currency, gross amount and configured processor fee all match."
mixed-exceptions,ORDER,SYNTH-ORDER-000242,,SYNTH-INT-000242,SYNTH-PROC-000242,,FEE_MISMATCH,L1_CONFIGURED_FEE_POLICY,0.37,The processor fee differs from the configured percentage-plus-fixed fee policy.
mixed-exceptions,ORDER,SYNTH-ORDER-000243,,SYNTH-INT-000243,SYNTH-PROC-000243,,MATCHED,L1_EXACT_ORDER_MATCH,0.0,"Merchant order ID, currency, gross amount and configured processor fee all match."
mixed-exceptions,ORDER,SYNTH-ORDER-000244,,SYNTH-INT-000244,SYNTH-PROC-000244,,MATCHED,L1_EXACT_ORDER_MATCH,0.0,"Merchant order ID, currency, gross amount and configured processor fee all match."
mixed-exceptions,ORDER,SYNTH-ORDER-000245,,SYNTH-INT-000245,SYNTH-PROC-000245,,MATCHED,L1_EXACT_ORDER_MATCH,0.0,"Merchant order ID, currency, gross amount and configured processor fee all match."
mixed-exceptions,ORDER,SYNTH-ORDER-000246,,SYNTH-INT-000246,SYNTH-PROC-000246,,MATCHED,L1_EXACT_ORDER_MATCH,0.0,"Merchant order ID, currency, gross amount and configured processor fee all match."
mixed-exceptions,ORDER,SYNTH-ORDER-000247,,SYNTH-INT-000247,SYNTH-PROC-000247,,MATCHED,L1_EXACT_ORDER_MATCH,0.0,"Merchant order ID, currency, gross amount and configured processor fee all match."
mixed-exceptions,ORDER,SYNTH-ORDER-000248,,SYNTH-INT-000248,SYNTH-PROC-000248,,MATCHED,L1_EXACT_ORDER_MATCH,0.0,"Merchant order ID, currency, gross amount and configured processor fee all match."
mixed-exceptions,ORDER,SYNTH-ORDER-000249,,SYNTH-INT-000249,SYNTH-PROC-000249,,MATCHED,L1_EXACT_ORDER_MATCH,0.0,"Merchant order ID, currency, gross amount and configured processor fee all match."
mixed-exceptions,ORDER,SYNTH-ORDER-000250,,SYNTH-INT-000250,SYNTH-PROC-000250,,MATCHED,L1_EXACT_ORDER_MATCH,0.0,"Merchant order ID, currency, gross amount and configured processor fee all match."
mixed-exceptions,ORDER,SYNTH-ORDER-000251,,SYNTH-INT-000251,SYNTH-PROC-000251,,MATCHED,L1_EXACT_ORDER_MATCH,0.0,"Merchant order ID, currency, gross amount and configured processor fee all match."
mixed-exceptions,ORDER,SYNTH-ORDER-000252,,SYNTH-INT-000252,SYNTH-PROC-000252,,MATCHED,L1_EXACT_ORDER_MATCH,0.0,"Merchant order ID, currency, gross amount and configured processor fee all match."
mixed-exceptions,ORDER,SYNTH-ORDER-000253,,SYNTH-INT-000253,SYNTH-PROC-000253,,FEE_MISMATCH,L1_CONFIGURED_FEE_POLICY,0.37,The processor fee differs from the configured percentage-plus-fixed fee policy.
mixed-exceptions,ORDER,SYNTH-ORDER-000254,,SYNTH-INT-000254,SYNTH-PROC-000254,,MATCHED,L1_EXACT_ORDER_MATCH,0.0,"Merchant order ID, currency, gross amount and configured processor fee all match."
mixed-exceptions,ORDER,SYNTH-ORDER-000255,,SYNTH-INT-000255,SYNTH-PROC-000255,,MATCHED,L1_EXACT_ORDER_MATCH,0.0,"Merchant order ID, currency, gross amount and configured processor fee all match."
mixed-exceptions,ORDER,SYNTH-ORDER-000256,,SYNTH-INT-000256,SYNTH-PROC-000256,,MATCHED,L1_EXACT_ORDER_MATCH,0.0,"Merchant order ID, currency, gross amount and configured processor fee all match."
mixed-exceptions,ORDER,SYNTH-ORDER-000257,,SYNTH-INT-000257,SYNTH-PROC-000257,,MATCHED,L1_EXACT_ORDER_MATCH,0.0,"Merchant order ID, currency, gross amount and configured processor fee all match."
mixed-exceptions,ORDER,SYNTH-ORDER-000258,,SYNTH-INT-000258,SYNTH-PROC-000258,,DUPLICATE_PROCESSOR,L1_DUPLICATE_PROCESSOR,,More than one processor row uses the same processor transaction identifier.
mixed-exceptions,ORDER,SYNTH-ORDER-000259,,SYNTH-INT-000259,SYNTH-PROC-000259,,MATCHED,L1_EXACT_ORDER_MATCH,0.0,"Merchant order ID, currency, gross amount and configured processor fee all match."
mixed-exceptions,ORDER,SYNTH-ORDER-000260,,SYNTH-INT-000260,SYNTH-PROC-000260,,MATCHED,L1_EXACT_ORDER_MATCH,0.0,"Merchant order ID, currency, gross amount and configured processor fee all match."
mixed-exceptions,ORDER,SYNTH-ORDER-000261,,SYNTH-INT-000261,SYNTH-PROC-000261-REFUND,,REFUND_MATCHED,L1_FULL_REFUND_LINK,0.0,The refund is linked to its original payment and reverses the complete gross amount.
mixed-exceptions,ORDER,SYNTH-ORDER-000262,,SYNTH-INT-000262,SYNTH-PROC-000262,,MATCHED,L1_EXACT_ORDER_MATCH,0.0,"Merchant order ID, currency, gross amount and configured processor fee all match."
mixed-exceptions,ORDER,SYNTH-ORDER-000263,,SYNTH-INT-000263,SYNTH-PROC-000263,,MATCHED,L1_EXACT_ORDER_MATCH,0.0,"Merchant order ID, currency, gross amount and configured processor fee all match."
mixed-exceptions,ORDER,SYNTH-ORDER-000264,,SYNTH-INT-000264,SYNTH-PROC-000264-REFUND,,PARTIAL_REFUND,L1_PARTIAL_REFUND_LINK,474.78,The refund is linked to its original payment and reverses part of the gross amount.
mixed-exceptions,ORDER,SYNTH-ORDER-000265,,SYNTH-INT-000265,SYNTH-PROC-000265,,MATCHED,L1_EXACT_ORDER_MATCH,0.0,"Merchant order ID, currency, gross amount and configured processor fee all match."
mixed-exceptions,ORDER,SYNTH-ORDER-000266,,SYNTH-INT-000266,SYNTH-PROC-000266,,MATCHED,L1_EXACT_ORDER_MATCH,0.0,"Merchant order ID, currency, gross amount and configured processor fee all match."
mixed-exceptions,ORDER,SYNTH-ORDER-000267,,SYNTH-INT-000267,SYNTH-PROC-000267,,MATCHED,L1_EXACT_ORDER_MATCH,0.0,"Merchant order ID, currency, gross amount and configured processor fee all match."
mixed-exceptions,ORDER,SYNTH-ORDER-000268,,SYNTH-INT-000268,SYNTH-PROC-000268,,MATCHED,L1_EXACT_ORDER_MATCH,0.0,"Merchant order ID, currency, gross amount and configured processor fee all match."
mixed-exceptions,ORDER,SYNTH-ORDER-000269,,SYNTH-INT-000269,SYNTH-PROC-000269,,MATCHED,L1_EXACT_ORDER_MATCH,0.0,"Merchant order ID, currency, gross amount and configured processor fee all match."
mixed-exceptions,ORDER,SYNTH-ORDER-000270,,SYNTH-INT-000270,SYNTH-PROC-000270,,MATCHED,L1_EXACT_ORDER_MATCH,0.0,"Merchant order ID, currency, gross amount and configured processor fee all match."
mixed-exceptions,ORDER,SYNTH-ORDER-000271,,SYNTH-INT-000271,SYNTH-PROC-000271,,MATCHED,L1_EXACT_ORDER_MATCH,0.0,"Merchant order ID, currency, gross amount and configured processor fee all match."
mixed-exceptions,ORDER,SYNTH-ORDER-000272,,SYNTH-INT-000272,SYNTH-PROC-000272,,MATCHED,L1_EXACT_ORDER_MATCH,0.0,"Merchant order ID, currency, gross amount and configured processor fee all match."
mixed-exceptions,ORDER,SYNTH-ORDER-000273,,SYNTH-INT-000273,SYNTH-PROC-000273,,AMBIGUOUS_MATCH,L1_AMBIGUOUS_CARDINALITY,,The merchant order ID maps to multiple distinct candidate records and requires operator review.
mixed-exceptions,ORDER,SYNTH-ORDER-000274,,SYNTH-INT-000274,SYNTH-PROC-000274,,MATCHED,L1_EXACT_ORDER_MATCH,0.0,"Merchant order ID, currency, gross amount and configured processor fee all match."
mixed-exceptions,ORDER,SYNTH-ORDER-000275,,SYNTH-INT-000275,SYNTH-PROC-000275,,MATCHED,L1_EXACT_ORDER_MATCH,0.0,"Merchant order ID, currency, gross amount and configured processor fee all match."
mixed-exceptions,ORDER,SYNTH-ORDER-000276,,SYNTH-INT-000276,SYNTH-PROC-000276,,MATCHED,L1_EXACT_ORDER_MATCH,0.0,"Merchant order ID, currency, gross amount and configured processor fee all match."
mixed-exceptions,ORDER,SYNTH-ORDER-000277,,SYNTH-INT-000277,SYNTH-PROC-000277,,MATCHED,L1_EXACT_ORDER_MATCH,0.0,"Merchant order ID, currency, gross amount and configured processor fee all match."
mixed-exceptions,ORDER,SYNTH-ORDER-000278,,SYNTH-INT-000278,SYNTH-PROC-000278,,MATCHED,L1_EXACT_ORDER_MATCH,0.0,"Merchant order ID, currency, gross amount and configured processor fee all match."
mixed-exceptions,ORDER,SYNTH-ORDER-000279,,SYNTH-INT-000279,SYNTH-PROC-000279,,MATCHED,L1_EXACT_ORDER_MATCH,0.0,"Merchant order ID, currency, gross amount and configured processor fee all match."
mixed-exceptions,ORDER,SYNTH-ORDER-000280,,SYNTH-INT-000280,SYNTH-PROC-000280,,MATCHED,L1_EXACT_ORDER_MATCH,0.0,"Merchant order ID, currency, gross amount and configured processor fee all match."
mixed-exceptions,ORDER,SYNTH-ORDER-000281,,SYNTH-INT-000281,SYNTH-PROC-000281,,MATCHED,L1_EXACT_ORDER_MATCH,0.0,"Merchant order ID, currency, gross amount and configured processor fee all match."
mixed-exceptions,ORDER,SYNTH-ORDER-000282,,SYNTH-INT-000282,SYNTH-PROC-000282,,MATCHED,L1_EXACT_ORDER_MATCH,0.0,"Merchant order ID, currency, gross amount and configured processor fee all match."
mixed-exceptions,ORDER,SYNTH-ORDER-000283,,SYNTH-INT-000283,SYNTH-PROC-000283,,MATCHED,L1_EXACT_ORDER_MATCH,0.0,"Merchant order ID, currency, gross amount and configured processor fee all match."
mixed-exceptions,ORDER,SYNTH-ORDER-000284,,SYNTH-INT-000284,SYNTH-PROC-000284,,MATCHED,L1_EXACT_ORDER_MATCH,0.0,"Merchant order ID, currency, gross amount and configured processor fee all match."
mixed-exceptions,ORDER,SYNTH-ORDER-000285,,SYNTH-INT-000285,SYNTH-PROC-000285,,AMBIGUOUS_MATCH,L1_AMBIGUOUS_CARDINALITY,,The merchant order ID maps to multiple distinct candidate records and requires operator review.
mixed-exceptions,ORDER,SYNTH-ORDER-000286,,SYNTH-INT-000286,SYNTH-PROC-000286,,MATCHED,L1_EXACT_ORDER_MATCH,0.0,"Merchant order ID, currency, gross amount and configured processor fee all match."
mixed-exceptions,ORDER,SYNTH-ORDER-000287,,SYNTH-INT-000287,SYNTH-PROC-000287,,MATCHED,L1_EXACT_ORDER_MATCH,0.0,"Merchant order ID, currency, gross amount and configured processor fee all match."
mixed-exceptions,ORDER,SYNTH-ORDER-000288,,SYNTH-INT-000288,SYNTH-PROC-000288,,MATCHED,L1_EXACT_ORDER_MATCH,0.0,"Merchant order ID, currency, gross amount and configured processor fee all match."
mixed-exceptions,ORDER,SYNTH-ORDER-000289,,SYNTH-INT-000289,SYNTH-PROC-000289,,MATCHED,L1_EXACT_ORDER_MATCH,0.0,"Merchant order ID, currency, gross amount and configured processor fee all match."
mixed-exceptions,ORDER,SYNTH-ORDER-000290,,SYNTH-INT-000290,SYNTH-PROC-000290,,MATCHED,L1_EXACT_ORDER_MATCH,0.0,"Merchant order ID, currency, gross amount and configured processor fee all match."
mixed-exceptions,ORDER,SYNTH-ORDER-000291,,SYNTH-INT-000291,SYNTH-PROC-000291,,MATCHED,L1_EXACT_ORDER_MATCH,0.0,"Merchant order ID, currency, gross amount and configured processor fee all match."
mixed-exceptions,ORDER,SYNTH-ORDER-000292,,SYNTH-INT-000292,SYNTH-PROC-000292,,MATCHED,L1_EXACT_ORDER_MATCH,0.0,"Merchant order ID, currency, gross amount and configured processor fee all match."
mixed-exceptions,ORDER,SYNTH-ORDER-000293,,SYNTH-INT-000293,SYNTH-PROC-000293,,MATCHED,L1_EXACT_ORDER_MATCH,0.0,"Merchant order ID, currency, gross amount and configured processor fee all match."
mixed-exceptions,ORDER,SYNTH-ORDER-000294,,SYNTH-INT-000294,SYNTH-PROC-000294,,MATCHED,L1_EXACT_ORDER_MATCH,0.0,"Merchant order ID, currency, gross amount and configured processor fee all match."
mixed-exceptions,ORDER,SYNTH-ORDER-000295,,SYNTH-INT-000295,SYNTH-PROC-000295-REFUND,,REFUND_MATCHED,L1_FULL_REFUND_LINK,0.0,The refund is linked to its original payment and reverses the complete gross amount.
mixed-exceptions,ORDER,SYNTH-ORDER-000296,,SYNTH-INT-000296,SYNTH-PROC-000296,,MATCHED,L1_EXACT_ORDER_MATCH,0.0,"Merchant order ID, currency, gross amount and configured processor fee all match."
mixed-exceptions,ORDER,SYNTH-ORDER-000297,,SYNTH-INT-000297,SYNTH-PROC-000297,,MATCHED,L1_EXACT_ORDER_MATCH,0.0,"Merchant order ID, currency, gross amount and configured processor fee all match."
mixed-exceptions,ORDER,SYNTH-ORDER-000298,,SYNTH-INT-000298,SYNTH-PROC-000298,,MATCHED,L1_EXACT_ORDER_MATCH,0.0,"Merchant order ID, currency, gross amount and configured processor fee all match."
mixed-exceptions,ORDER,SYNTH-ORDER-000299,,SYNTH-INT-000299,SYNTH-PROC-000299,,MATCHED,L1_EXACT_ORDER_MATCH,0.0,"Merchant order ID, currency, gross amount and configured processor fee all match."
mixed-exceptions,ORDER,SYNTH-ORDER-000300,,SYNTH-INT-000300,SYNTH-PROC-000300,,MATCHED,L1_EXACT_ORDER_MATCH,0.0,"Merchant order ID, currency, gross amount and configured processor fee all match."
mixed-exceptions,ORDER,SYNTH-ORDER-000301,,SYNTH-INT-000301,SYNTH-PROC-000301,,DUPLICATE_PROCESSOR,L1_DUPLICATE_PROCESSOR,,More than one processor row uses the same processor transaction identifier.
mixed-exceptions,ORDER,SYNTH-ORDER-000302,,SYNTH-INT-000302,SYNTH-PROC-000302,,MATCHED,L1_EXACT_ORDER_MATCH,0.0,"Merchant order ID, currency, gross amount and configured processor fee all match."
mixed-exceptions,ORDER,SYNTH-ORDER-000303,,SYNTH-INT-000303,SYNTH-PROC-000303,,DUPLICATE_PROCESSOR,L1_DUPLICATE_PROCESSOR,,More than one processor row uses the same processor transaction identifier.
mixed-exceptions,ORDER,SYNTH-ORDER-000304,,SYNTH-INT-000304,SYNTH-PROC-000304,,MATCHED,L1_EXACT_ORDER_MATCH,0.0,"Merchant order ID, currency, gross amount and configured processor fee all match."
mixed-exceptions,ORDER,SYNTH-ORDER-000305,,SYNTH-INT-000305,SYNTH-PROC-000305,,MATCHED,L1_EXACT_ORDER_MATCH,0.0,"Merchant order ID, currency, gross amount and configured processor fee all match."
mixed-exceptions,ORDER,SYNTH-ORDER-000306,,SYNTH-INT-000306,SYNTH-PROC-000306,,MATCHED,L1_EXACT_ORDER_MATCH,0.0,"Merchant order ID, currency, gross amount and configured processor fee all match."
mixed-exceptions,ORDER,SYNTH-ORDER-000307,,SYNTH-INT-000307,SYNTH-PROC-000307,,MATCHED,L1_EXACT_ORDER_MATCH,0.0,"Merchant order ID, currency, gross amount and configured processor fee all match."
mixed-exceptions,ORDER,SYNTH-ORDER-000308,,SYNTH-INT-000308,SYNTH-PROC-000308,,MATCHED,L1_EXACT_ORDER_MATCH,0.0,"Merchant order ID, currency, gross amount and configured processor fee all match."
mixed-exceptions,ORDER,SYNTH-ORDER-000309,,SYNTH-INT-000309,SYNTH-PROC-000309,,MATCHED,L1_EXACT_ORDER_MATCH,0.0,"Merchant order ID, currency, gross amount and configured processor fee all match."
mixed-exceptions,ORDER,SYNTH-ORDER-000310,,SYNTH-INT-000310,SYNTH-PROC-000310,,MATCHED,L1_EXACT_ORDER_MATCH,0.0,"Merchant order ID, currency, gross amount and configured processor fee all match."
mixed-exceptions,ORDER,SYNTH-ORDER-000311,,SYNTH-INT-000311,SYNTH-PROC-000311,,MATCHED,L1_EXACT_ORDER_MATCH,0.0,"Merchant order ID, currency, gross amount and configured processor fee all match."
mixed-exceptions,ORDER,SYNTH-ORDER-000312,,SYNTH-INT-000312,SYNTH-PROC-000312,,MATCHED,L1_EXACT_ORDER_MATCH,0.0,"Merchant order ID, currency, gross amount and configured processor fee all match."
mixed-exceptions,ORDER,SYNTH-ORDER-000313,,SYNTH-INT-000313,SYNTH-PROC-000313,,MATCHED,L1_EXACT_ORDER_MATCH,0.0,"Merchant order ID, currency, gross amount and configured processor fee all match."
mixed-exceptions,ORDER,SYNTH-ORDER-000314,,SYNTH-INT-000314,SYNTH-PROC-000314,,MATCHED,L1_EXACT_ORDER_MATCH,0.0,"Merchant order ID, currency, gross amount and configured processor fee all match."
mixed-exceptions,ORDER,SYNTH-ORDER-000315,,SYNTH-INT-000315,SYNTH-PROC-000315,,MATCHED,L1_EXACT_ORDER_MATCH,0.0,"Merchant order ID, currency, gross amount and configured processor fee all match."
mixed-exceptions,ORDER,SYNTH-ORDER-000316,,SYNTH-INT-000316,SYNTH-PROC-000316,,MATCHED,L1_EXACT_ORDER_MATCH,0.0,"Merchant order ID, currency, gross amount and configured processor fee all match."
mixed-exceptions,ORDER,SYNTH-ORDER-000317,,SYNTH-INT-000317,SYNTH-PROC-000317,,MATCHED,L1_EXACT_ORDER_MATCH,0.0,"Merchant order ID, currency, gross amount and configured processor fee all match."
mixed-exceptions,ORDER,SYNTH-ORDER-000318,,SYNTH-INT-000318,SYNTH-PROC-000318,,MATCHED,L1_EXACT_ORDER_MATCH,0.0,"Merchant order ID, currency, gross amount and configured processor fee all match."
mixed-exceptions,ORDER,SYNTH-ORDER-000319,,SYNTH-INT-000319,SYNTH-PROC-000319,,MATCHED,L1_EXACT_ORDER_MATCH,0.0,"Merchant order ID, currency, gross amount and configured processor fee all match."
mixed-exceptions,ORDER,SYNTH-ORDER-000320,,SYNTH-INT-000320,SYNTH-PROC-000320,,MATCHED,L1_EXACT_ORDER_MATCH,0.0,"Merchant order ID, currency, gross amount and configured processor fee all match."
mixed-exceptions,ORDER,SYNTH-ORDER-000321,,SYNTH-INT-000321,SYNTH-PROC-000321,,MATCHED,L1_EXACT_ORDER_MATCH,0.0,"Merchant order ID, currency, gross amount and configured processor fee all match."
mixed-exceptions,ORDER,SYNTH-ORDER-000322,,SYNTH-INT-000322,SYNTH-PROC-000322,,MATCHED,L1_EXACT_ORDER_MATCH,0.0,"Merchant order ID, currency, gross amount and configured processor fee all match."
mixed-exceptions,ORDER,SYNTH-ORDER-000323,,SYNTH-INT-000323,SYNTH-PROC-000323,,MATCHED,L1_EXACT_ORDER_MATCH,0.0,"Merchant order ID, currency, gross amount and configured processor fee all match."
mixed-exceptions,ORDER,SYNTH-ORDER-000324,,SYNTH-INT-000324,SYNTH-PROC-000324,,MATCHED,L1_EXACT_ORDER_MATCH,0.0,"Merchant order ID, currency, gross amount and configured processor fee all match."
mixed-exceptions,ORDER,SYNTH-ORDER-000325,,SYNTH-INT-000325,SYNTH-PROC-000325,,MATCHED,L1_EXACT_ORDER_MATCH,0.0,"Merchant order ID, currency, gross amount and configured processor fee all match."
mixed-exceptions,ORDER,SYNTH-ORDER-000326,,SYNTH-INT-000326,SYNTH-PROC-000326,,MATCHED,L1_EXACT_ORDER_MATCH,0.0,"Merchant order ID, currency, gross amount and configured processor fee all match."
mixed-exceptions,ORDER,SYNTH-ORDER-000327,,SYNTH-INT-000327,SYNTH-PROC-000327,,MATCHED,L1_EXACT_ORDER_MATCH,0.0,"Merchant order ID, currency, gross amount and configured processor fee all match."
mixed-exceptions,ORDER,SYNTH-ORDER-000328,,SYNTH-INT-000328,SYNTH-PROC-000328,,MATCHED,L1_EXACT_ORDER_MATCH,0.0,"Merchant order ID, currency, gross amount and configured processor fee all match."
mixed-exceptions,ORDER,SYNTH-ORDER-000329,,SYNTH-INT-000329,SYNTH-PROC-000329,,MATCHED,L1_EXACT_ORDER_MATCH,0.0,"Merchant order ID, currency, gross amount and configured processor fee all match."
mixed-exceptions,ORDER,SYNTH-ORDER-000330,,SYNTH-INT-000330,SYNTH-PROC-000330,,MATCHED,L1_EXACT_ORDER_MATCH,0.0,"Merchant order ID, currency, gross amount and configured processor fee all match."
mixed-exceptions,ORDER,SYNTH-ORDER-000331,,SYNTH-INT-000331,SYNTH-PROC-000331,,MATCHED,L1_EXACT_ORDER_MATCH,0.0,"Merchant order ID, currency, gross amount and configured processor fee all match."
mixed-exceptions,ORDER,SYNTH-ORDER-000332,,SYNTH-INT-000332,SYNTH-PROC-000332,,MATCHED,L1_EXACT_ORDER_MATCH,0.0,"Merchant order ID, currency, gross amount and configured processor fee all match."
mixed-exceptions,ORDER,SYNTH-ORDER-000333,,SYNTH-INT-000333,SYNTH-PROC-000333,,MATCHED,L1_EXACT_ORDER_MATCH,0.0,"Merchant order ID, currency, gross amount and configured processor fee all match."
mixed-exceptions,ORDER,SYNTH-ORDER-000334,,SYNTH-INT-000334,SYNTH-PROC-000334,,AMOUNT_MISMATCH,L1_GROSS_AMOUNT_EQUALITY,1.11,The processor gross amount differs from the internal ledger amount.
mixed-exceptions,ORDER,SYNTH-ORDER-000335,,SYNTH-INT-000335,,,MISSING_PROCESSOR,L1_MISSING_PROCESSOR,1717.52,The internal payment has no processor transaction with the same merchant order ID.
mixed-exceptions,ORDER,SYNTH-ORDER-000336,,SYNTH-INT-000336,SYNTH-PROC-000336,,MATCHED,L1_EXACT_ORDER_MATCH,0.0,"Merchant order ID, currency, gross amount and configured processor fee all match."
mixed-exceptions,ORDER,SYNTH-ORDER-000337,,SYNTH-INT-000337,SYNTH-PROC-000337,,AMOUNT_MISMATCH,L1_GROSS_AMOUNT_EQUALITY,1.11,The processor gross amount differs from the internal ledger amount.
mixed-exceptions,ORDER,SYNTH-ORDER-000338,,SYNTH-INT-000338,SYNTH-PROC-000338,,MATCHED,L1_EXACT_ORDER_MATCH,0.0,"Merchant order ID, currency, gross amount and configured processor fee all match."
mixed-exceptions,ORDER,SYNTH-ORDER-000339,,SYNTH-INT-000339,SYNTH-PROC-000339,,MATCHED,L1_EXACT_ORDER_MATCH,0.0,"Merchant order ID, currency, gross amount and configured processor fee all match."
mixed-exceptions,ORDER,SYNTH-ORDER-000340,,SYNTH-INT-000340,SYNTH-PROC-000340,,MATCHED,L1_EXACT_ORDER_MATCH,0.0,"Merchant order ID, currency, gross amount and configured processor fee all match."
mixed-exceptions,ORDER,SYNTH-ORDER-000341,,SYNTH-INT-000341,SYNTH-PROC-000341,,MATCHED,L1_EXACT_ORDER_MATCH,0.0,"Merchant order ID, currency, gross amount and configured processor fee all match."
mixed-exceptions,ORDER,SYNTH-ORDER-000342,,SYNTH-INT-000342,SYNTH-PROC-000342,,MATCHED,L1_EXACT_ORDER_MATCH,0.0,"Merchant order ID, currency, gross amount and configured processor fee all match."
mixed-exceptions,ORDER,SYNTH-ORDER-000343,,SYNTH-INT-000343,SYNTH-PROC-000343,,MATCHED,L1_EXACT_ORDER_MATCH,0.0,"Merchant order ID, currency, gross amount and configured processor fee all match."
mixed-exceptions,ORDER,SYNTH-ORDER-000344,,SYNTH-INT-000344,SYNTH-PROC-000344,,MATCHED,L1_EXACT_ORDER_MATCH,0.0,"Merchant order ID, currency, gross amount and configured processor fee all match."
mixed-exceptions,ORDER,SYNTH-ORDER-000345,,SYNTH-INT-000345,SYNTH-PROC-000345,,MATCHED,L1_EXACT_ORDER_MATCH,0.0,"Merchant order ID, currency, gross amount and configured processor fee all match."
mixed-exceptions,ORDER,SYNTH-ORDER-000346,,SYNTH-INT-000346,SYNTH-PROC-000346,,MATCHED,L1_EXACT_ORDER_MATCH,0.0,"Merchant order ID, currency, gross amount and configured processor fee all match."
mixed-exceptions,ORDER,SYNTH-ORDER-000347,,SYNTH-INT-000347,SYNTH-PROC-000347,,MATCHED,L1_EXACT_ORDER_MATCH,0.0,"Merchant order ID, currency, gross amount and configured processor fee all match."
mixed-exceptions,ORDER,SYNTH-ORDER-000348,,SYNTH-INT-000348,SYNTH-PROC-000348,,FEE_MISMATCH,L1_CONFIGURED_FEE_POLICY,0.37,The processor fee differs from the configured percentage-plus-fixed fee policy.
mixed-exceptions,ORDER,SYNTH-ORDER-000349,,SYNTH-INT-000349,SYNTH-PROC-000349,,MATCHED,L1_EXACT_ORDER_MATCH,0.0,"Merchant order ID, currency, gross amount and configured processor fee all match."
mixed-exceptions,ORDER,SYNTH-ORDER-000350,,SYNTH-INT-000350,SYNTH-PROC-000350-REFUND,,REFUND_MATCHED,L1_FULL_REFUND_LINK,0.0,The refund is linked to its original payment and reverses the complete gross amount.
mixed-exceptions,ORDER,SYNTH-ORDER-000351,,SYNTH-INT-000351,SYNTH-PROC-000351,,MATCHED,L1_EXACT_ORDER_MATCH,0.0,"Merchant order ID, currency, gross amount and configured processor fee all match."
mixed-exceptions,ORDER,SYNTH-ORDER-000352,,SYNTH-INT-000352,SYNTH-PROC-000352,,MATCHED,L1_EXACT_ORDER_MATCH,0.0,"Merchant order ID, currency, gross amount and configured processor fee all match."
mixed-exceptions,ORDER,SYNTH-ORDER-000353,,SYNTH-INT-000353,SYNTH-PROC-000353,,MATCHED,L1_EXACT_ORDER_MATCH,0.0,"Merchant order ID, currency, gross amount and configured processor fee all match."
mixed-exceptions,ORDER,SYNTH-ORDER-000354,,SYNTH-INT-000354,SYNTH-PROC-000354,,MATCHED,L1_EXACT_ORDER_MATCH,0.0,"Merchant order ID, currency, gross amount and configured processor fee all match."
mixed-exceptions,ORDER,SYNTH-ORDER-000355,,SYNTH-INT-000355,SYNTH-PROC-000355,,MATCHED,L1_EXACT_ORDER_MATCH,0.0,"Merchant order ID, currency, gross amount and configured processor fee all match."
mixed-exceptions,ORDER,SYNTH-ORDER-000356,,SYNTH-INT-000356,SYNTH-PROC-000356,,MATCHED,L1_EXACT_ORDER_MATCH,0.0,"Merchant order ID, currency, gross amount and configured processor fee all match."
mixed-exceptions,ORDER,SYNTH-ORDER-000357,,SYNTH-INT-000357,SYNTH-PROC-000357,,MATCHED,L1_EXACT_ORDER_MATCH,0.0,"Merchant order ID, currency, gross amount and configured processor fee all match."
mixed-exceptions,ORDER,SYNTH-ORDER-000358,,SYNTH-INT-000358,SYNTH-PROC-000358,,MATCHED,L1_EXACT_ORDER_MATCH,0.0,"Merchant order ID, currency, gross amount and configured processor fee all match."
mixed-exceptions,ORDER,SYNTH-ORDER-000359,,SYNTH-INT-000359,SYNTH-PROC-000359,,MATCHED,L1_EXACT_ORDER_MATCH,0.0,"Merchant order ID, currency, gross amount and configured processor fee all match."
mixed-exceptions,ORDER,SYNTH-ORDER-000360,,SYNTH-INT-000360,SYNTH-PROC-000360,,MATCHED,L1_EXACT_ORDER_MATCH,0.0,"Merchant order ID, currency, gross amount and configured processor fee all match."
mixed-exceptions,ORDER,SYNTH-ORDER-000361,,SYNTH-INT-000361,SYNTH-PROC-000361,,MATCHED,L1_EXACT_ORDER_MATCH,0.0,"Merchant order ID, currency, gross amount and configured processor fee all match."
mixed-exceptions,ORDER,SYNTH-ORDER-000362,,SYNTH-INT-000362,SYNTH-PROC-000362,,MATCHED,L1_EXACT_ORDER_MATCH,0.0,"Merchant order ID, currency, gross amount and configured processor fee all match."
mixed-exceptions,ORDER,SYNTH-ORDER-000363,,SYNTH-INT-000363,SYNTH-PROC-000363,,MATCHED,L1_EXACT_ORDER_MATCH,0.0,"Merchant order ID, currency, gross amount and configured processor fee all match."
mixed-exceptions,ORDER,SYNTH-ORDER-000364,,SYNTH-INT-000364,SYNTH-PROC-000364,,MATCHED,L1_EXACT_ORDER_MATCH,0.0,"Merchant order ID, currency, gross amount and configured processor fee all match."
mixed-exceptions,ORDER,SYNTH-ORDER-000365,,SYNTH-INT-000365,SYNTH-PROC-000365,,MATCHED,L1_EXACT_ORDER_MATCH,0.0,"Merchant order ID, currency, gross amount and configured processor fee all match."
mixed-exceptions,ORDER,SYNTH-ORDER-000366,,SYNTH-INT-000366,SYNTH-PROC-000366,,MATCHED,L1_EXACT_ORDER_MATCH,0.0,"Merchant order ID, currency, gross amount and configured processor fee all match."
mixed-exceptions,ORDER,SYNTH-ORDER-000367,,SYNTH-INT-000367,SYNTH-PROC-000367-REFUND,,PARTIAL_REFUND,L1_PARTIAL_REFUND_LINK,639.98,The refund is linked to its original payment and reverses part of the gross amount.
mixed-exceptions,ORDER,SYNTH-ORDER-000368,,SYNTH-INT-000368,SYNTH-PROC-000368,,MATCHED,L1_EXACT_ORDER_MATCH,0.0,"Merchant order ID, currency, gross amount and configured processor fee all match."
mixed-exceptions,ORDER,SYNTH-ORDER-000369,,SYNTH-INT-000369,SYNTH-PROC-000369,,MATCHED,L1_EXACT_ORDER_MATCH,0.0,"Merchant order ID, currency, gross amount and configured processor fee all match."
mixed-exceptions,ORDER,SYNTH-ORDER-000370,,SYNTH-INT-000370,SYNTH-PROC-000370,,MATCHED,L1_EXACT_ORDER_MATCH,0.0,"Merchant order ID, currency, gross amount and configured processor fee all match."
mixed-exceptions,ORDER,SYNTH-ORDER-000371,,SYNTH-INT-000371,SYNTH-PROC-000371,,MATCHED,L1_EXACT_ORDER_MATCH,0.0,"Merchant order ID, currency, gross amount and configured processor fee all match."
mixed-exceptions,ORDER,SYNTH-ORDER-000372,,SYNTH-INT-000372,SYNTH-PROC-000372,,MATCHED,L1_EXACT_ORDER_MATCH,0.0,"Merchant order ID, currency, gross amount and configured processor fee all match."
mixed-exceptions,ORDER,SYNTH-ORDER-000373,,SYNTH-INT-000373,SYNTH-PROC-000373,,MATCHED,L1_EXACT_ORDER_MATCH,0.0,"Merchant order ID, currency, gross amount and configured processor fee all match."
mixed-exceptions,ORDER,SYNTH-ORDER-000374,,SYNTH-INT-000374,SYNTH-PROC-000374,,MATCHED,L1_EXACT_ORDER_MATCH,0.0,"Merchant order ID, currency, gross amount and configured processor fee all match."
mixed-exceptions,ORDER,SYNTH-ORDER-000375,,SYNTH-INT-000375,SYNTH-PROC-000375,,MATCHED,L1_EXACT_ORDER_MATCH,0.0,"Merchant order ID, currency, gross amount and configured processor fee all match."
mixed-exceptions,ORDER,SYNTH-ORDER-000376,,SYNTH-INT-000376,SYNTH-PROC-000376,,MATCHED,L1_EXACT_ORDER_MATCH,0.0,"Merchant order ID, currency, gross amount and configured processor fee all match."
mixed-exceptions,ORDER,SYNTH-ORDER-000377,,SYNTH-INT-000377,SYNTH-PROC-000377,,MATCHED,L1_EXACT_ORDER_MATCH,0.0,"Merchant order ID, currency, gross amount and configured processor fee all match."
mixed-exceptions,ORDER,SYNTH-ORDER-000378,,SYNTH-INT-000378,SYNTH-PROC-000378,,CURRENCY_MISMATCH,L1_CURRENCY_EQUALITY,,Internal and processor currencies differ; amounts were not compared across currencies.
mixed-exceptions,ORDER,SYNTH-ORDER-000379,,SYNTH-INT-000379,SYNTH-PROC-000379,,MATCHED,L1_EXACT_ORDER_MATCH,0.0,"Merchant order ID, currency, gross amount and configured processor fee all match."
mixed-exceptions,ORDER,SYNTH-ORDER-000380,,SYNTH-INT-000380,SYNTH-PROC-000380,,MATCHED,L1_EXACT_ORDER_MATCH,0.0,"Merchant order ID, currency, gross amount and configured processor fee all match."
mixed-exceptions,ORDER,SYNTH-ORDER-000381,,SYNTH-INT-000381,SYNTH-PROC-000381,,MATCHED,L1_EXACT_ORDER_MATCH,0.0,"Merchant order ID, currency, gross amount and configured processor fee all match."
mixed-exceptions,ORDER,SYNTH-ORDER-000382,,SYNTH-INT-000382,SYNTH-PROC-000382-REFUND,,PARTIAL_REFUND,L1_PARTIAL_REFUND_LINK,847.58,The refund is linked to its original payment and reverses part of the gross amount.
mixed-exceptions,ORDER,SYNTH-ORDER-000383,,SYNTH-INT-000383,SYNTH-PROC-000383,,MATCHED,L1_EXACT_ORDER_MATCH,0.0,"Merchant order ID, currency, gross amount and configured processor fee all match."
mixed-exceptions,ORDER,SYNTH-ORDER-000384,,SYNTH-INT-000384,SYNTH-PROC-000384,,MATCHED,L1_EXACT_ORDER_MATCH,0.0,"Merchant order ID, currency, gross amount and configured processor fee all match."
mixed-exceptions,ORDER,SYNTH-ORDER-000385,,SYNTH-INT-000385,SYNTH-PROC-000385,,MATCHED,L1_EXACT_ORDER_MATCH,0.0,"Merchant order ID, currency, gross amount and configured processor fee all match."
mixed-exceptions,ORDER,SYNTH-ORDER-000386,,SYNTH-INT-000386,SYNTH-PROC-000386,,MATCHED,L1_EXACT_ORDER_MATCH,0.0,"Merchant order ID, currency, gross amount and configured processor fee all match."
mixed-exceptions,ORDER,SYNTH-ORDER-000387,,SYNTH-INT-000387,SYNTH-PROC-000387,,MATCHED,L1_EXACT_ORDER_MATCH,0.0,"Merchant order ID, currency, gross amount and configured processor fee all match."
mixed-exceptions,ORDER,SYNTH-ORDER-000388,,SYNTH-INT-000388,SYNTH-PROC-000388,,MATCHED,L1_EXACT_ORDER_MATCH,0.0,"Merchant order ID, currency, gross amount and configured processor fee all match."
mixed-exceptions,ORDER,SYNTH-ORDER-000389,,SYNTH-INT-000389,SYNTH-PROC-000389,,MATCHED,L1_EXACT_ORDER_MATCH,0.0,"Merchant order ID, currency, gross amount and configured processor fee all match."
mixed-exceptions,ORDER,SYNTH-ORDER-000390,,SYNTH-INT-000390,SYNTH-PROC-000390,,MATCHED,L1_EXACT_ORDER_MATCH,0.0,"Merchant order ID, currency, gross amount and configured processor fee all match."
mixed-exceptions,ORDER,SYNTH-ORDER-000391,,SYNTH-INT-000391,SYNTH-PROC-000391,,AMOUNT_MISMATCH,L1_GROSS_AMOUNT_EQUALITY,1.11,The processor gross amount differs from the internal ledger amount.
mixed-exceptions,ORDER,SYNTH-ORDER-000392,,SYNTH-INT-000392,SYNTH-PROC-000392,,MATCHED,L1_EXACT_ORDER_MATCH,0.0,"Merchant order ID, currency, gross amount and configured processor fee all match."
mixed-exceptions,ORDER,SYNTH-ORDER-000393,,SYNTH-INT-000393,SYNTH-PROC-000393,,MATCHED,L1_EXACT_ORDER_MATCH,0.0,"Merchant order ID, currency, gross amount and configured processor fee all match."
mixed-exceptions,ORDER,SYNTH-ORDER-000394,,SYNTH-INT-000394,SYNTH-PROC-000394,,MATCHED,L1_EXACT_ORDER_MATCH,0.0,"Merchant order ID, currency, gross amount and configured processor fee all match."
mixed-exceptions,ORDER,SYNTH-ORDER-000395,,SYNTH-INT-000395,SYNTH-PROC-000395,,MATCHED,L1_EXACT_ORDER_MATCH,0.0,"Merchant order ID, currency, gross amount and configured processor fee all match."
mixed-exceptions,ORDER,SYNTH-ORDER-000396,,SYNTH-INT-000396,SYNTH-PROC-000396,,DUPLICATE_INTERNAL,L1_DUPLICATE_INTERNAL,,More than one internal row uses the same internal payment identifier.
mixed-exceptions,ORDER,SYNTH-ORDER-000397,,SYNTH-INT-000397,SYNTH-PROC-000397,,MATCHED,L1_EXACT_ORDER_MATCH,0.0,"Merchant order ID, currency, gross amount and configured processor fee all match."
mixed-exceptions,ORDER,SYNTH-ORDER-000398,,SYNTH-INT-000398,SYNTH-PROC-000398,,MATCHED,L1_EXACT_ORDER_MATCH,0.0,"Merchant order ID, currency, gross amount and configured processor fee all match."
mixed-exceptions,ORDER,SYNTH-ORDER-000399,,SYNTH-INT-000399,SYNTH-PROC-000399,,MATCHED,L1_EXACT_ORDER_MATCH,0.0,"Merchant order ID, currency, gross amount and configured processor fee all match."
mixed-exceptions,ORDER,SYNTH-ORDER-000400,,SYNTH-INT-000400,SYNTH-PROC-000400-REFUND,,PARTIAL_REFUND,L1_PARTIAL_REFUND_LINK,42.48,The refund is linked to its original payment and reverses part of the gross amount.
mixed-exceptions,ORDER,SYNTH-ORDER-000401,,SYNTH-INT-000401,SYNTH-PROC-000401,,MATCHED,L1_EXACT_ORDER_MATCH,0.0,"Merchant order ID, currency, gross amount and configured processor fee all match."
mixed-exceptions,ORDER,SYNTH-ORDER-000402,,SYNTH-INT-000402,SYNTH-PROC-000402,,MATCHED,L1_EXACT_ORDER_MATCH,0.0,"Merchant order ID, currency, gross amount and configured processor fee all match."
mixed-exceptions,ORDER,SYNTH-ORDER-000403,,SYNTH-INT-000403,SYNTH-PROC-000403,,MATCHED,L1_EXACT_ORDER_MATCH,0.0,"Merchant order ID, currency, gross amount and configured processor fee all match."
mixed-exceptions,ORDER,SYNTH-ORDER-000404,,SYNTH-INT-000404,SYNTH-PROC-000404,,MATCHED,L1_EXACT_ORDER_MATCH,0.0,"Merchant order ID, currency, gross amount and configured processor fee all match."
mixed-exceptions,ORDER,SYNTH-ORDER-000405,,SYNTH-INT-000405,SYNTH-PROC-000405,,MATCHED,L1_EXACT_ORDER_MATCH,0.0,"Merchant order ID, currency, gross amount and configured processor fee all match."
mixed-exceptions,ORDER,SYNTH-ORDER-000406,,SYNTH-INT-000406,SYNTH-PROC-000406,,MATCHED,L1_EXACT_ORDER_MATCH,0.0,"Merchant order ID, currency, gross amount and configured processor fee all match."
mixed-exceptions,ORDER,SYNTH-ORDER-000407,,SYNTH-INT-000407,SYNTH-PROC-000407,,MATCHED,L1_EXACT_ORDER_MATCH,0.0,"Merchant order ID, currency, gross amount and configured processor fee all match."
mixed-exceptions,ORDER,SYNTH-ORDER-000408,,SYNTH-INT-000408,SYNTH-PROC-000408,,MATCHED,L1_EXACT_ORDER_MATCH,0.0,"Merchant order ID, currency, gross amount and configured processor fee all match."
mixed-exceptions,ORDER,SYNTH-ORDER-000409,,SYNTH-INT-000409,SYNTH-PROC-000409,,MATCHED,L1_EXACT_ORDER_MATCH,0.0,"Merchant order ID, currency, gross amount and configured processor fee all match."
mixed-exceptions,ORDER,SYNTH-ORDER-000410,,SYNTH-INT-000410,SYNTH-PROC-000410,,MATCHED,L1_EXACT_ORDER_MATCH,0.0,"Merchant order ID, currency, gross amount and configured processor fee all match."
mixed-exceptions,ORDER,SYNTH-ORDER-000411,,SYNTH-INT-000411,SYNTH-PROC-000411,,MATCHED,L1_EXACT_ORDER_MATCH,0.0,"Merchant order ID, currency, gross amount and configured processor fee all match."
mixed-exceptions,ORDER,SYNTH-ORDER-000412,,SYNTH-INT-000412,SYNTH-PROC-000412,,MATCHED,L1_EXACT_ORDER_MATCH,0.0,"Merchant order ID, currency, gross amount and configured processor fee all match."
mixed-exceptions,ORDER,SYNTH-ORDER-000413,,SYNTH-INT-000413,SYNTH-PROC-000413,,MATCHED,L1_EXACT_ORDER_MATCH,0.0,"Merchant order ID, currency, gross amount and configured processor fee all match."
mixed-exceptions,ORDER,SYNTH-ORDER-000414,,SYNTH-INT-000414,SYNTH-PROC-000414,,AMBIGUOUS_MATCH,L1_AMBIGUOUS_CARDINALITY,,The merchant order ID maps to multiple distinct candidate records and requires operator review.
mixed-exceptions,ORDER,SYNTH-ORDER-000415,,SYNTH-INT-000415,SYNTH-PROC-000415,,CURRENCY_MISMATCH,L1_CURRENCY_EQUALITY,,Internal and processor currencies differ; amounts were not compared across currencies.
mixed-exceptions,ORDER,SYNTH-ORDER-000416,,SYNTH-INT-000416,SYNTH-PROC-000416,,CURRENCY_MISMATCH,L1_CURRENCY_EQUALITY,,Internal and processor currencies differ; amounts were not compared across currencies.
mixed-exceptions,ORDER,SYNTH-ORDER-000417,,SYNTH-INT-000417,SYNTH-PROC-000417,,MATCHED,L1_EXACT_ORDER_MATCH,0.0,"Merchant order ID, currency, gross amount and configured processor fee all match."
mixed-exceptions,ORDER,SYNTH-ORDER-000418,,SYNTH-INT-000418,SYNTH-PROC-000418,,MATCHED,L1_EXACT_ORDER_MATCH,0.0,"Merchant order ID, currency, gross amount and configured processor fee all match."
mixed-exceptions,ORDER,SYNTH-ORDER-000419,,SYNTH-INT-000419,SYNTH-PROC-000419,,MATCHED,L1_EXACT_ORDER_MATCH,0.0,"Merchant order ID, currency, gross amount and configured processor fee all match."
mixed-exceptions,ORDER,SYNTH-ORDER-000420,,SYNTH-INT-000420,SYNTH-PROC-000420,,MATCHED,L1_EXACT_ORDER_MATCH,0.0,"Merchant order ID, currency, gross amount and configured processor fee all match."
mixed-exceptions,ORDER,SYNTH-ORDER-000421,,SYNTH-INT-000421,SYNTH-PROC-000421,,MATCHED,L1_EXACT_ORDER_MATCH,0.0,"Merchant order ID, currency, gross amount and configured processor fee all match."
mixed-exceptions,ORDER,SYNTH-ORDER-000422,,SYNTH-INT-000422,SYNTH-PROC-000422,,AMOUNT_MISMATCH,L1_GROSS_AMOUNT_EQUALITY,1.11,The processor gross amount differs from the internal ledger amount.
mixed-exceptions,ORDER,SYNTH-ORDER-000423,,SYNTH-INT-000423,SYNTH-PROC-000423,,MATCHED,L1_EXACT_ORDER_MATCH,0.0,"Merchant order ID, currency, gross amount and configured processor fee all match."
mixed-exceptions,ORDER,SYNTH-ORDER-000424,,SYNTH-INT-000424,SYNTH-PROC-000424,,MATCHED,L1_EXACT_ORDER_MATCH,0.0,"Merchant order ID, currency, gross amount and configured processor fee all match."
mixed-exceptions,ORDER,SYNTH-ORDER-000425,,SYNTH-INT-000425,SYNTH-PROC-000425,,MATCHED,L1_EXACT_ORDER_MATCH,0.0,"Merchant order ID, currency, gross amount and configured processor fee all match."
mixed-exceptions,ORDER,SYNTH-ORDER-000426,,SYNTH-INT-000426,SYNTH-PROC-000426,,CURRENCY_MISMATCH,L1_CURRENCY_EQUALITY,,Internal and processor currencies differ; amounts were not compared across currencies.
mixed-exceptions,ORDER,SYNTH-ORDER-000427,,SYNTH-INT-000427,SYNTH-PROC-000427,,MATCHED,L1_EXACT_ORDER_MATCH,0.0,"Merchant order ID, currency, gross amount and configured processor fee all match."
mixed-exceptions,ORDER,SYNTH-ORDER-000428,,SYNTH-INT-000428,SYNTH-PROC-000428,,MATCHED,L1_EXACT_ORDER_MATCH,0.0,"Merchant order ID, currency, gross amount and configured processor fee all match."
mixed-exceptions,ORDER,SYNTH-ORDER-000429,,SYNTH-INT-000429,SYNTH-PROC-000429,,MATCHED,L1_EXACT_ORDER_MATCH,0.0,"Merchant order ID, currency, gross amount and configured processor fee all match."
mixed-exceptions,ORDER,SYNTH-ORDER-000430,,SYNTH-INT-000430,SYNTH-PROC-000430,,MATCHED,L1_EXACT_ORDER_MATCH,0.0,"Merchant order ID, currency, gross amount and configured processor fee all match."
mixed-exceptions,ORDER,SYNTH-ORDER-000431,,SYNTH-INT-000431,SYNTH-PROC-000431-REFUND,,PARTIAL_REFUND,L1_PARTIAL_REFUND_LINK,609.03,The refund is linked to its original payment and reverses part of the gross amount.
mixed-exceptions,ORDER,SYNTH-ORDER-000432,,SYNTH-INT-000432,SYNTH-PROC-000432,,MATCHED,L1_EXACT_ORDER_MATCH,0.0,"Merchant order ID, currency, gross amount and configured processor fee all match."
mixed-exceptions,ORDER,SYNTH-ORDER-000433,,SYNTH-INT-000433,SYNTH-PROC-000433,,MATCHED,L1_EXACT_ORDER_MATCH,0.0,"Merchant order ID, currency, gross amount and configured processor fee all match."
mixed-exceptions,ORDER,SYNTH-ORDER-000434,,SYNTH-INT-000434,SYNTH-PROC-000434,,MATCHED,L1_EXACT_ORDER_MATCH,0.0,"Merchant order ID, currency, gross amount and configured processor fee all match."
mixed-exceptions,ORDER,SYNTH-ORDER-000435,,SYNTH-INT-000435,SYNTH-PROC-000435,,MATCHED,L1_EXACT_ORDER_MATCH,0.0,"Merchant order ID, currency, gross amount and configured processor fee all match."
mixed-exceptions,ORDER,SYNTH-ORDER-000436,,SYNTH-INT-000436,SYNTH-PROC-000436,,MATCHED,L1_EXACT_ORDER_MATCH,0.0,"Merchant order ID, currency, gross amount and configured processor fee all match."
mixed-exceptions,ORDER,SYNTH-ORDER-000437,,SYNTH-INT-000437,SYNTH-PROC-000437,,MATCHED,L1_EXACT_ORDER_MATCH,0.0,"Merchant order ID, currency, gross amount and configured processor fee all match."
mixed-exceptions,ORDER,SYNTH-ORDER-000438,,SYNTH-INT-000438,SYNTH-PROC-000438,,MATCHED,L1_EXACT_ORDER_MATCH,0.0,"Merchant order ID, currency, gross amount and configured processor fee all match."
mixed-exceptions,ORDER,SYNTH-ORDER-000439,,SYNTH-INT-000439,SYNTH-PROC-000439-REFUND,,REFUND_MATCHED,L1_FULL_REFUND_LINK,0.0,The refund is linked to its original payment and reverses the complete gross amount.
mixed-exceptions,ORDER,SYNTH-ORDER-000440,,SYNTH-INT-000440,SYNTH-PROC-000440,,MATCHED,L1_EXACT_ORDER_MATCH,0.0,"Merchant order ID, currency, gross amount and configured processor fee all match."
mixed-exceptions,ORDER,SYNTH-ORDER-000441,,SYNTH-INT-000441,SYNTH-PROC-000441,,MATCHED,L1_EXACT_ORDER_MATCH,0.0,"Merchant order ID, currency, gross amount and configured processor fee all match."
mixed-exceptions,ORDER,SYNTH-ORDER-000442,,SYNTH-INT-000442,SYNTH-PROC-000442,,MATCHED,L1_EXACT_ORDER_MATCH,0.0,"Merchant order ID, currency, gross amount and configured processor fee all match."
mixed-exceptions,ORDER,SYNTH-ORDER-000443,,SYNTH-INT-000443,SYNTH-PROC-000443,,MATCHED,L1_EXACT_ORDER_MATCH,0.0,"Merchant order ID, currency, gross amount and configured processor fee all match."
mixed-exceptions,ORDER,SYNTH-ORDER-000444,,SYNTH-INT-000444,SYNTH-PROC-000444,,FEE_MISMATCH,L1_CONFIGURED_FEE_POLICY,0.37,The processor fee differs from the configured percentage-plus-fixed fee policy.
mixed-exceptions,ORDER,SYNTH-ORDER-000445,,SYNTH-INT-000445,SYNTH-PROC-000445-REFUND,,PARTIAL_REFUND,L1_PARTIAL_REFUND_LINK,442.42,The refund is linked to its original payment and reverses part of the gross amount.
mixed-exceptions,ORDER,SYNTH-ORDER-000446,,SYNTH-INT-000446,SYNTH-PROC-000446,,MATCHED,L1_EXACT_ORDER_MATCH,0.0,"Merchant order ID, currency, gross amount and configured processor fee all match."
mixed-exceptions,ORDER,SYNTH-ORDER-000447,,SYNTH-INT-000447,SYNTH-PROC-000447,,MATCHED,L1_EXACT_ORDER_MATCH,0.0,"Merchant order ID, currency, gross amount and configured processor fee all match."
mixed-exceptions,ORDER,SYNTH-ORDER-000448,,SYNTH-INT-000448,SYNTH-PROC-000448,,MATCHED,L1_EXACT_ORDER_MATCH,0.0,"Merchant order ID, currency, gross amount and configured processor fee all match."
mixed-exceptions,ORDER,SYNTH-ORDER-000449,,SYNTH-INT-000449,SYNTH-PROC-000449,,MATCHED,L1_EXACT_ORDER_MATCH,0.0,"Merchant order ID, currency, gross amount and configured processor fee all match."
mixed-exceptions,ORDER,SYNTH-ORDER-000450,,SYNTH-INT-000450,SYNTH-PROC-000450,,MATCHED,L1_EXACT_ORDER_MATCH,0.0,"Merchant order ID, currency, gross amount and configured processor fee all match."
mixed-exceptions,ORDER,SYNTH-ORDER-000451,,SYNTH-INT-000451,SYNTH-PROC-000451,,MATCHED,L1_EXACT_ORDER_MATCH,0.0,"Merchant order ID, currency, gross amount and configured processor fee all match."
mixed-exceptions,ORDER,SYNTH-ORDER-000452,,SYNTH-INT-000452,SYNTH-PROC-000452,,MATCHED,L1_EXACT_ORDER_MATCH,0.0,"Merchant order ID, currency, gross amount and configured processor fee all match."
mixed-exceptions,ORDER,SYNTH-ORDER-000453,,SYNTH-INT-000453,SYNTH-PROC-000453,,MATCHED,L1_EXACT_ORDER_MATCH,0.0,"Merchant order ID, currency, gross amount and configured processor fee all match."
mixed-exceptions,ORDER,SYNTH-ORDER-000454,,SYNTH-INT-000454,SYNTH-PROC-000454,,MATCHED,L1_EXACT_ORDER_MATCH,0.0,"Merchant order ID, currency, gross amount and configured processor fee all match."
mixed-exceptions,ORDER,SYNTH-ORDER-000455,,SYNTH-INT-000455,,,MISSING_PROCESSOR,L1_MISSING_PROCESSOR,2090.86,The internal payment has no processor transaction with the same merchant order ID.
mixed-exceptions,ORDER,SYNTH-ORDER-000456,,SYNTH-INT-000456,SYNTH-PROC-000456,,MATCHED,L1_EXACT_ORDER_MATCH,0.0,"Merchant order ID, currency, gross amount and configured processor fee all match."
mixed-exceptions,ORDER,SYNTH-ORDER-000457,,SYNTH-INT-000457,SYNTH-PROC-000457,,MATCHED,L1_EXACT_ORDER_MATCH,0.0,"Merchant order ID, currency, gross amount and configured processor fee all match."
mixed-exceptions,ORDER,SYNTH-ORDER-000458,,SYNTH-INT-000458,SYNTH-PROC-000458,,MATCHED,L1_EXACT_ORDER_MATCH,0.0,"Merchant order ID, currency, gross amount and configured processor fee all match."
mixed-exceptions,ORDER,SYNTH-ORDER-000459,,SYNTH-INT-000459,SYNTH-PROC-000459,,MATCHED,L1_EXACT_ORDER_MATCH,0.0,"Merchant order ID, currency, gross amount and configured processor fee all match."
mixed-exceptions,ORDER,SYNTH-ORDER-000460,,SYNTH-INT-000460,SYNTH-PROC-000460,,MATCHED,L1_EXACT_ORDER_MATCH,0.0,"Merchant order ID, currency, gross amount and configured processor fee all match."
mixed-exceptions,ORDER,SYNTH-ORDER-000461,,SYNTH-INT-000461,SYNTH-PROC-000461,,MATCHED,L1_EXACT_ORDER_MATCH,0.0,"Merchant order ID, currency, gross amount and configured processor fee all match."
mixed-exceptions,ORDER,SYNTH-ORDER-000462,,SYNTH-INT-000462,SYNTH-PROC-000462,,MATCHED,L1_EXACT_ORDER_MATCH,0.0,"Merchant order ID, currency, gross amount and configured processor fee all match."
mixed-exceptions,ORDER,SYNTH-ORDER-000463,,SYNTH-INT-000463,SYNTH-PROC-000463,,MATCHED,L1_EXACT_ORDER_MATCH,0.0,"Merchant order ID, currency, gross amount and configured processor fee all match."
mixed-exceptions,ORDER,SYNTH-ORDER-000464,,SYNTH-INT-000464,SYNTH-PROC-000464,,MATCHED,L1_EXACT_ORDER_MATCH,0.0,"Merchant order ID, currency, gross amount and configured processor fee all match."
mixed-exceptions,ORDER,SYNTH-ORDER-000465,,SYNTH-INT-000465,,,MISSING_PROCESSOR,L1_MISSING_PROCESSOR,809.07,The internal payment has no processor transaction with the same merchant order ID.
mixed-exceptions,ORDER,SYNTH-ORDER-000466,,SYNTH-INT-000466,SYNTH-PROC-000466,,MATCHED,L1_EXACT_ORDER_MATCH,0.0,"Merchant order ID, currency, gross amount and configured processor fee all match."
mixed-exceptions,ORDER,SYNTH-ORDER-000467,,SYNTH-INT-000467,SYNTH-PROC-000467,,MATCHED,L1_EXACT_ORDER_MATCH,0.0,"Merchant order ID, currency, gross amount and configured processor fee all match."
mixed-exceptions,ORDER,SYNTH-ORDER-000468,,SYNTH-INT-000468,,,MISSING_PROCESSOR,L1_MISSING_PROCESSOR,1823.14,The internal payment has no processor transaction with the same merchant order ID.
mixed-exceptions,ORDER,SYNTH-ORDER-000469,,SYNTH-INT-000469,SYNTH-PROC-000469-REFUND,,REFUND_MATCHED,L1_FULL_REFUND_LINK,0.0,The refund is linked to its original payment and reverses the complete gross amount.
mixed-exceptions,ORDER,SYNTH-ORDER-000470,,SYNTH-INT-000470,SYNTH-PROC-000470,,MATCHED,L1_EXACT_ORDER_MATCH,0.0,"Merchant order ID, currency, gross amount and configured processor fee all match."
mixed-exceptions,ORDER,SYNTH-ORDER-000471,,SYNTH-INT-000471,SYNTH-PROC-000471,,MATCHED,L1_EXACT_ORDER_MATCH,0.0,"Merchant order ID, currency, gross amount and configured processor fee all match."
mixed-exceptions,ORDER,SYNTH-ORDER-000472,,SYNTH-INT-000472,SYNTH-PROC-000472,,MATCHED,L1_EXACT_ORDER_MATCH,0.0,"Merchant order ID, currency, gross amount and configured processor fee all match."
mixed-exceptions,ORDER,SYNTH-ORDER-000473,,SYNTH-INT-000473,SYNTH-PROC-000473,,MATCHED,L1_EXACT_ORDER_MATCH,0.0,"Merchant order ID, currency, gross amount and configured processor fee all match."
mixed-exceptions,ORDER,SYNTH-ORDER-000474,,SYNTH-INT-000474,SYNTH-PROC-000474,,MATCHED,L1_EXACT_ORDER_MATCH,0.0,"Merchant order ID, currency, gross amount and configured processor fee all match."
mixed-exceptions,ORDER,SYNTH-ORDER-000475,,SYNTH-INT-000475,SYNTH-PROC-000475,,DUPLICATE_PROCESSOR,L1_DUPLICATE_PROCESSOR,,More than one processor row uses the same processor transaction identifier.
mixed-exceptions,ORDER,SYNTH-ORDER-000476,,SYNTH-INT-000476,SYNTH-PROC-000476-REFUND,,REFUND_MATCHED,L1_FULL_REFUND_LINK,0.0,The refund is linked to its original payment and reverses the complete gross amount.
mixed-exceptions,ORDER,SYNTH-ORDER-000477,,SYNTH-INT-000477,SYNTH-PROC-000477,,MATCHED,L1_EXACT_ORDER_MATCH,0.0,"Merchant order ID, currency, gross amount and configured processor fee all match."
mixed-exceptions,ORDER,SYNTH-ORDER-000478,,SYNTH-INT-000478,SYNTH-PROC-000478,,MATCHED,L1_EXACT_ORDER_MATCH,0.0,"Merchant order ID, currency, gross amount and configured processor fee all match."
mixed-exceptions,ORDER,SYNTH-ORDER-000479,,SYNTH-INT-000479,SYNTH-PROC-000479,,FEE_MISMATCH,L1_CONFIGURED_FEE_POLICY,0.37,The processor fee differs from the configured percentage-plus-fixed fee policy.
mixed-exceptions,ORDER,SYNTH-ORDER-000480,,SYNTH-INT-000480,SYNTH-PROC-000480,,MATCHED,L1_EXACT_ORDER_MATCH,0.0,"Merchant order ID, currency, gross amount and configured processor fee all match."
mixed-exceptions,ORDER,SYNTH-ORDER-000481,,SYNTH-INT-000481,SYNTH-PROC-000481,,MATCHED,L1_EXACT_ORDER_MATCH,0.0,"Merchant order ID, currency, gross amount and configured processor fee all match."
mixed-exceptions,ORDER,SYNTH-ORDER-000482,,SYNTH-INT-000482,SYNTH-PROC-000482,,MATCHED,L1_EXACT_ORDER_MATCH,0.0,"Merchant order ID, currency, gross amount and configured processor fee all match."
mixed-exceptions,ORDER,SYNTH-ORDER-000483,,SYNTH-INT-000483,SYNTH-PROC-000483,,MATCHED,L1_EXACT_ORDER_MATCH,0.0,"Merchant order ID, currency, gross amount and configured processor fee all match."
mixed-exceptions,ORDER,SYNTH-ORDER-000484,,SYNTH-INT-000484,SYNTH-PROC-000484,,MATCHED,L1_EXACT_ORDER_MATCH,0.0,"Merchant order ID, currency, gross amount and configured processor fee all match."
mixed-exceptions,ORDER,SYNTH-ORDER-000485,,SYNTH-INT-000485,SYNTH-PROC-000485,,MATCHED,L1_EXACT_ORDER_MATCH,0.0,"Merchant order ID, currency, gross amount and configured processor fee all match."
mixed-exceptions,ORDER,SYNTH-ORDER-000486,,SYNTH-INT-000486,SYNTH-PROC-000486,,MATCHED,L1_EXACT_ORDER_MATCH,0.0,"Merchant order ID, currency, gross amount and configured processor fee all match."
mixed-exceptions,ORDER,SYNTH-ORDER-000487,,SYNTH-INT-000487,SYNTH-PROC-000487-REFUND,,PARTIAL_REFUND,L1_PARTIAL_REFUND_LINK,533.27,The refund is linked to its original payment and reverses part of the gross amount.
mixed-exceptions,ORDER,SYNTH-ORDER-000488,,SYNTH-INT-000488,SYNTH-PROC-000488,,MATCHED,L1_EXACT_ORDER_MATCH,0.0,"Merchant order ID, currency, gross amount and configured processor fee all match."
mixed-exceptions,ORDER,SYNTH-ORDER-000489,,SYNTH-INT-000489,SYNTH-PROC-000489,,MATCHED,L1_EXACT_ORDER_MATCH,0.0,"Merchant order ID, currency, gross amount and configured processor fee all match."
mixed-exceptions,ORDER,SYNTH-ORDER-000490,,SYNTH-INT-000490,,,MISSING_PROCESSOR,L1_MISSING_PROCESSOR,1907.21,The internal payment has no processor transaction with the same merchant order ID.
mixed-exceptions,ORDER,SYNTH-ORDER-000491,,SYNTH-INT-000491,SYNTH-PROC-000491,,MATCHED,L1_EXACT_ORDER_MATCH,0.0,"Merchant order ID, currency, gross amount and configured processor fee all match."
mixed-exceptions,ORDER,SYNTH-ORDER-000492,,SYNTH-INT-000492,SYNTH-PROC-000492,,MATCHED,L1_EXACT_ORDER_MATCH,0.0,"Merchant order ID, currency, gross amount and configured processor fee all match."
mixed-exceptions,ORDER,SYNTH-ORDER-000493,,SYNTH-INT-000493,SYNTH-PROC-000493,,MATCHED,L1_EXACT_ORDER_MATCH,0.0,"Merchant order ID, currency, gross amount and configured processor fee all match."
mixed-exceptions,ORDER,SYNTH-ORDER-000494,,SYNTH-INT-000494,SYNTH-PROC-000494,,MATCHED,L1_EXACT_ORDER_MATCH,0.0,"Merchant order ID, currency, gross amount and configured processor fee all match."
mixed-exceptions,ORDER,SYNTH-ORDER-000495,,SYNTH-INT-000495,SYNTH-PROC-000495,,MATCHED,L1_EXACT_ORDER_MATCH,0.0,"Merchant order ID, currency, gross amount and configured processor fee all match."
mixed-exceptions,ORDER,SYNTH-ORDER-000496,,SYNTH-INT-000496,SYNTH-PROC-000496,,MATCHED,L1_EXACT_ORDER_MATCH,0.0,"Merchant order ID, currency, gross amount and configured processor fee all match."
mixed-exceptions,ORDER,SYNTH-ORDER-000497,,SYNTH-INT-000497,SYNTH-PROC-000497,,MATCHED,L1_EXACT_ORDER_MATCH,0.0,"Merchant order ID, currency, gross amount and configured processor fee all match."
mixed-exceptions,ORDER,SYNTH-ORDER-000498,,SYNTH-INT-000498,SYNTH-PROC-000498,,MATCHED,L1_EXACT_ORDER_MATCH,0.0,"Merchant order ID, currency, gross amount and configured processor fee all match."
mixed-exceptions,ORDER,SYNTH-ORDER-000499,,SYNTH-INT-000499,SYNTH-PROC-000499,,MATCHED,L1_EXACT_ORDER_MATCH,0.0,"Merchant order ID, currency, gross amount and configured processor fee all match."
mixed-exceptions,ORDER,SYNTH-ORDER-000500,,SYNTH-INT-000500,SYNTH-PROC-000500,,DUPLICATE_PROCESSOR,L1_DUPLICATE_PROCESSOR,,More than one processor row uses the same processor transaction identifier.
mixed-exceptions,ORDER,SYNTH-ORDER-000501,,SYNTH-INT-000501,SYNTH-PROC-000501,,MATCHED,L1_EXACT_ORDER_MATCH,0.0,"Merchant order ID, currency, gross amount and configured processor fee all match."
mixed-exceptions,ORDER,SYNTH-ORDER-000502,,SYNTH-INT-000502,SYNTH-PROC-000502,,MATCHED,L1_EXACT_ORDER_MATCH,0.0,"Merchant order ID, currency, gross amount and configured processor fee all match."
mixed-exceptions,ORDER,SYNTH-ORDER-000503,,SYNTH-INT-000503,SYNTH-PROC-000503,,MATCHED,L1_EXACT_ORDER_MATCH,0.0,"Merchant order ID, currency, gross amount and configured processor fee all match."
mixed-exceptions,ORDER,SYNTH-ORDER-000504,,SYNTH-INT-000504,SYNTH-PROC-000504,,MATCHED,L1_EXACT_ORDER_MATCH,0.0,"Merchant order ID, currency, gross amount and configured processor fee all match."
mixed-exceptions,ORDER,SYNTH-ORDER-000505,,SYNTH-INT-000505,SYNTH-PROC-000505,,MATCHED,L1_EXACT_ORDER_MATCH,0.0,"Merchant order ID, currency, gross amount and configured processor fee all match."
mixed-exceptions,ORDER,SYNTH-ORDER-000506,,SYNTH-INT-000506,SYNTH-PROC-000506,,MATCHED,L1_EXACT_ORDER_MATCH,0.0,"Merchant order ID, currency, gross amount and configured processor fee all match."
mixed-exceptions,ORDER,SYNTH-ORDER-000507,,SYNTH-INT-000507,SYNTH-PROC-000507,,DUPLICATE_PROCESSOR,L1_DUPLICATE_PROCESSOR,,More than one processor row uses the same processor transaction identifier.
mixed-exceptions,ORDER,SYNTH-ORDER-000508,,SYNTH-INT-000508,SYNTH-PROC-000508,,MATCHED,L1_EXACT_ORDER_MATCH,0.0,"Merchant order ID, currency, gross amount and configured processor fee all match."
mixed-exceptions,ORDER,SYNTH-ORDER-000509,,SYNTH-INT-000509,SYNTH-PROC-000509,,MATCHED,L1_EXACT_ORDER_MATCH,0.0,"Merchant order ID, currency, gross amount and configured processor fee all match."
mixed-exceptions,ORDER,SYNTH-ORDER-000510,,SYNTH-INT-000510,SYNTH-PROC-000510,,AMOUNT_MISMATCH,L1_GROSS_AMOUNT_EQUALITY,1.11,The processor gross amount differs from the internal ledger amount.
mixed-exceptions,ORDER,SYNTH-ORDER-000511,,SYNTH-INT-000511,SYNTH-PROC-000511,,MATCHED,L1_EXACT_ORDER_MATCH,0.0,"Merchant order ID, currency, gross amount and configured processor fee all match."
mixed-exceptions,ORDER,SYNTH-ORDER-000512,,SYNTH-INT-000512,SYNTH-PROC-000512,,MATCHED,L1_EXACT_ORDER_MATCH,0.0,"Merchant order ID, currency, gross amount and configured processor fee all match."
mixed-exceptions,ORDER,SYNTH-ORDER-000513,,SYNTH-INT-000513,SYNTH-PROC-000513,,MATCHED,L1_EXACT_ORDER_MATCH,0.0,"Merchant order ID, currency, gross amount and configured processor fee all match."
mixed-exceptions,ORDER,SYNTH-ORDER-000514,,SYNTH-INT-000514,SYNTH-PROC-000514,,MATCHED,L1_EXACT_ORDER_MATCH,0.0,"Merchant order ID, currency, gross amount and configured processor fee all match."
mixed-exceptions,ORDER,SYNTH-ORDER-000515,,SYNTH-INT-000515,SYNTH-PROC-000515,,MATCHED,L1_EXACT_ORDER_MATCH,0.0,"Merchant order ID, currency, gross amount and configured processor fee all match."
mixed-exceptions,ORDER,SYNTH-ORDER-000516,,SYNTH-INT-000516,SYNTH-PROC-000516,,MATCHED,L1_EXACT_ORDER_MATCH,0.0,"Merchant order ID, currency, gross amount and configured processor fee all match."
mixed-exceptions,ORDER,SYNTH-ORDER-000517,,SYNTH-INT-000517,SYNTH-PROC-000517,,MATCHED,L1_EXACT_ORDER_MATCH,0.0,"Merchant order ID, currency, gross amount and configured processor fee all match."
mixed-exceptions,ORDER,SYNTH-ORDER-000518,,SYNTH-INT-000518,SYNTH-PROC-000518-REFUND,,REFUND_MATCHED,L1_FULL_REFUND_LINK,0.0,The refund is linked to its original payment and reverses the complete gross amount.
mixed-exceptions,ORDER,SYNTH-ORDER-000519,,SYNTH-INT-000519,SYNTH-PROC-000519,,DUPLICATE_INTERNAL,L1_DUPLICATE_INTERNAL,,More than one internal row uses the same internal payment identifier.
mixed-exceptions,ORDER,SYNTH-ORDER-000520,,SYNTH-INT-000520,SYNTH-PROC-000520,,MATCHED,L1_EXACT_ORDER_MATCH,0.0,"Merchant order ID, currency, gross amount and configured processor fee all match."
mixed-exceptions,ORDER,SYNTH-ORDER-000521,,SYNTH-INT-000521,SYNTH-PROC-000521,,MATCHED,L1_EXACT_ORDER_MATCH,0.0,"Merchant order ID, currency, gross amount and configured processor fee all match."
mixed-exceptions,ORDER,SYNTH-ORDER-000522,,SYNTH-INT-000522,SYNTH-PROC-000522,,MATCHED,L1_EXACT_ORDER_MATCH,0.0,"Merchant order ID, currency, gross amount and configured processor fee all match."
mixed-exceptions,ORDER,SYNTH-ORDER-000523,,SYNTH-INT-000523,SYNTH-PROC-000523,,MATCHED,L1_EXACT_ORDER_MATCH,0.0,"Merchant order ID, currency, gross amount and configured processor fee all match."
mixed-exceptions,ORDER,SYNTH-ORDER-000524,,SYNTH-INT-000524,SYNTH-PROC-000524,,MATCHED,L1_EXACT_ORDER_MATCH,0.0,"Merchant order ID, currency, gross amount and configured processor fee all match."
mixed-exceptions,ORDER,SYNTH-ORDER-000525,,SYNTH-INT-000525,SYNTH-PROC-000525,,MATCHED,L1_EXACT_ORDER_MATCH,0.0,"Merchant order ID, currency, gross amount and configured processor fee all match."
mixed-exceptions,ORDER,SYNTH-ORDER-000526,,SYNTH-INT-000526,SYNTH-PROC-000526,,MATCHED,L1_EXACT_ORDER_MATCH,0.0,"Merchant order ID, currency, gross amount and configured processor fee all match."
mixed-exceptions,ORDER,SYNTH-ORDER-000527,,SYNTH-INT-000527,,,MISSING_PROCESSOR,L1_MISSING_PROCESSOR,1883.5,The internal payment has no processor transaction with the same merchant order ID.
mixed-exceptions,ORDER,SYNTH-ORDER-000528,,SYNTH-INT-000528,SYNTH-PROC-000528,,MATCHED,L1_EXACT_ORDER_MATCH,0.0,"Merchant order ID, currency, gross amount and configured processor fee all match."
mixed-exceptions,ORDER,SYNTH-ORDER-000529,,SYNTH-INT-000529,SYNTH-PROC-000529,,MATCHED,L1_EXACT_ORDER_MATCH,0.0,"Merchant order ID, currency, gross amount and configured processor fee all match."
mixed-exceptions,ORDER,SYNTH-ORDER-000530,,SYNTH-INT-000530,SYNTH-PROC-000530,,MATCHED,L1_EXACT_ORDER_MATCH,0.0,"Merchant order ID, currency, gross amount and configured processor fee all match."
mixed-exceptions,ORDER,SYNTH-ORDER-000531,,SYNTH-INT-000531,SYNTH-PROC-000531,,FEE_MISMATCH,L1_CONFIGURED_FEE_POLICY,0.37,The processor fee differs from the configured percentage-plus-fixed fee policy.
mixed-exceptions,ORDER,SYNTH-ORDER-000532,,SYNTH-INT-000532,SYNTH-PROC-000532,,MATCHED,L1_EXACT_ORDER_MATCH,0.0,"Merchant order ID, currency, gross amount and configured processor fee all match."
mixed-exceptions,ORDER,SYNTH-ORDER-000533,,SYNTH-INT-000533,SYNTH-PROC-000533,,MATCHED,L1_EXACT_ORDER_MATCH,0.0,"Merchant order ID, currency, gross amount and configured processor fee all match."
mixed-exceptions,ORDER,SYNTH-ORDER-000534,,SYNTH-INT-000534,SYNTH-PROC-000534,,MATCHED,L1_EXACT_ORDER_MATCH,0.0,"Merchant order ID, currency, gross amount and configured processor fee all match."
mixed-exceptions,ORDER,SYNTH-ORDER-000535,,SYNTH-INT-000535,SYNTH-PROC-000535,,MATCHED,L1_EXACT_ORDER_MATCH,0.0,"Merchant order ID, currency, gross amount and configured processor fee all match."
mixed-exceptions,ORDER,SYNTH-ORDER-000536,,SYNTH-INT-000536,SYNTH-PROC-000536,,MATCHED,L1_EXACT_ORDER_MATCH,0.0,"Merchant order ID, currency, gross amount and configured processor fee all match."
mixed-exceptions,ORDER,SYNTH-ORDER-000537,,SYNTH-INT-000537,SYNTH-PROC-000537,,MATCHED,L1_EXACT_ORDER_MATCH,0.0,"Merchant order ID, currency, gross amount and configured processor fee all match."
mixed-exceptions,ORDER,SYNTH-ORDER-000538,,SYNTH-INT-000538,SYNTH-PROC-000538,,MATCHED,L1_EXACT_ORDER_MATCH,0.0,"Merchant order ID, currency, gross amount and configured processor fee all match."
mixed-exceptions,ORDER,SYNTH-ORDER-000539,,SYNTH-INT-000539,SYNTH-PROC-000539,,MATCHED,L1_EXACT_ORDER_MATCH,0.0,"Merchant order ID, currency, gross amount and configured processor fee all match."
mixed-exceptions,ORDER,SYNTH-ORDER-000540,,SYNTH-INT-000540,SYNTH-PROC-000540,,MATCHED,L1_EXACT_ORDER_MATCH,0.0,"Merchant order ID, currency, gross amount and configured processor fee all match."
mixed-exceptions,ORDER,SYNTH-ORDER-000541,,SYNTH-INT-000541,SYNTH-PROC-000541,,MATCHED,L1_EXACT_ORDER_MATCH,0.0,"Merchant order ID, currency, gross amount and configured processor fee all match."
mixed-exceptions,ORDER,SYNTH-ORDER-000542,,SYNTH-INT-000542,SYNTH-PROC-000542,,MATCHED,L1_EXACT_ORDER_MATCH,0.0,"Merchant order ID, currency, gross amount and configured processor fee all match."
mixed-exceptions,ORDER,SYNTH-ORDER-000543,,SYNTH-INT-000543,SYNTH-PROC-000543,,MATCHED,L1_EXACT_ORDER_MATCH,0.0,"Merchant order ID, currency, gross amount and configured processor fee all match."
mixed-exceptions,ORDER,SYNTH-ORDER-000544,,SYNTH-INT-000544,SYNTH-PROC-000544,,MATCHED,L1_EXACT_ORDER_MATCH,0.0,"Merchant order ID, currency, gross amount and configured processor fee all match."
mixed-exceptions,ORDER,SYNTH-ORDER-000545,,SYNTH-INT-000545,SYNTH-PROC-000545,,MATCHED,L1_EXACT_ORDER_MATCH,0.0,"Merchant order ID, currency, gross amount and configured processor fee all match."
mixed-exceptions,ORDER,SYNTH-ORDER-000546,,SYNTH-INT-000546,SYNTH-PROC-000546,,MATCHED,L1_EXACT_ORDER_MATCH,0.0,"Merchant order ID, currency, gross amount and configured processor fee all match."
mixed-exceptions,ORDER,SYNTH-ORDER-000547,,SYNTH-INT-000547,SYNTH-PROC-000547,,MATCHED,L1_EXACT_ORDER_MATCH,0.0,"Merchant order ID, currency, gross amount and configured processor fee all match."
mixed-exceptions,ORDER,SYNTH-ORDER-000548,,SYNTH-INT-000548,SYNTH-PROC-000548,,MATCHED,L1_EXACT_ORDER_MATCH,0.0,"Merchant order ID, currency, gross amount and configured processor fee all match."
mixed-exceptions,ORDER,SYNTH-ORDER-000549,,SYNTH-INT-000549,SYNTH-PROC-000549,,MATCHED,L1_EXACT_ORDER_MATCH,0.0,"Merchant order ID, currency, gross amount and configured processor fee all match."
mixed-exceptions,ORDER,SYNTH-ORDER-000550,,SYNTH-INT-000550,SYNTH-PROC-000550,,MATCHED,L1_EXACT_ORDER_MATCH,0.0,"Merchant order ID, currency, gross amount and configured processor fee all match."
mixed-exceptions,ORDER,SYNTH-ORDER-000551,,SYNTH-INT-000551,SYNTH-PROC-000551,,MATCHED,L1_EXACT_ORDER_MATCH,0.0,"Merchant order ID, currency, gross amount and configured processor fee all match."
mixed-exceptions,ORDER,SYNTH-ORDER-000552,,SYNTH-INT-000552,SYNTH-PROC-000552,,MATCHED,L1_EXACT_ORDER_MATCH,0.0,"Merchant order ID, currency, gross amount and configured processor fee all match."
mixed-exceptions,ORDER,SYNTH-ORDER-000553,,SYNTH-INT-000553,SYNTH-PROC-000553,,AMOUNT_MISMATCH,L1_GROSS_AMOUNT_EQUALITY,1.11,The processor gross amount differs from the internal ledger amount.
mixed-exceptions,ORDER,SYNTH-ORDER-000554,,SYNTH-INT-000554,SYNTH-PROC-000554,,MATCHED,L1_EXACT_ORDER_MATCH,0.0,"Merchant order ID, currency, gross amount and configured processor fee all match."
mixed-exceptions,ORDER,SYNTH-ORDER-000555,,SYNTH-INT-000555,SYNTH-PROC-000555,,MATCHED,L1_EXACT_ORDER_MATCH,0.0,"Merchant order ID, currency, gross amount and configured processor fee all match."
mixed-exceptions,ORDER,SYNTH-ORDER-000556,,SYNTH-INT-000556,SYNTH-PROC-000556,,MATCHED,L1_EXACT_ORDER_MATCH,0.0,"Merchant order ID, currency, gross amount and configured processor fee all match."
mixed-exceptions,ORDER,SYNTH-ORDER-000557,,SYNTH-INT-000557,SYNTH-PROC-000557,,MATCHED,L1_EXACT_ORDER_MATCH,0.0,"Merchant order ID, currency, gross amount and configured processor fee all match."
mixed-exceptions,ORDER,SYNTH-ORDER-000558,,SYNTH-INT-000558,SYNTH-PROC-000558,,MATCHED,L1_EXACT_ORDER_MATCH,0.0,"Merchant order ID, currency, gross amount and configured processor fee all match."
mixed-exceptions,ORDER,SYNTH-ORDER-000559,,SYNTH-INT-000559,SYNTH-PROC-000559,,MATCHED,L1_EXACT_ORDER_MATCH,0.0,"Merchant order ID, currency, gross amount and configured processor fee all match."
mixed-exceptions,ORDER,SYNTH-ORDER-000560,,SYNTH-INT-000560,SYNTH-PROC-000560,,MATCHED,L1_EXACT_ORDER_MATCH,0.0,"Merchant order ID, currency, gross amount and configured processor fee all match."
mixed-exceptions,ORDER,SYNTH-ORDER-000561,,SYNTH-INT-000561,SYNTH-PROC-000561,,MATCHED,L1_EXACT_ORDER_MATCH,0.0,"Merchant order ID, currency, gross amount and configured processor fee all match."
mixed-exceptions,ORDER,SYNTH-ORDER-000562,,SYNTH-INT-000562,SYNTH-PROC-000562,,DUPLICATE_INTERNAL,L1_DUPLICATE_INTERNAL,,More than one internal row uses the same internal payment identifier.
mixed-exceptions,ORDER,SYNTH-ORDER-000563,,SYNTH-INT-000563,,,MISSING_PROCESSOR,L1_MISSING_PROCESSOR,370.67,The internal payment has no processor transaction with the same merchant order ID.
mixed-exceptions,ORDER,SYNTH-ORDER-000564,,SYNTH-INT-000564,SYNTH-PROC-000564,,MATCHED,L1_EXACT_ORDER_MATCH,0.0,"Merchant order ID, currency, gross amount and configured processor fee all match."
mixed-exceptions,ORDER,SYNTH-ORDER-000565,,SYNTH-INT-000565,SYNTH-PROC-000565,,DUPLICATE_PROCESSOR,L1_DUPLICATE_PROCESSOR,,More than one processor row uses the same processor transaction identifier.
mixed-exceptions,ORDER,SYNTH-ORDER-000566,,SYNTH-INT-000566,SYNTH-PROC-000566,,MATCHED,L1_EXACT_ORDER_MATCH,0.0,"Merchant order ID, currency, gross amount and configured processor fee all match."
mixed-exceptions,ORDER,SYNTH-ORDER-000567,,SYNTH-INT-000567,SYNTH-PROC-000567,,MATCHED,L1_EXACT_ORDER_MATCH,0.0,"Merchant order ID, currency, gross amount and configured processor fee all match."
mixed-exceptions,ORDER,SYNTH-ORDER-000568,,SYNTH-INT-000568,SYNTH-PROC-000568,,MATCHED,L1_EXACT_ORDER_MATCH,0.0,"Merchant order ID, currency, gross amount and configured processor fee all match."
mixed-exceptions,ORDER,SYNTH-ORDER-000569,,SYNTH-INT-000569,SYNTH-PROC-000569,,MATCHED,L1_EXACT_ORDER_MATCH,0.0,"Merchant order ID, currency, gross amount and configured processor fee all match."
mixed-exceptions,ORDER,SYNTH-ORDER-000570,,SYNTH-INT-000570,SYNTH-PROC-000570,,MATCHED,L1_EXACT_ORDER_MATCH,0.0,"Merchant order ID, currency, gross amount and configured processor fee all match."
mixed-exceptions,ORDER,SYNTH-ORDER-000571,,SYNTH-INT-000571,SYNTH-PROC-000571,,MATCHED,L1_EXACT_ORDER_MATCH,0.0,"Merchant order ID, currency, gross amount and configured processor fee all match."
mixed-exceptions,ORDER,SYNTH-ORDER-000572,,SYNTH-INT-000572,SYNTH-PROC-000572,,FEE_MISMATCH,L1_CONFIGURED_FEE_POLICY,0.37,The processor fee differs from the configured percentage-plus-fixed fee policy.
mixed-exceptions,ORDER,SYNTH-ORDER-000573,,SYNTH-INT-000573,SYNTH-PROC-000573,,MATCHED,L1_EXACT_ORDER_MATCH,0.0,"Merchant order ID, currency, gross amount and configured processor fee all match."
mixed-exceptions,ORDER,SYNTH-ORDER-000574,,SYNTH-INT-000574,SYNTH-PROC-000574,,MATCHED,L1_EXACT_ORDER_MATCH,0.0,"Merchant order ID, currency, gross amount and configured processor fee all match."
mixed-exceptions,ORDER,SYNTH-ORDER-000575,,SYNTH-INT-000575,SYNTH-PROC-000575,,MATCHED,L1_EXACT_ORDER_MATCH,0.0,"Merchant order ID, currency, gross amount and configured processor fee all match."
mixed-exceptions,ORDER,SYNTH-ORDER-000576,,SYNTH-INT-000576,SYNTH-PROC-000576,,MATCHED,L1_EXACT_ORDER_MATCH,0.0,"Merchant order ID, currency, gross amount and configured processor fee all match."
mixed-exceptions,ORDER,SYNTH-ORDER-000577,,SYNTH-INT-000577,SYNTH-PROC-000577,,MATCHED,L1_EXACT_ORDER_MATCH,0.0,"Merchant order ID, currency, gross amount and configured processor fee all match."
mixed-exceptions,ORDER,SYNTH-ORDER-000578,,SYNTH-INT-000578,SYNTH-PROC-000578,,MATCHED,L1_EXACT_ORDER_MATCH,0.0,"Merchant order ID, currency, gross amount and configured processor fee all match."
mixed-exceptions,ORDER,SYNTH-ORDER-000579,,SYNTH-INT-000579,SYNTH-PROC-000579,,MATCHED,L1_EXACT_ORDER_MATCH,0.0,"Merchant order ID, currency, gross amount and configured processor fee all match."
mixed-exceptions,ORDER,SYNTH-ORDER-000580,,SYNTH-INT-000580,SYNTH-PROC-000580,,MATCHED,L1_EXACT_ORDER_MATCH,0.0,"Merchant order ID, currency, gross amount and configured processor fee all match."
mixed-exceptions,ORDER,SYNTH-ORDER-000581,,SYNTH-INT-000581,SYNTH-PROC-000581,,MATCHED,L1_EXACT_ORDER_MATCH,0.0,"Merchant order ID, currency, gross amount and configured processor fee all match."
mixed-exceptions,ORDER,SYNTH-ORDER-000582,,SYNTH-INT-000582,SYNTH-PROC-000582,,MATCHED,L1_EXACT_ORDER_MATCH,0.0,"Merchant order ID, currency, gross amount and configured processor fee all match."
mixed-exceptions,ORDER,SYNTH-ORDER-000583,,SYNTH-INT-000583,SYNTH-PROC-000583,,MATCHED,L1_EXACT_ORDER_MATCH,0.0,"Merchant order ID, currency, gross amount and configured processor fee all match."
mixed-exceptions,ORDER,SYNTH-ORDER-000584,,SYNTH-INT-000584,SYNTH-PROC-000584,,MATCHED,L1_EXACT_ORDER_MATCH,0.0,"Merchant order ID, currency, gross amount and configured processor fee all match."
mixed-exceptions,ORDER,SYNTH-ORDER-000585,,SYNTH-INT-000585,SYNTH-PROC-000585,,FEE_MISMATCH,L1_CONFIGURED_FEE_POLICY,0.37,The processor fee differs from the configured percentage-plus-fixed fee policy.
mixed-exceptions,ORDER,SYNTH-ORDER-000586,,SYNTH-INT-000586,SYNTH-PROC-000586,,MATCHED,L1_EXACT_ORDER_MATCH,0.0,"Merchant order ID, currency, gross amount and configured processor fee all match."
mixed-exceptions,ORDER,SYNTH-ORDER-000587,,SYNTH-INT-000587,SYNTH-PROC-000587,,MATCHED,L1_EXACT_ORDER_MATCH,0.0,"Merchant order ID, currency, gross amount and configured processor fee all match."
mixed-exceptions,ORDER,SYNTH-ORDER-000588,,SYNTH-INT-000588,SYNTH-PROC-000588,,MATCHED,L1_EXACT_ORDER_MATCH,0.0,"Merchant order ID, currency, gross amount and configured processor fee all match."
mixed-exceptions,ORDER,SYNTH-ORDER-000589,,SYNTH-INT-000589,SYNTH-PROC-000589,,MATCHED,L1_EXACT_ORDER_MATCH,0.0,"Merchant order ID, currency, gross amount and configured processor fee all match."
mixed-exceptions,ORDER,SYNTH-ORDER-000590,,SYNTH-INT-000590,SYNTH-PROC-000590,,FEE_MISMATCH,L1_CONFIGURED_FEE_POLICY,0.37,The processor fee differs from the configured percentage-plus-fixed fee policy.
mixed-exceptions,ORDER,SYNTH-ORDER-000591,,SYNTH-INT-000591,SYNTH-PROC-000591,,FEE_MISMATCH,L1_CONFIGURED_FEE_POLICY,0.37,The processor fee differs from the configured percentage-plus-fixed fee policy.
mixed-exceptions,ORDER,SYNTH-ORDER-000592,,SYNTH-INT-000592,SYNTH-PROC-000592,,MATCHED,L1_EXACT_ORDER_MATCH,0.0,"Merchant order ID, currency, gross amount and configured processor fee all match."
mixed-exceptions,ORDER,SYNTH-ORDER-000593,,SYNTH-INT-000593,SYNTH-PROC-000593,,MATCHED,L1_EXACT_ORDER_MATCH,0.0,"Merchant order ID, currency, gross amount and configured processor fee all match."
mixed-exceptions,ORDER,SYNTH-ORDER-000594,,SYNTH-INT-000594,SYNTH-PROC-000594,,MATCHED,L1_EXACT_ORDER_MATCH,0.0,"Merchant order ID, currency, gross amount and configured processor fee all match."
mixed-exceptions,ORDER,SYNTH-ORDER-000595,,SYNTH-INT-000595,SYNTH-PROC-000595,,MATCHED,L1_EXACT_ORDER_MATCH,0.0,"Merchant order ID, currency, gross amount and configured processor fee all match."
mixed-exceptions,ORDER,SYNTH-ORDER-000596,,SYNTH-INT-000596,SYNTH-PROC-000596,,MATCHED,L1_EXACT_ORDER_MATCH,0.0,"Merchant order ID, currency, gross amount and configured processor fee all match."
mixed-exceptions,ORDER,SYNTH-ORDER-000597,,SYNTH-INT-000597,SYNTH-PROC-000597,,AMOUNT_MISMATCH,L1_GROSS_AMOUNT_EQUALITY,1.11,The processor gross amount differs from the internal ledger amount.
mixed-exceptions,ORDER,SYNTH-ORDER-000598,,SYNTH-INT-000598,SYNTH-PROC-000598,,MATCHED,L1_EXACT_ORDER_MATCH,0.0,"Merchant order ID, currency, gross amount and configured processor fee all match."
mixed-exceptions,ORDER,SYNTH-ORDER-000599,,SYNTH-INT-000599,SYNTH-PROC-000599,,MATCHED,L1_EXACT_ORDER_MATCH,0.0,"Merchant order ID, currency, gross amount and configured processor fee all match."
mixed-exceptions,ORDER,SYNTH-ORDER-000600,,SYNTH-INT-000600,SYNTH-PROC-000600,,MATCHED,L1_EXACT_ORDER_MATCH,0.0,"Merchant order ID, currency, gross amount and configured processor fee all match."
mixed-exceptions,ORDER,SYNTH-ORDER-000601,,SYNTH-INT-000601,SYNTH-PROC-000601,,MATCHED,L1_EXACT_ORDER_MATCH,0.0,"Merchant order ID, currency, gross amount and configured processor fee all match."
mixed-exceptions,ORDER,SYNTH-ORDER-000602,,SYNTH-INT-000602,SYNTH-PROC-000602,,MATCHED,L1_EXACT_ORDER_MATCH,0.0,"Merchant order ID, currency, gross amount and configured processor fee all match."
mixed-exceptions,ORDER,SYNTH-ORDER-000603,,SYNTH-INT-000603,SYNTH-PROC-000603,,MATCHED,L1_EXACT_ORDER_MATCH,0.0,"Merchant order ID, currency, gross amount and configured processor fee all match."
mixed-exceptions,ORDER,SYNTH-ORDER-000604,,SYNTH-INT-000604,SYNTH-PROC-000604,,MATCHED,L1_EXACT_ORDER_MATCH,0.0,"Merchant order ID, currency, gross amount and configured processor fee all match."
mixed-exceptions,ORDER,SYNTH-ORDER-000605,,SYNTH-INT-000605,SYNTH-PROC-000605,,MATCHED,L1_EXACT_ORDER_MATCH,0.0,"Merchant order ID, currency, gross amount and configured processor fee all match."
mixed-exceptions,ORDER,SYNTH-ORDER-000606,,SYNTH-INT-000606,SYNTH-PROC-000606,,MATCHED,L1_EXACT_ORDER_MATCH,0.0,"Merchant order ID, currency, gross amount and configured processor fee all match."
mixed-exceptions,ORDER,SYNTH-ORDER-000607,,SYNTH-INT-000607,SYNTH-PROC-000607,,MATCHED,L1_EXACT_ORDER_MATCH,0.0,"Merchant order ID, currency, gross amount and configured processor fee all match."
mixed-exceptions,ORDER,SYNTH-ORDER-000608,,SYNTH-INT-000608,SYNTH-PROC-000608-REFUND,,PARTIAL_REFUND,L1_PARTIAL_REFUND_LINK,551.57,The refund is linked to its original payment and reverses part of the gross amount.
mixed-exceptions,ORDER,SYNTH-ORDER-000609,,SYNTH-INT-000609,SYNTH-PROC-000609,,MATCHED,L1_EXACT_ORDER_MATCH,0.0,"Merchant order ID, currency, gross amount and configured processor fee all match."
mixed-exceptions,ORDER,SYNTH-ORDER-000610,,SYNTH-INT-000610,SYNTH-PROC-000610,,MATCHED,L1_EXACT_ORDER_MATCH,0.0,"Merchant order ID, currency, gross amount and configured processor fee all match."
mixed-exceptions,ORDER,SYNTH-ORDER-000611,,SYNTH-INT-000611,SYNTH-PROC-000611,,MATCHED,L1_EXACT_ORDER_MATCH,0.0,"Merchant order ID, currency, gross amount and configured processor fee all match."
mixed-exceptions,ORDER,SYNTH-ORDER-000612,,SYNTH-INT-000612,SYNTH-PROC-000612,,MATCHED,L1_EXACT_ORDER_MATCH,0.0,"Merchant order ID, currency, gross amount and configured processor fee all match."
mixed-exceptions,ORDER,SYNTH-ORDER-000613,,SYNTH-INT-000613,SYNTH-PROC-000613,,MATCHED,L1_EXACT_ORDER_MATCH,0.0,"Merchant order ID, currency, gross amount and configured processor fee all match."
mixed-exceptions,ORDER,SYNTH-ORDER-000614,,SYNTH-INT-000614,SYNTH-PROC-000614,,MATCHED,L1_EXACT_ORDER_MATCH,0.0,"Merchant order ID, currency, gross amount and configured processor fee all match."
mixed-exceptions,ORDER,SYNTH-ORDER-000615,,SYNTH-INT-000615,SYNTH-PROC-000615,,MATCHED,L1_EXACT_ORDER_MATCH,0.0,"Merchant order ID, currency, gross amount and configured processor fee all match."
mixed-exceptions,ORDER,SYNTH-ORDER-000616,,SYNTH-INT-000616,SYNTH-PROC-000616,,MATCHED,L1_EXACT_ORDER_MATCH,0.0,"Merchant order ID, currency, gross amount and configured processor fee all match."
mixed-exceptions,ORDER,SYNTH-ORDER-000617,,SYNTH-INT-000617,SYNTH-PROC-000617,,MATCHED,L1_EXACT_ORDER_MATCH,0.0,"Merchant order ID, currency, gross amount and configured processor fee all match."
mixed-exceptions,ORDER,SYNTH-ORDER-000618,,SYNTH-INT-000618,SYNTH-PROC-000618,,MATCHED,L1_EXACT_ORDER_MATCH,0.0,"Merchant order ID, currency, gross amount and configured processor fee all match."
mixed-exceptions,ORDER,SYNTH-ORDER-000619,,SYNTH-INT-000619,SYNTH-PROC-000619,,MATCHED,L1_EXACT_ORDER_MATCH,0.0,"Merchant order ID, currency, gross amount and configured processor fee all match."
mixed-exceptions,ORDER,SYNTH-ORDER-000620,,SYNTH-INT-000620,SYNTH-PROC-000620,,MATCHED,L1_EXACT_ORDER_MATCH,0.0,"Merchant order ID, currency, gross amount and configured processor fee all match."
mixed-exceptions,ORDER,SYNTH-ORDER-000621,,SYNTH-INT-000621,SYNTH-PROC-000621,,AMOUNT_MISMATCH,L1_GROSS_AMOUNT_EQUALITY,1.11,The processor gross amount differs from the internal ledger amount.
mixed-exceptions,ORDER,SYNTH-ORDER-000622,,SYNTH-INT-000622,SYNTH-PROC-000622,,MATCHED,L1_EXACT_ORDER_MATCH,0.0,"Merchant order ID, currency, gross amount and configured processor fee all match."
mixed-exceptions,ORDER,SYNTH-ORDER-000623,,SYNTH-INT-000623,SYNTH-PROC-000623,,DUPLICATE_PROCESSOR,L1_DUPLICATE_PROCESSOR,,More than one processor row uses the same processor transaction identifier.
mixed-exceptions,ORDER,SYNTH-ORDER-000624,,SYNTH-INT-000624,SYNTH-PROC-000624,,MATCHED,L1_EXACT_ORDER_MATCH,0.0,"Merchant order ID, currency, gross amount and configured processor fee all match."
mixed-exceptions,ORDER,SYNTH-ORDER-000625,,SYNTH-INT-000625,SYNTH-PROC-000625,,MATCHED,L1_EXACT_ORDER_MATCH,0.0,"Merchant order ID, currency, gross amount and configured processor fee all match."
mixed-exceptions,ORDER,SYNTH-ORDER-000626,,SYNTH-INT-000626,SYNTH-PROC-000626,,MATCHED,L1_EXACT_ORDER_MATCH,0.0,"Merchant order ID, currency, gross amount and configured processor fee all match."
mixed-exceptions,ORDER,SYNTH-ORDER-000627,,SYNTH-INT-000627,SYNTH-PROC-000627,,MATCHED,L1_EXACT_ORDER_MATCH,0.0,"Merchant order ID, currency, gross amount and configured processor fee all match."
mixed-exceptions,ORDER,SYNTH-ORDER-000628,,SYNTH-INT-000628,SYNTH-PROC-000628,,MATCHED,L1_EXACT_ORDER_MATCH,0.0,"Merchant order ID, currency, gross amount and configured processor fee all match."
mixed-exceptions,ORDER,SYNTH-ORDER-000629,,SYNTH-INT-000629,SYNTH-PROC-000629,,MATCHED,L1_EXACT_ORDER_MATCH,0.0,"Merchant order ID, currency, gross amount and configured processor fee all match."
mixed-exceptions,ORDER,SYNTH-ORDER-000630,,SYNTH-INT-000630,SYNTH-PROC-000630,,MATCHED,L1_EXACT_ORDER_MATCH,0.0,"Merchant order ID, currency, gross amount and configured processor fee all match."
mixed-exceptions,ORDER,SYNTH-ORDER-000631,,SYNTH-INT-000631,SYNTH-PROC-000631,,MATCHED,L1_EXACT_ORDER_MATCH,0.0,"Merchant order ID, currency, gross amount and configured processor fee all match."
mixed-exceptions,ORDER,SYNTH-ORDER-000632,,SYNTH-INT-000632,SYNTH-PROC-000632,,MATCHED,L1_EXACT_ORDER_MATCH,0.0,"Merchant order ID, currency, gross amount and configured processor fee all match."
mixed-exceptions,ORDER,SYNTH-ORDER-000633,,SYNTH-INT-000633,SYNTH-PROC-000633,,MATCHED,L1_EXACT_ORDER_MATCH,0.0,"Merchant order ID, currency, gross amount and configured processor fee all match."
mixed-exceptions,ORDER,SYNTH-ORDER-000634,,SYNTH-INT-000634,SYNTH-PROC-000634,,MATCHED,L1_EXACT_ORDER_MATCH,0.0,"Merchant order ID, currency, gross amount and configured processor fee all match."
mixed-exceptions,ORDER,SYNTH-ORDER-000635,,SYNTH-INT-000635,SYNTH-PROC-000635,,MATCHED,L1_EXACT_ORDER_MATCH,0.0,"Merchant order ID, currency, gross amount and configured processor fee all match."
mixed-exceptions,ORDER,SYNTH-ORDER-000636,,SYNTH-INT-000636,SYNTH-PROC-000636,,MATCHED,L1_EXACT_ORDER_MATCH,0.0,"Merchant order ID, currency, gross amount and configured processor fee all match."
mixed-exceptions,ORDER,SYNTH-ORDER-000637,,SYNTH-INT-000637,SYNTH-PROC-000637,,DUPLICATE_PROCESSOR,L1_DUPLICATE_PROCESSOR,,More than one processor row uses the same processor transaction identifier.
mixed-exceptions,ORDER,SYNTH-ORDER-000638,,SYNTH-INT-000638,SYNTH-PROC-000638,,FEE_MISMATCH,L1_CONFIGURED_FEE_POLICY,0.37,The processor fee differs from the configured percentage-plus-fixed fee policy.
mixed-exceptions,ORDER,SYNTH-ORDER-000639,,SYNTH-INT-000639,SYNTH-PROC-000639,,MATCHED,L1_EXACT_ORDER_MATCH,0.0,"Merchant order ID, currency, gross amount and configured processor fee all match."
mixed-exceptions,ORDER,SYNTH-ORDER-000640,,SYNTH-INT-000640,SYNTH-PROC-000640,,MATCHED,L1_EXACT_ORDER_MATCH,0.0,"Merchant order ID, currency, gross amount and configured processor fee all match."
mixed-exceptions,ORDER,SYNTH-ORDER-000641,,SYNTH-INT-000641,SYNTH-PROC-000641,,MATCHED,L1_EXACT_ORDER_MATCH,0.0,"Merchant order ID, currency, gross amount and configured processor fee all match."
mixed-exceptions,ORDER,SYNTH-ORDER-000642,,SYNTH-INT-000642,SYNTH-PROC-000642,,MATCHED,L1_EXACT_ORDER_MATCH,0.0,"Merchant order ID, currency, gross amount and configured processor fee all match."
mixed-exceptions,ORDER,SYNTH-ORDER-000643,,SYNTH-INT-000643,SYNTH-PROC-000643,,FEE_MISMATCH,L1_CONFIGURED_FEE_POLICY,0.37,The processor fee differs from the configured percentage-plus-fixed fee policy.
mixed-exceptions,ORDER,SYNTH-ORDER-000644,,SYNTH-INT-000644,SYNTH-PROC-000644,,MATCHED,L1_EXACT_ORDER_MATCH,0.0,"Merchant order ID, currency, gross amount and configured processor fee all match."
mixed-exceptions,ORDER,SYNTH-ORDER-000645,,SYNTH-INT-000645,SYNTH-PROC-000645,,MATCHED,L1_EXACT_ORDER_MATCH,0.0,"Merchant order ID, currency, gross amount and configured processor fee all match."
mixed-exceptions,ORDER,SYNTH-ORDER-000646,,SYNTH-INT-000646,SYNTH-PROC-000646,,MATCHED,L1_EXACT_ORDER_MATCH,0.0,"Merchant order ID, currency, gross amount and configured processor fee all match."
mixed-exceptions,ORDER,SYNTH-ORDER-000647,,SYNTH-INT-000647,SYNTH-PROC-000647,,MATCHED,L1_EXACT_ORDER_MATCH,0.0,"Merchant order ID, currency, gross amount and configured processor fee all match."
mixed-exceptions,ORDER,SYNTH-ORDER-000648,,SYNTH-INT-000648,SYNTH-PROC-000648,,MATCHED,L1_EXACT_ORDER_MATCH,0.0,"Merchant order ID, currency, gross amount and configured processor fee all match."
mixed-exceptions,ORDER,SYNTH-ORDER-000649,,SYNTH-INT-000649,SYNTH-PROC-000649,,MATCHED,L1_EXACT_ORDER_MATCH,0.0,"Merchant order ID, currency, gross amount and configured processor fee all match."
mixed-exceptions,ORDER,SYNTH-ORDER-000650,,SYNTH-INT-000650,SYNTH-PROC-000650,,MATCHED,L1_EXACT_ORDER_MATCH,0.0,"Merchant order ID, currency, gross amount and configured processor fee all match."
mixed-exceptions,ORDER,SYNTH-ORDER-000651,,SYNTH-INT-000651,SYNTH-PROC-000651,,MATCHED,L1_EXACT_ORDER_MATCH,0.0,"Merchant order ID, currency, gross amount and configured processor fee all match."
mixed-exceptions,ORDER,SYNTH-ORDER-000652,,SYNTH-INT-000652,SYNTH-PROC-000652,,MATCHED,L1_EXACT_ORDER_MATCH,0.0,"Merchant order ID, currency, gross amount and configured processor fee all match."
mixed-exceptions,ORDER,SYNTH-ORDER-000653,,SYNTH-INT-000653,SYNTH-PROC-000653,,MATCHED,L1_EXACT_ORDER_MATCH,0.0,"Merchant order ID, currency, gross amount and configured processor fee all match."
mixed-exceptions,ORDER,SYNTH-ORDER-000654,,SYNTH-INT-000654,SYNTH-PROC-000654,,MATCHED,L1_EXACT_ORDER_MATCH,0.0,"Merchant order ID, currency, gross amount and configured processor fee all match."
mixed-exceptions,ORDER,SYNTH-ORDER-000655,,SYNTH-INT-000655,SYNTH-PROC-000655,,MATCHED,L1_EXACT_ORDER_MATCH,0.0,"Merchant order ID, currency, gross amount and configured processor fee all match."
mixed-exceptions,ORDER,SYNTH-ORDER-000656,,SYNTH-INT-000656,SYNTH-PROC-000656,,MATCHED,L1_EXACT_ORDER_MATCH,0.0,"Merchant order ID, currency, gross amount and configured processor fee all match."
mixed-exceptions,ORDER,SYNTH-ORDER-000657,,SYNTH-INT-000657,SYNTH-PROC-000657,,MATCHED,L1_EXACT_ORDER_MATCH,0.0,"Merchant order ID, currency, gross amount and configured processor fee all match."
mixed-exceptions,ORDER,SYNTH-ORDER-000658,,SYNTH-INT-000658,SYNTH-PROC-000658,,MATCHED,L1_EXACT_ORDER_MATCH,0.0,"Merchant order ID, currency, gross amount and configured processor fee all match."
mixed-exceptions,ORDER,SYNTH-ORDER-000659,,SYNTH-INT-000659,SYNTH-PROC-000659,,MATCHED,L1_EXACT_ORDER_MATCH,0.0,"Merchant order ID, currency, gross amount and configured processor fee all match."
mixed-exceptions,ORDER,SYNTH-ORDER-000660,,SYNTH-INT-000660,SYNTH-PROC-000660,,MATCHED,L1_EXACT_ORDER_MATCH,0.0,"Merchant order ID, currency, gross amount and configured processor fee all match."
mixed-exceptions,ORDER,SYNTH-ORDER-000661,,SYNTH-INT-000661,SYNTH-PROC-000661,,MATCHED,L1_EXACT_ORDER_MATCH,0.0,"Merchant order ID, currency, gross amount and configured processor fee all match."
mixed-exceptions,ORDER,SYNTH-ORDER-000662,,SYNTH-INT-000662,SYNTH-PROC-000662,,DUPLICATE_INTERNAL,L1_DUPLICATE_INTERNAL,,More than one internal row uses the same internal payment identifier.
mixed-exceptions,ORDER,SYNTH-ORDER-000663,,SYNTH-INT-000663,SYNTH-PROC-000663,,MATCHED,L1_EXACT_ORDER_MATCH,0.0,"Merchant order ID, currency, gross amount and configured processor fee all match."
mixed-exceptions,ORDER,SYNTH-ORDER-000664,,SYNTH-INT-000664,SYNTH-PROC-000664,,MATCHED,L1_EXACT_ORDER_MATCH,0.0,"Merchant order ID, currency, gross amount and configured processor fee all match."
mixed-exceptions,ORDER,SYNTH-ORDER-000665,,SYNTH-INT-000665,SYNTH-PROC-000665,,MATCHED,L1_EXACT_ORDER_MATCH,0.0,"Merchant order ID, currency, gross amount and configured processor fee all match."
mixed-exceptions,ORDER,SYNTH-ORDER-000666,,SYNTH-INT-000666,SYNTH-PROC-000666,,AMBIGUOUS_MATCH,L1_AMBIGUOUS_CARDINALITY,,The merchant order ID maps to multiple distinct candidate records and requires operator review.
mixed-exceptions,ORDER,SYNTH-ORDER-000667,,SYNTH-INT-000667,SYNTH-PROC-000667,,MATCHED,L1_EXACT_ORDER_MATCH,0.0,"Merchant order ID, currency, gross amount and configured processor fee all match."
mixed-exceptions,ORDER,SYNTH-ORDER-000668,,SYNTH-INT-000668,SYNTH-PROC-000668,,MATCHED,L1_EXACT_ORDER_MATCH,0.0,"Merchant order ID, currency, gross amount and configured processor fee all match."
mixed-exceptions,ORDER,SYNTH-ORDER-000669,,SYNTH-INT-000669,SYNTH-PROC-000669,,FEE_MISMATCH,L1_CONFIGURED_FEE_POLICY,0.37,The processor fee differs from the configured percentage-plus-fixed fee policy.
mixed-exceptions,ORDER,SYNTH-ORDER-000670,,SYNTH-INT-000670,SYNTH-PROC-000670,,MATCHED,L1_EXACT_ORDER_MATCH,0.0,"Merchant order ID, currency, gross amount and configured processor fee all match."
mixed-exceptions,ORDER,SYNTH-ORDER-000671,,SYNTH-INT-000671,SYNTH-PROC-000671,,MATCHED,L1_EXACT_ORDER_MATCH,0.0,"Merchant order ID, currency, gross amount and configured processor fee all match."
mixed-exceptions,ORDER,SYNTH-ORDER-000672,,SYNTH-INT-000672,SYNTH-PROC-000672,,MATCHED,L1_EXACT_ORDER_MATCH,0.0,"Merchant order ID, currency, gross amount and configured processor fee all match."
mixed-exceptions,ORDER,SYNTH-ORDER-000673,,SYNTH-INT-000673,SYNTH-PROC-000673,,MATCHED,L1_EXACT_ORDER_MATCH,0.0,"Merchant order ID, currency, gross amount and configured processor fee all match."
mixed-exceptions,ORDER,SYNTH-ORDER-000674,,SYNTH-INT-000674,SYNTH-PROC-000674,,MATCHED,L1_EXACT_ORDER_MATCH,0.0,"Merchant order ID, currency, gross amount and configured processor fee all match."
mixed-exceptions,ORDER,SYNTH-ORDER-000675,,SYNTH-INT-000675,SYNTH-PROC-000675,,MATCHED,L1_EXACT_ORDER_MATCH,0.0,"Merchant order ID, currency, gross amount and configured processor fee all match."
mixed-exceptions,ORDER,SYNTH-ORDER-000676,,SYNTH-INT-000676,,,MISSING_PROCESSOR,L1_MISSING_PROCESSOR,88.44,The internal payment has no processor transaction with the same merchant order ID.
mixed-exceptions,ORDER,SYNTH-ORDER-000677,,SYNTH-INT-000677,SYNTH-PROC-000677,,MATCHED,L1_EXACT_ORDER_MATCH,0.0,"Merchant order ID, currency, gross amount and configured processor fee all match."
mixed-exceptions,ORDER,SYNTH-ORDER-000678,,SYNTH-INT-000678,SYNTH-PROC-000678,,MATCHED,L1_EXACT_ORDER_MATCH,0.0,"Merchant order ID, currency, gross amount and configured processor fee all match."
mixed-exceptions,ORDER,SYNTH-ORDER-000679,,SYNTH-INT-000679,SYNTH-PROC-000679,,MATCHED,L1_EXACT_ORDER_MATCH,0.0,"Merchant order ID, currency, gross amount and configured processor fee all match."
mixed-exceptions,ORDER,SYNTH-ORDER-000680,,SYNTH-INT-000680,SYNTH-PROC-000680,,MATCHED,L1_EXACT_ORDER_MATCH,0.0,"Merchant order ID, currency, gross amount and configured processor fee all match."
mixed-exceptions,ORDER,SYNTH-ORDER-000681,,SYNTH-INT-000681,SYNTH-PROC-000681,,MATCHED,L1_EXACT_ORDER_MATCH,0.0,"Merchant order ID, currency, gross amount and configured processor fee all match."
mixed-exceptions,ORDER,SYNTH-ORDER-000682,,SYNTH-INT-000682,SYNTH-PROC-000682,,MATCHED,L1_EXACT_ORDER_MATCH,0.0,"Merchant order ID, currency, gross amount and configured processor fee all match."
mixed-exceptions,ORDER,SYNTH-ORDER-000683,,SYNTH-INT-000683,SYNTH-PROC-000683,,MATCHED,L1_EXACT_ORDER_MATCH,0.0,"Merchant order ID, currency, gross amount and configured processor fee all match."
mixed-exceptions,ORDER,SYNTH-ORDER-000684,,SYNTH-INT-000684,SYNTH-PROC-000684,,MATCHED,L1_EXACT_ORDER_MATCH,0.0,"Merchant order ID, currency, gross amount and configured processor fee all match."
mixed-exceptions,ORDER,SYNTH-ORDER-000685,,SYNTH-INT-000685,SYNTH-PROC-000685,,FEE_MISMATCH,L1_CONFIGURED_FEE_POLICY,0.37,The processor fee differs from the configured percentage-plus-fixed fee policy.
mixed-exceptions,ORDER,SYNTH-ORDER-000686,,SYNTH-INT-000686,SYNTH-PROC-000686,,MATCHED,L1_EXACT_ORDER_MATCH,0.0,"Merchant order ID, currency, gross amount and configured processor fee all match."
mixed-exceptions,ORDER,SYNTH-ORDER-000687,,SYNTH-INT-000687,SYNTH-PROC-000687,,MATCHED,L1_EXACT_ORDER_MATCH,0.0,"Merchant order ID, currency, gross amount and configured processor fee all match."
mixed-exceptions,ORDER,SYNTH-ORDER-000688,,SYNTH-INT-000688,SYNTH-PROC-000688,,MATCHED,L1_EXACT_ORDER_MATCH,0.0,"Merchant order ID, currency, gross amount and configured processor fee all match."
mixed-exceptions,ORDER,SYNTH-ORDER-000689,,SYNTH-INT-000689,SYNTH-PROC-000689-REFUND,,REFUND_MATCHED,L1_FULL_REFUND_LINK,0.0,The refund is linked to its original payment and reverses the complete gross amount.
mixed-exceptions,ORDER,SYNTH-ORDER-000690,,SYNTH-INT-000690,SYNTH-PROC-000690,,MATCHED,L1_EXACT_ORDER_MATCH,0.0,"Merchant order ID, currency, gross amount and configured processor fee all match."
mixed-exceptions,ORDER,SYNTH-ORDER-000691,,SYNTH-INT-000691,SYNTH-PROC-000691,,MATCHED,L1_EXACT_ORDER_MATCH,0.0,"Merchant order ID, currency, gross amount and configured processor fee all match."
mixed-exceptions,ORDER,SYNTH-ORDER-000692,,SYNTH-INT-000692,SYNTH-PROC-000692,,MATCHED,L1_EXACT_ORDER_MATCH,0.0,"Merchant order ID, currency, gross amount and configured processor fee all match."
mixed-exceptions,ORDER,SYNTH-ORDER-000693,,SYNTH-INT-000693,SYNTH-PROC-000693,,MATCHED,L1_EXACT_ORDER_MATCH,0.0,"Merchant order ID, currency, gross amount and configured processor fee all match."
mixed-exceptions,ORDER,SYNTH-ORDER-000694,,SYNTH-INT-000694,SYNTH-PROC-000694,,MATCHED,L1_EXACT_ORDER_MATCH,0.0,"Merchant order ID, currency, gross amount and configured processor fee all match."
mixed-exceptions,ORDER,SYNTH-ORDER-000695,,SYNTH-INT-000695,SYNTH-PROC-000695,,MATCHED,L1_EXACT_ORDER_MATCH,0.0,"Merchant order ID, currency, gross amount and configured processor fee all match."
mixed-exceptions,ORDER,SYNTH-ORDER-000696,,SYNTH-INT-000696,SYNTH-PROC-000696,,MATCHED,L1_EXACT_ORDER_MATCH,0.0,"Merchant order ID, currency, gross amount and configured processor fee all match."
mixed-exceptions,ORDER,SYNTH-ORDER-000697,,SYNTH-INT-000697,SYNTH-PROC-000697,,MATCHED,L1_EXACT_ORDER_MATCH,0.0,"Merchant order ID, currency, gross amount and configured processor fee all match."
mixed-exceptions,ORDER,SYNTH-ORDER-000698,,SYNTH-INT-000698,SYNTH-PROC-000698,,MATCHED,L1_EXACT_ORDER_MATCH,0.0,"Merchant order ID, currency, gross amount and configured processor fee all match."
mixed-exceptions,ORDER,SYNTH-ORDER-000699,,SYNTH-INT-000699,SYNTH-PROC-000699,,MATCHED,L1_EXACT_ORDER_MATCH,0.0,"Merchant order ID, currency, gross amount and configured processor fee all match."
mixed-exceptions,ORDER,SYNTH-ORDER-000700,,SYNTH-INT-000700,SYNTH-PROC-000700,,MATCHED,L1_EXACT_ORDER_MATCH,0.0,"Merchant order ID, currency, gross amount and configured processor fee all match."
mixed-exceptions,ORDER,SYNTH-ORDER-000701,,SYNTH-INT-000701,SYNTH-PROC-000701,,MATCHED,L1_EXACT_ORDER_MATCH,0.0,"Merchant order ID, currency, gross amount and configured processor fee all match."
mixed-exceptions,ORDER,SYNTH-ORDER-000702,,SYNTH-INT-000702,SYNTH-PROC-000702-REFUND,,PARTIAL_REFUND,L1_PARTIAL_REFUND_LINK,1058.88,The refund is linked to its original payment and reverses part of the gross amount.
mixed-exceptions,ORDER,SYNTH-ORDER-000703,,SYNTH-INT-000703,SYNTH-PROC-000703,,MATCHED,L1_EXACT_ORDER_MATCH,0.0,"Merchant order ID, currency, gross amount and configured processor fee all match."
mixed-exceptions,ORDER,SYNTH-ORDER-000704,,SYNTH-INT-000704,SYNTH-PROC-000704,,MATCHED,L1_EXACT_ORDER_MATCH,0.0,"Merchant order ID, currency, gross amount and configured processor fee all match."
mixed-exceptions,ORDER,SYNTH-ORDER-000705,,SYNTH-INT-000705,SYNTH-PROC-000705,,CURRENCY_MISMATCH,L1_CURRENCY_EQUALITY,,Internal and processor currencies differ; amounts were not compared across currencies.
mixed-exceptions,ORDER,SYNTH-ORDER-000706,,SYNTH-INT-000706,SYNTH-PROC-000706,,MATCHED,L1_EXACT_ORDER_MATCH,0.0,"Merchant order ID, currency, gross amount and configured processor fee all match."
mixed-exceptions,ORDER,SYNTH-ORDER-000707,,SYNTH-INT-000707,SYNTH-PROC-000707,,MATCHED,L1_EXACT_ORDER_MATCH,0.0,"Merchant order ID, currency, gross amount and configured processor fee all match."
mixed-exceptions,ORDER,SYNTH-ORDER-000708,,SYNTH-INT-000708,SYNTH-PROC-000708,,MATCHED,L1_EXACT_ORDER_MATCH,0.0,"Merchant order ID, currency, gross amount and configured processor fee all match."
mixed-exceptions,ORDER,SYNTH-ORDER-000709,,SYNTH-INT-000709,SYNTH-PROC-000709,,MATCHED,L1_EXACT_ORDER_MATCH,0.0,"Merchant order ID, currency, gross amount and configured processor fee all match."
mixed-exceptions,ORDER,SYNTH-ORDER-000710,,SYNTH-INT-000710,SYNTH-PROC-000710,,MATCHED,L1_EXACT_ORDER_MATCH,0.0,"Merchant order ID, currency, gross amount and configured processor fee all match."
mixed-exceptions,ORDER,SYNTH-ORDER-000711,,SYNTH-INT-000711,SYNTH-PROC-000711,,MATCHED,L1_EXACT_ORDER_MATCH,0.0,"Merchant order ID, currency, gross amount and configured processor fee all match."
mixed-exceptions,ORDER,SYNTH-ORDER-000712,,SYNTH-INT-000712,SYNTH-PROC-000712,,MATCHED,L1_EXACT_ORDER_MATCH,0.0,"Merchant order ID, currency, gross amount and configured processor fee all match."
mixed-exceptions,ORDER,SYNTH-ORDER-000713,,SYNTH-INT-000713,SYNTH-PROC-000713,,MATCHED,L1_EXACT_ORDER_MATCH,0.0,"Merchant order ID, currency, gross amount and configured processor fee all match."
mixed-exceptions,ORDER,SYNTH-ORDER-000714,,SYNTH-INT-000714,SYNTH-PROC-000714,,MATCHED,L1_EXACT_ORDER_MATCH,0.0,"Merchant order ID, currency, gross amount and configured processor fee all match."
mixed-exceptions,ORDER,SYNTH-ORDER-000715,,SYNTH-INT-000715,SYNTH-PROC-000715,,MATCHED,L1_EXACT_ORDER_MATCH,0.0,"Merchant order ID, currency, gross amount and configured processor fee all match."
mixed-exceptions,ORDER,SYNTH-ORDER-000716,,SYNTH-INT-000716,SYNTH-PROC-000716,,MATCHED,L1_EXACT_ORDER_MATCH,0.0,"Merchant order ID, currency, gross amount and configured processor fee all match."
mixed-exceptions,ORDER,SYNTH-ORDER-000717,,SYNTH-INT-000717,SYNTH-PROC-000717,,MATCHED,L1_EXACT_ORDER_MATCH,0.0,"Merchant order ID, currency, gross amount and configured processor fee all match."
mixed-exceptions,ORDER,SYNTH-ORDER-000718,,SYNTH-INT-000718,SYNTH-PROC-000718,,MATCHED,L1_EXACT_ORDER_MATCH,0.0,"Merchant order ID, currency, gross amount and configured processor fee all match."
mixed-exceptions,ORDER,SYNTH-ORDER-000719,,SYNTH-INT-000719,SYNTH-PROC-000719,,MATCHED,L1_EXACT_ORDER_MATCH,0.0,"Merchant order ID, currency, gross amount and configured processor fee all match."
mixed-exceptions,ORDER,SYNTH-ORDER-000720,,SYNTH-INT-000720,SYNTH-PROC-000720,,MATCHED,L1_EXACT_ORDER_MATCH,0.0,"Merchant order ID, currency, gross amount and configured processor fee all match."
mixed-exceptions,ORDER,SYNTH-ORDER-000721,,SYNTH-INT-000721,SYNTH-PROC-000721,,DUPLICATE_PROCESSOR,L1_DUPLICATE_PROCESSOR,,More than one processor row uses the same processor transaction identifier.
mixed-exceptions,ORDER,SYNTH-ORDER-000722,,SYNTH-INT-000722,SYNTH-PROC-000722,,MATCHED,L1_EXACT_ORDER_MATCH,0.0,"Merchant order ID, currency, gross amount and configured processor fee all match."
mixed-exceptions,ORDER,SYNTH-ORDER-000723,,SYNTH-INT-000723,SYNTH-PROC-000723,,MATCHED,L1_EXACT_ORDER_MATCH,0.0,"Merchant order ID, currency, gross amount and configured processor fee all match."
mixed-exceptions,ORDER,SYNTH-ORDER-000724,,SYNTH-INT-000724,SYNTH-PROC-000724,,MATCHED,L1_EXACT_ORDER_MATCH,0.0,"Merchant order ID, currency, gross amount and configured processor fee all match."
mixed-exceptions,ORDER,SYNTH-ORDER-000725,,SYNTH-INT-000725,SYNTH-PROC-000725,,MATCHED,L1_EXACT_ORDER_MATCH,0.0,"Merchant order ID, currency, gross amount and configured processor fee all match."
mixed-exceptions,ORDER,SYNTH-ORDER-000726,,SYNTH-INT-000726,SYNTH-PROC-000726,,MATCHED,L1_EXACT_ORDER_MATCH,0.0,"Merchant order ID, currency, gross amount and configured processor fee all match."
mixed-exceptions,ORDER,SYNTH-ORDER-000727,,SYNTH-INT-000727,SYNTH-PROC-000727,,MATCHED,L1_EXACT_ORDER_MATCH,0.0,"Merchant order ID, currency, gross amount and configured processor fee all match."
mixed-exceptions,ORDER,SYNTH-ORDER-000728,,SYNTH-INT-000728,SYNTH-PROC-000728,,MATCHED,L1_EXACT_ORDER_MATCH,0.0,"Merchant order ID, currency, gross amount and configured processor fee all match."
mixed-exceptions,ORDER,SYNTH-ORDER-000729,,SYNTH-INT-000729,SYNTH-PROC-000729,,MATCHED,L1_EXACT_ORDER_MATCH,0.0,"Merchant order ID, currency, gross amount and configured processor fee all match."
mixed-exceptions,ORDER,SYNTH-ORDER-000730,,SYNTH-INT-000730,SYNTH-PROC-000730,,MATCHED,L1_EXACT_ORDER_MATCH,0.0,"Merchant order ID, currency, gross amount and configured processor fee all match."
mixed-exceptions,ORDER,SYNTH-ORDER-000731,,SYNTH-INT-000731,SYNTH-PROC-000731,,MATCHED,L1_EXACT_ORDER_MATCH,0.0,"Merchant order ID, currency, gross amount and configured processor fee all match."
mixed-exceptions,ORDER,SYNTH-ORDER-000732,,SYNTH-INT-000732,SYNTH-PROC-000732,,MATCHED,L1_EXACT_ORDER_MATCH,0.0,"Merchant order ID, currency, gross amount and configured processor fee all match."
mixed-exceptions,ORDER,SYNTH-ORDER-000733,,SYNTH-INT-000733,SYNTH-PROC-000733,,MATCHED,L1_EXACT_ORDER_MATCH,0.0,"Merchant order ID, currency, gross amount and configured processor fee all match."
mixed-exceptions,ORDER,SYNTH-ORDER-000734,,SYNTH-INT-000734,SYNTH-PROC-000734,,MATCHED,L1_EXACT_ORDER_MATCH,0.0,"Merchant order ID, currency, gross amount and configured processor fee all match."
mixed-exceptions,ORDER,SYNTH-ORDER-000735,,SYNTH-INT-000735,SYNTH-PROC-000735,,AMOUNT_MISMATCH,L1_GROSS_AMOUNT_EQUALITY,1.11,The processor gross amount differs from the internal ledger amount.
mixed-exceptions,ORDER,SYNTH-ORDER-000736,,SYNTH-INT-000736,SYNTH-PROC-000736,,MATCHED,L1_EXACT_ORDER_MATCH,0.0,"Merchant order ID, currency, gross amount and configured processor fee all match."
mixed-exceptions,ORDER,SYNTH-ORDER-000737,,SYNTH-INT-000737,SYNTH-PROC-000737,,MATCHED,L1_EXACT_ORDER_MATCH,0.0,"Merchant order ID, currency, gross amount and configured processor fee all match."
mixed-exceptions,ORDER,SYNTH-ORDER-000738,,SYNTH-INT-000738,SYNTH-PROC-000738,,MATCHED,L1_EXACT_ORDER_MATCH,0.0,"Merchant order ID, currency, gross amount and configured processor fee all match."
mixed-exceptions,ORDER,SYNTH-ORDER-000739,,SYNTH-INT-000739,SYNTH-PROC-000739,,MATCHED,L1_EXACT_ORDER_MATCH,0.0,"Merchant order ID, currency, gross amount and configured processor fee all match."
mixed-exceptions,ORDER,SYNTH-ORDER-000740,,SYNTH-INT-000740,SYNTH-PROC-000740,,MATCHED,L1_EXACT_ORDER_MATCH,0.0,"Merchant order ID, currency, gross amount and configured processor fee all match."
mixed-exceptions,ORDER,SYNTH-ORDER-000741,,SYNTH-INT-000741,SYNTH-PROC-000741,,MATCHED,L1_EXACT_ORDER_MATCH,0.0,"Merchant order ID, currency, gross amount and configured processor fee all match."
mixed-exceptions,ORDER,SYNTH-ORDER-000742,,SYNTH-INT-000742,SYNTH-PROC-000742,,MATCHED,L1_EXACT_ORDER_MATCH,0.0,"Merchant order ID, currency, gross amount and configured processor fee all match."
mixed-exceptions,ORDER,SYNTH-ORDER-000743,,SYNTH-INT-000743,SYNTH-PROC-000743,,MATCHED,L1_EXACT_ORDER_MATCH,0.0,"Merchant order ID, currency, gross amount and configured processor fee all match."
mixed-exceptions,ORDER,SYNTH-ORDER-000744,,SYNTH-INT-000744,SYNTH-PROC-000744,,MATCHED,L1_EXACT_ORDER_MATCH,0.0,"Merchant order ID, currency, gross amount and configured processor fee all match."
mixed-exceptions,ORDER,SYNTH-ORDER-000745,,SYNTH-INT-000745,SYNTH-PROC-000745,,MATCHED,L1_EXACT_ORDER_MATCH,0.0,"Merchant order ID, currency, gross amount and configured processor fee all match."
mixed-exceptions,ORDER,SYNTH-ORDER-000746,,SYNTH-INT-000746,SYNTH-PROC-000746-REFUND,,REFUND_MATCHED,L1_FULL_REFUND_LINK,0.0,The refund is linked to its original payment and reverses the complete gross amount.
mixed-exceptions,ORDER,SYNTH-ORDER-000747,,SYNTH-INT-000747,SYNTH-PROC-000747,,MATCHED,L1_EXACT_ORDER_MATCH,0.0,"Merchant order ID, currency, gross amount and configured processor fee all match."
mixed-exceptions,ORDER,SYNTH-ORDER-000748,,SYNTH-INT-000748,SYNTH-PROC-000748,,MATCHED,L1_EXACT_ORDER_MATCH,0.0,"Merchant order ID, currency, gross amount and configured processor fee all match."
mixed-exceptions,ORDER,SYNTH-ORDER-000749,,SYNTH-INT-000749,SYNTH-PROC-000749,,MATCHED,L1_EXACT_ORDER_MATCH,0.0,"Merchant order ID, currency, gross amount and configured processor fee all match."
mixed-exceptions,ORDER,SYNTH-ORDER-000750,,SYNTH-INT-000750,SYNTH-PROC-000750,,MATCHED,L1_EXACT_ORDER_MATCH,0.0,"Merchant order ID, currency, gross amount and configured processor fee all match."
mixed-exceptions,ORDER,SYNTH-ORDER-000751,,SYNTH-INT-000751,SYNTH-PROC-000751-REFUND,,REFUND_MATCHED,L1_FULL_REFUND_LINK,0.0,The refund is linked to its original payment and reverses the complete gross amount.
mixed-exceptions,ORDER,SYNTH-ORDER-000752,,SYNTH-INT-000752,SYNTH-PROC-000752,,MATCHED,L1_EXACT_ORDER_MATCH,0.0,"Merchant order ID, currency, gross amount and configured processor fee all match."
mixed-exceptions,ORDER,SYNTH-ORDER-000753,,SYNTH-INT-000753,SYNTH-PROC-000753,,MATCHED,L1_EXACT_ORDER_MATCH,0.0,"Merchant order ID, currency, gross amount and configured processor fee all match."
mixed-exceptions,ORDER,SYNTH-ORDER-000754,,SYNTH-INT-000754,SYNTH-PROC-000754,,MATCHED,L1_EXACT_ORDER_MATCH,0.0,"Merchant order ID, currency, gross amount and configured processor fee all match."
mixed-exceptions,ORDER,SYNTH-ORDER-000755,,SYNTH-INT-000755,SYNTH-PROC-000755,,MATCHED,L1_EXACT_ORDER_MATCH,0.0,"Merchant order ID, currency, gross amount and configured processor fee all match."
mixed-exceptions,ORDER,SYNTH-ORDER-000756,,SYNTH-INT-000756,SYNTH-PROC-000756,,MATCHED,L1_EXACT_ORDER_MATCH,0.0,"Merchant order ID, currency, gross amount and configured processor fee all match."
mixed-exceptions,ORDER,SYNTH-ORDER-000757,,SYNTH-INT-000757,SYNTH-PROC-000757,,MATCHED,L1_EXACT_ORDER_MATCH,0.0,"Merchant order ID, currency, gross amount and configured processor fee all match."
mixed-exceptions,ORDER,SYNTH-ORDER-000758,,SYNTH-INT-000758,SYNTH-PROC-000758,,MATCHED,L1_EXACT_ORDER_MATCH,0.0,"Merchant order ID, currency, gross amount and configured processor fee all match."
mixed-exceptions,ORDER,SYNTH-ORDER-000759,,SYNTH-INT-000759,SYNTH-PROC-000759,,MATCHED,L1_EXACT_ORDER_MATCH,0.0,"Merchant order ID, currency, gross amount and configured processor fee all match."
mixed-exceptions,ORDER,SYNTH-ORDER-000760,,SYNTH-INT-000760,SYNTH-PROC-000760,,MATCHED,L1_EXACT_ORDER_MATCH,0.0,"Merchant order ID, currency, gross amount and configured processor fee all match."
mixed-exceptions,ORDER,SYNTH-ORDER-000761,,SYNTH-INT-000761,SYNTH-PROC-000761,,MATCHED,L1_EXACT_ORDER_MATCH,0.0,"Merchant order ID, currency, gross amount and configured processor fee all match."
mixed-exceptions,ORDER,SYNTH-ORDER-000762,,SYNTH-INT-000762,SYNTH-PROC-000762,,MATCHED,L1_EXACT_ORDER_MATCH,0.0,"Merchant order ID, currency, gross amount and configured processor fee all match."
mixed-exceptions,ORDER,SYNTH-ORDER-000763,,SYNTH-INT-000763,SYNTH-PROC-000763,,MATCHED,L1_EXACT_ORDER_MATCH,0.0,"Merchant order ID, currency, gross amount and configured processor fee all match."
mixed-exceptions,ORDER,SYNTH-ORDER-000764,,SYNTH-INT-000764,SYNTH-PROC-000764,,MATCHED,L1_EXACT_ORDER_MATCH,0.0,"Merchant order ID, currency, gross amount and configured processor fee all match."
mixed-exceptions,ORDER,SYNTH-ORDER-000765,,SYNTH-INT-000765,SYNTH-PROC-000765,,CURRENCY_MISMATCH,L1_CURRENCY_EQUALITY,,Internal and processor currencies differ; amounts were not compared across currencies.
mixed-exceptions,ORDER,SYNTH-ORDER-000766,,SYNTH-INT-000766,SYNTH-PROC-000766,,MATCHED,L1_EXACT_ORDER_MATCH,0.0,"Merchant order ID, currency, gross amount and configured processor fee all match."
mixed-exceptions,ORDER,SYNTH-ORDER-000767,,SYNTH-INT-000767,SYNTH-PROC-000767,,MATCHED,L1_EXACT_ORDER_MATCH,0.0,"Merchant order ID, currency, gross amount and configured processor fee all match."
mixed-exceptions,ORDER,SYNTH-ORDER-000768,,SYNTH-INT-000768,SYNTH-PROC-000768,,MATCHED,L1_EXACT_ORDER_MATCH,0.0,"Merchant order ID, currency, gross amount and configured processor fee all match."
mixed-exceptions,ORDER,SYNTH-ORDER-000769,,SYNTH-INT-000769,SYNTH-PROC-000769,,AMOUNT_MISMATCH,L1_GROSS_AMOUNT_EQUALITY,1.11,The processor gross amount differs from the internal ledger amount.
mixed-exceptions,ORDER,SYNTH-ORDER-000770,,SYNTH-INT-000770,SYNTH-PROC-000770,,MATCHED,L1_EXACT_ORDER_MATCH,0.0,"Merchant order ID, currency, gross amount and configured processor fee all match."
mixed-exceptions,ORDER,SYNTH-ORDER-000771,,SYNTH-INT-000771,SYNTH-PROC-000771,,MATCHED,L1_EXACT_ORDER_MATCH,0.0,"Merchant order ID, currency, gross amount and configured processor fee all match."
mixed-exceptions,ORDER,SYNTH-ORDER-000772,,SYNTH-INT-000772,SYNTH-PROC-000772,,MATCHED,L1_EXACT_ORDER_MATCH,0.0,"Merchant order ID, currency, gross amount and configured processor fee all match."
mixed-exceptions,ORDER,SYNTH-ORDER-000773,,SYNTH-INT-000773,SYNTH-PROC-000773,,MATCHED,L1_EXACT_ORDER_MATCH,0.0,"Merchant order ID, currency, gross amount and configured processor fee all match."
mixed-exceptions,ORDER,SYNTH-ORDER-000774,,SYNTH-INT-000774,SYNTH-PROC-000774,,MATCHED,L1_EXACT_ORDER_MATCH,0.0,"Merchant order ID, currency, gross amount and configured processor fee all match."
mixed-exceptions,ORDER,SYNTH-ORDER-000775,,SYNTH-INT-000775,SYNTH-PROC-000775,,AMOUNT_MISMATCH,L1_GROSS_AMOUNT_EQUALITY,1.11,The processor gross amount differs from the internal ledger amount.
mixed-exceptions,ORDER,SYNTH-ORDER-000776,,SYNTH-INT-000776,SYNTH-PROC-000776,,MATCHED,L1_EXACT_ORDER_MATCH,0.0,"Merchant order ID, currency, gross amount and configured processor fee all match."
mixed-exceptions,ORDER,SYNTH-ORDER-000777,,SYNTH-INT-000777,SYNTH-PROC-000777,,MATCHED,L1_EXACT_ORDER_MATCH,0.0,"Merchant order ID, currency, gross amount and configured processor fee all match."
mixed-exceptions,ORDER,SYNTH-ORDER-000778,,SYNTH-INT-000778,SYNTH-PROC-000778,,MATCHED,L1_EXACT_ORDER_MATCH,0.0,"Merchant order ID, currency, gross amount and configured processor fee all match."
mixed-exceptions,ORDER,SYNTH-ORDER-000779,,SYNTH-INT-000779,SYNTH-PROC-000779,,MATCHED,L1_EXACT_ORDER_MATCH,0.0,"Merchant order ID, currency, gross amount and configured processor fee all match."
mixed-exceptions,ORDER,SYNTH-ORDER-000780,,SYNTH-INT-000780,SYNTH-PROC-000780,,MATCHED,L1_EXACT_ORDER_MATCH,0.0,"Merchant order ID, currency, gross amount and configured processor fee all match."
mixed-exceptions,ORDER,SYNTH-ORDER-000781,,SYNTH-INT-000781,SYNTH-PROC-000781,,MATCHED,L1_EXACT_ORDER_MATCH,0.0,"Merchant order ID, currency, gross amount and configured processor fee all match."
mixed-exceptions,ORDER,SYNTH-ORDER-000782,,SYNTH-INT-000782,SYNTH-PROC-000782,,MATCHED,L1_EXACT_ORDER_MATCH,0.0,"Merchant order ID, currency, gross amount and configured processor fee all match."
mixed-exceptions,ORDER,SYNTH-ORDER-000783,,SYNTH-INT-000783,SYNTH-PROC-000783,,AMOUNT_MISMATCH,L1_GROSS_AMOUNT_EQUALITY,1.11,The processor gross amount differs from the internal ledger amount.
mixed-exceptions,ORDER,SYNTH-ORDER-000784,,SYNTH-INT-000784,SYNTH-PROC-000784,,MATCHED,L1_EXACT_ORDER_MATCH,0.0,"Merchant order ID, currency, gross amount and configured processor fee all match."
mixed-exceptions,ORDER,SYNTH-ORDER-000785,,SYNTH-INT-000785,SYNTH-PROC-000785,,MATCHED,L1_EXACT_ORDER_MATCH,0.0,"Merchant order ID, currency, gross amount and configured processor fee all match."
mixed-exceptions,ORDER,SYNTH-ORDER-000786,,SYNTH-INT-000786,SYNTH-PROC-000786,,MATCHED,L1_EXACT_ORDER_MATCH,0.0,"Merchant order ID, currency, gross amount and configured processor fee all match."
mixed-exceptions,ORDER,SYNTH-ORDER-000787,,SYNTH-INT-000787,SYNTH-PROC-000787,,MATCHED,L1_EXACT_ORDER_MATCH,0.0,"Merchant order ID, currency, gross amount and configured processor fee all match."
mixed-exceptions,ORDER,SYNTH-ORDER-000788,,SYNTH-INT-000788,SYNTH-PROC-000788,,MATCHED,L1_EXACT_ORDER_MATCH,0.0,"Merchant order ID, currency, gross amount and configured processor fee all match."
mixed-exceptions,ORDER,SYNTH-ORDER-000789,,SYNTH-INT-000789,SYNTH-PROC-000789,,MATCHED,L1_EXACT_ORDER_MATCH,0.0,"Merchant order ID, currency, gross amount and configured processor fee all match."
mixed-exceptions,ORDER,SYNTH-ORDER-000790,,SYNTH-INT-000790,SYNTH-PROC-000790,,MATCHED,L1_EXACT_ORDER_MATCH,0.0,"Merchant order ID, currency, gross amount and configured processor fee all match."
mixed-exceptions,ORDER,SYNTH-ORDER-000791,,SYNTH-INT-000791,SYNTH-PROC-000791,,MATCHED,L1_EXACT_ORDER_MATCH,0.0,"Merchant order ID, currency, gross amount and configured processor fee all match."
mixed-exceptions,ORDER,SYNTH-ORDER-000792,,SYNTH-INT-000792,SYNTH-PROC-000792,,MATCHED,L1_EXACT_ORDER_MATCH,0.0,"Merchant order ID, currency, gross amount and configured processor fee all match."
mixed-exceptions,ORDER,SYNTH-ORDER-000793,,SYNTH-INT-000793,SYNTH-PROC-000793,,MATCHED,L1_EXACT_ORDER_MATCH,0.0,"Merchant order ID, currency, gross amount and configured processor fee all match."
mixed-exceptions,ORDER,SYNTH-ORDER-000794,,SYNTH-INT-000794,SYNTH-PROC-000794,,MATCHED,L1_EXACT_ORDER_MATCH,0.0,"Merchant order ID, currency, gross amount and configured processor fee all match."
mixed-exceptions,ORDER,SYNTH-ORDER-000795,,SYNTH-INT-000795,SYNTH-PROC-000795-REFUND,,REFUND_MATCHED,L1_FULL_REFUND_LINK,0.0,The refund is linked to its original payment and reverses the complete gross amount.
mixed-exceptions,ORDER,SYNTH-ORDER-000796,,SYNTH-INT-000796,SYNTH-PROC-000796,,MATCHED,L1_EXACT_ORDER_MATCH,0.0,"Merchant order ID, currency, gross amount and configured processor fee all match."
mixed-exceptions,ORDER,SYNTH-ORDER-000797,,SYNTH-INT-000797,SYNTH-PROC-000797,,MATCHED,L1_EXACT_ORDER_MATCH,0.0,"Merchant order ID, currency, gross amount and configured processor fee all match."
mixed-exceptions,ORDER,SYNTH-ORDER-000798,,SYNTH-INT-000798,,,MISSING_PROCESSOR,L1_MISSING_PROCESSOR,1562.03,The internal payment has no processor transaction with the same merchant order ID.
mixed-exceptions,ORDER,SYNTH-ORDER-000799,,SYNTH-INT-000799,SYNTH-PROC-000799,,MATCHED,L1_EXACT_ORDER_MATCH,0.0,"Merchant order ID, currency, gross amount and configured processor fee all match."
mixed-exceptions,ORDER,SYNTH-ORDER-000800,,SYNTH-INT-000800,SYNTH-PROC-000800,,AMBIGUOUS_MATCH,L1_AMBIGUOUS_CARDINALITY,,The merchant order ID maps to multiple distinct candidate records and requires operator review.
mixed-exceptions,ORDER,SYNTH-ORDER-000801,,SYNTH-INT-000801,SYNTH-PROC-000801,,MATCHED,L1_EXACT_ORDER_MATCH,0.0,"Merchant order ID, currency, gross amount and configured processor fee all match."
mixed-exceptions,ORDER,SYNTH-ORDER-000802,,SYNTH-INT-000802,SYNTH-PROC-000802,,MATCHED,L1_EXACT_ORDER_MATCH,0.0,"Merchant order ID, currency, gross amount and configured processor fee all match."
mixed-exceptions,ORDER,SYNTH-ORDER-000803,,SYNTH-INT-000803,SYNTH-PROC-000803,,MATCHED,L1_EXACT_ORDER_MATCH,0.0,"Merchant order ID, currency, gross amount and configured processor fee all match."
mixed-exceptions,ORDER,SYNTH-ORDER-000804,,SYNTH-INT-000804,SYNTH-PROC-000804,,MATCHED,L1_EXACT_ORDER_MATCH,0.0,"Merchant order ID, currency, gross amount and configured processor fee all match."
mixed-exceptions,ORDER,SYNTH-ORDER-000805,,SYNTH-INT-000805,SYNTH-PROC-000805,,MATCHED,L1_EXACT_ORDER_MATCH,0.0,"Merchant order ID, currency, gross amount and configured processor fee all match."
mixed-exceptions,ORDER,SYNTH-ORDER-000806,,SYNTH-INT-000806,SYNTH-PROC-000806,,MATCHED,L1_EXACT_ORDER_MATCH,0.0,"Merchant order ID, currency, gross amount and configured processor fee all match."
mixed-exceptions,ORDER,SYNTH-ORDER-000807,,SYNTH-INT-000807,SYNTH-PROC-000807,,AMBIGUOUS_MATCH,L1_AMBIGUOUS_CARDINALITY,,The merchant order ID maps to multiple distinct candidate records and requires operator review.
mixed-exceptions,ORDER,SYNTH-ORDER-000808,,SYNTH-INT-000808,SYNTH-PROC-000808,,MATCHED,L1_EXACT_ORDER_MATCH,0.0,"Merchant order ID, currency, gross amount and configured processor fee all match."
mixed-exceptions,ORDER,SYNTH-ORDER-000809,,SYNTH-INT-000809,SYNTH-PROC-000809,,MATCHED,L1_EXACT_ORDER_MATCH,0.0,"Merchant order ID, currency, gross amount and configured processor fee all match."
mixed-exceptions,ORDER,SYNTH-ORDER-000810,,SYNTH-INT-000810,SYNTH-PROC-000810,,MATCHED,L1_EXACT_ORDER_MATCH,0.0,"Merchant order ID, currency, gross amount and configured processor fee all match."
mixed-exceptions,ORDER,SYNTH-ORDER-000811,,SYNTH-INT-000811,SYNTH-PROC-000811,,MATCHED,L1_EXACT_ORDER_MATCH,0.0,"Merchant order ID, currency, gross amount and configured processor fee all match."
mixed-exceptions,ORDER,SYNTH-ORDER-000812,,SYNTH-INT-000812,SYNTH-PROC-000812,,MATCHED,L1_EXACT_ORDER_MATCH,0.0,"Merchant order ID, currency, gross amount and configured processor fee all match."
mixed-exceptions,ORDER,SYNTH-ORDER-000813,,SYNTH-INT-000813,SYNTH-PROC-000813,,MATCHED,L1_EXACT_ORDER_MATCH,0.0,"Merchant order ID, currency, gross amount and configured processor fee all match."
mixed-exceptions,ORDER,SYNTH-ORDER-000814,,SYNTH-INT-000814,SYNTH-PROC-000814,,MATCHED,L1_EXACT_ORDER_MATCH,0.0,"Merchant order ID, currency, gross amount and configured processor fee all match."
mixed-exceptions,ORDER,SYNTH-ORDER-000815,,SYNTH-INT-000815,SYNTH-PROC-000815,,MATCHED,L1_EXACT_ORDER_MATCH,0.0,"Merchant order ID, currency, gross amount and configured processor fee all match."
mixed-exceptions,ORDER,SYNTH-ORDER-000816,,SYNTH-INT-000816,SYNTH-PROC-000816,,AMOUNT_MISMATCH,L1_GROSS_AMOUNT_EQUALITY,1.11,The processor gross amount differs from the internal ledger amount.
mixed-exceptions,ORDER,SYNTH-ORDER-000817,,SYNTH-INT-000817,SYNTH-PROC-000817,,MATCHED,L1_EXACT_ORDER_MATCH,0.0,"Merchant order ID, currency, gross amount and configured processor fee all match."
mixed-exceptions,ORDER,SYNTH-ORDER-000818,,SYNTH-INT-000818,SYNTH-PROC-000818,,MATCHED,L1_EXACT_ORDER_MATCH,0.0,"Merchant order ID, currency, gross amount and configured processor fee all match."
mixed-exceptions,ORDER,SYNTH-ORDER-000819,,SYNTH-INT-000819,SYNTH-PROC-000819,,MATCHED,L1_EXACT_ORDER_MATCH,0.0,"Merchant order ID, currency, gross amount and configured processor fee all match."
mixed-exceptions,ORDER,SYNTH-ORDER-000820,,SYNTH-INT-000820,SYNTH-PROC-000820,,MATCHED,L1_EXACT_ORDER_MATCH,0.0,"Merchant order ID, currency, gross amount and configured processor fee all match."
mixed-exceptions,ORDER,SYNTH-ORDER-000821,,SYNTH-INT-000821,SYNTH-PROC-000821,,DUPLICATE_INTERNAL,L1_DUPLICATE_INTERNAL,,More than one internal row uses the same internal payment identifier.
mixed-exceptions,ORDER,SYNTH-ORDER-000822,,SYNTH-INT-000822,SYNTH-PROC-000822,,MATCHED,L1_EXACT_ORDER_MATCH,0.0,"Merchant order ID, currency, gross amount and configured processor fee all match."
mixed-exceptions,ORDER,SYNTH-ORDER-000823,,SYNTH-INT-000823,SYNTH-PROC-000823,,MATCHED,L1_EXACT_ORDER_MATCH,0.0,"Merchant order ID, currency, gross amount and configured processor fee all match."
mixed-exceptions,ORDER,SYNTH-ORDER-000824,,SYNTH-INT-000824,SYNTH-PROC-000824,,MATCHED,L1_EXACT_ORDER_MATCH,0.0,"Merchant order ID, currency, gross amount and configured processor fee all match."
mixed-exceptions,ORDER,SYNTH-ORDER-000825,,SYNTH-INT-000825,SYNTH-PROC-000825,,MATCHED,L1_EXACT_ORDER_MATCH,0.0,"Merchant order ID, currency, gross amount and configured processor fee all match."
mixed-exceptions,ORDER,SYNTH-ORDER-000826,,SYNTH-INT-000826,SYNTH-PROC-000826,,AMBIGUOUS_MATCH,L1_AMBIGUOUS_CARDINALITY,,The merchant order ID maps to multiple distinct candidate records and requires operator review.
mixed-exceptions,ORDER,SYNTH-ORDER-000827,,SYNTH-INT-000827,SYNTH-PROC-000827,,MATCHED,L1_EXACT_ORDER_MATCH,0.0,"Merchant order ID, currency, gross amount and configured processor fee all match."
mixed-exceptions,ORDER,SYNTH-ORDER-000828,,SYNTH-INT-000828,SYNTH-PROC-000828,,MATCHED,L1_EXACT_ORDER_MATCH,0.0,"Merchant order ID, currency, gross amount and configured processor fee all match."
mixed-exceptions,ORDER,SYNTH-ORDER-000829,,SYNTH-INT-000829,SYNTH-PROC-000829,,MATCHED,L1_EXACT_ORDER_MATCH,0.0,"Merchant order ID, currency, gross amount and configured processor fee all match."
mixed-exceptions,ORDER,SYNTH-ORDER-000830,,SYNTH-INT-000830,SYNTH-PROC-000830,,MATCHED,L1_EXACT_ORDER_MATCH,0.0,"Merchant order ID, currency, gross amount and configured processor fee all match."
mixed-exceptions,ORDER,SYNTH-ORDER-000831,,SYNTH-INT-000831,SYNTH-PROC-000831,,AMBIGUOUS_MATCH,L1_AMBIGUOUS_CARDINALITY,,The merchant order ID maps to multiple distinct candidate records and requires operator review.
mixed-exceptions,ORDER,SYNTH-ORDER-000832,,SYNTH-INT-000832,SYNTH-PROC-000832,,MATCHED,L1_EXACT_ORDER_MATCH,0.0,"Merchant order ID, currency, gross amount and configured processor fee all match."
mixed-exceptions,ORDER,SYNTH-ORDER-000833,,SYNTH-INT-000833,SYNTH-PROC-000833,,MATCHED,L1_EXACT_ORDER_MATCH,0.0,"Merchant order ID, currency, gross amount and configured processor fee all match."
mixed-exceptions,ORDER,SYNTH-ORDER-000834,,SYNTH-INT-000834,SYNTH-PROC-000834,,MATCHED,L1_EXACT_ORDER_MATCH,0.0,"Merchant order ID, currency, gross amount and configured processor fee all match."
mixed-exceptions,ORDER,SYNTH-ORDER-000835,,SYNTH-INT-000835,SYNTH-PROC-000835,,MATCHED,L1_EXACT_ORDER_MATCH,0.0,"Merchant order ID, currency, gross amount and configured processor fee all match."
mixed-exceptions,ORDER,SYNTH-ORDER-000836,,SYNTH-INT-000836,SYNTH-PROC-000836,,MATCHED,L1_EXACT_ORDER_MATCH,0.0,"Merchant order ID, currency, gross amount and configured processor fee all match."
mixed-exceptions,ORDER,SYNTH-ORDER-000837,,SYNTH-INT-000837,SYNTH-PROC-000837,,MATCHED,L1_EXACT_ORDER_MATCH,0.0,"Merchant order ID, currency, gross amount and configured processor fee all match."
mixed-exceptions,ORDER,SYNTH-ORDER-000838,,SYNTH-INT-000838,SYNTH-PROC-000838,,MATCHED,L1_EXACT_ORDER_MATCH,0.0,"Merchant order ID, currency, gross amount and configured processor fee all match."
mixed-exceptions,ORDER,SYNTH-ORDER-000839,,SYNTH-INT-000839,SYNTH-PROC-000839,,MATCHED,L1_EXACT_ORDER_MATCH,0.0,"Merchant order ID, currency, gross amount and configured processor fee all match."
mixed-exceptions,ORDER,SYNTH-ORDER-000840,,SYNTH-INT-000840,SYNTH-PROC-000840,,MATCHED,L1_EXACT_ORDER_MATCH,0.0,"Merchant order ID, currency, gross amount and configured processor fee all match."
mixed-exceptions,ORDER,SYNTH-ORDER-000841,,SYNTH-INT-000841,SYNTH-PROC-000841,,MATCHED,L1_EXACT_ORDER_MATCH,0.0,"Merchant order ID, currency, gross amount and configured processor fee all match."
mixed-exceptions,ORDER,SYNTH-ORDER-000842,,SYNTH-INT-000842,SYNTH-PROC-000842,,MATCHED,L1_EXACT_ORDER_MATCH,0.0,"Merchant order ID, currency, gross amount and configured processor fee all match."
mixed-exceptions,ORDER,SYNTH-ORDER-000843,,SYNTH-INT-000843,SYNTH-PROC-000843,,MATCHED,L1_EXACT_ORDER_MATCH,0.0,"Merchant order ID, currency, gross amount and configured processor fee all match."
mixed-exceptions,ORDER,SYNTH-ORDER-000844,,SYNTH-INT-000844,,,MISSING_PROCESSOR,L1_MISSING_PROCESSOR,2191.55,The internal payment has no processor transaction with the same merchant order ID.
mixed-exceptions,ORDER,SYNTH-ORDER-000845,,SYNTH-INT-000845,SYNTH-PROC-000845,,MATCHED,L1_EXACT_ORDER_MATCH,0.0,"Merchant order ID, currency, gross amount and configured processor fee all match."
mixed-exceptions,ORDER,SYNTH-ORDER-000846,,SYNTH-INT-000846,SYNTH-PROC-000846,,MATCHED,L1_EXACT_ORDER_MATCH,0.0,"Merchant order ID, currency, gross amount and configured processor fee all match."
mixed-exceptions,ORDER,SYNTH-ORDER-000847,,SYNTH-INT-000847,SYNTH-PROC-000847,,MATCHED,L1_EXACT_ORDER_MATCH,0.0,"Merchant order ID, currency, gross amount and configured processor fee all match."
mixed-exceptions,ORDER,SYNTH-ORDER-000848,,SYNTH-INT-000848,SYNTH-PROC-000848,,MATCHED,L1_EXACT_ORDER_MATCH,0.0,"Merchant order ID, currency, gross amount and configured processor fee all match."
mixed-exceptions,ORDER,SYNTH-ORDER-000849,,SYNTH-INT-000849,SYNTH-PROC-000849,,MATCHED,L1_EXACT_ORDER_MATCH,0.0,"Merchant order ID, currency, gross amount and configured processor fee all match."
mixed-exceptions,ORDER,SYNTH-ORDER-000850,,SYNTH-INT-000850,SYNTH-PROC-000850,,MATCHED,L1_EXACT_ORDER_MATCH,0.0,"Merchant order ID, currency, gross amount and configured processor fee all match."
mixed-exceptions,ORDER,SYNTH-ORDER-000851,,SYNTH-INT-000851,SYNTH-PROC-000851-REFUND,,PARTIAL_REFUND,L1_PARTIAL_REFUND_LINK,20.86,The refund is linked to its original payment and reverses part of the gross amount.
mixed-exceptions,ORDER,SYNTH-ORDER-000852,,SYNTH-INT-000852,SYNTH-PROC-000852,,DUPLICATE_PROCESSOR,L1_DUPLICATE_PROCESSOR,,More than one processor row uses the same processor transaction identifier.
mixed-exceptions,ORDER,SYNTH-ORDER-000853,,SYNTH-INT-000853,SYNTH-PROC-000853,,MATCHED,L1_EXACT_ORDER_MATCH,0.0,"Merchant order ID, currency, gross amount and configured processor fee all match."
mixed-exceptions,ORDER,SYNTH-ORDER-000854,,SYNTH-INT-000854,SYNTH-PROC-000854,,MATCHED,L1_EXACT_ORDER_MATCH,0.0,"Merchant order ID, currency, gross amount and configured processor fee all match."
mixed-exceptions,ORDER,SYNTH-ORDER-000855,,SYNTH-INT-000855,SYNTH-PROC-000855,,MATCHED,L1_EXACT_ORDER_MATCH,0.0,"Merchant order ID, currency, gross amount and configured processor fee all match."
mixed-exceptions,ORDER,SYNTH-ORDER-000856,,SYNTH-INT-000856,SYNTH-PROC-000856,,MATCHED,L1_EXACT_ORDER_MATCH,0.0,"Merchant order ID, currency, gross amount and configured processor fee all match."
mixed-exceptions,ORDER,SYNTH-ORDER-000857,,SYNTH-INT-000857,SYNTH-PROC-000857,,MATCHED,L1_EXACT_ORDER_MATCH,0.0,"Merchant order ID, currency, gross amount and configured processor fee all match."
mixed-exceptions,ORDER,SYNTH-ORDER-000858,,SYNTH-INT-000858,SYNTH-PROC-000858,,MATCHED,L1_EXACT_ORDER_MATCH,0.0,"Merchant order ID, currency, gross amount and configured processor fee all match."
mixed-exceptions,ORDER,SYNTH-ORDER-000859,,SYNTH-INT-000859,SYNTH-PROC-000859,,MATCHED,L1_EXACT_ORDER_MATCH,0.0,"Merchant order ID, currency, gross amount and configured processor fee all match."
mixed-exceptions,ORDER,SYNTH-ORDER-000860,,SYNTH-INT-000860,SYNTH-PROC-000860,,MATCHED,L1_EXACT_ORDER_MATCH,0.0,"Merchant order ID, currency, gross amount and configured processor fee all match."
mixed-exceptions,ORDER,SYNTH-ORDER-000861,,SYNTH-INT-000861,SYNTH-PROC-000861,,MATCHED,L1_EXACT_ORDER_MATCH,0.0,"Merchant order ID, currency, gross amount and configured processor fee all match."
mixed-exceptions,ORDER,SYNTH-ORDER-000862,,SYNTH-INT-000862,SYNTH-PROC-000862,,MATCHED,L1_EXACT_ORDER_MATCH,0.0,"Merchant order ID, currency, gross amount and configured processor fee all match."
mixed-exceptions,ORDER,SYNTH-ORDER-000863,,SYNTH-INT-000863,SYNTH-PROC-000863,,AMBIGUOUS_MATCH,L1_AMBIGUOUS_CARDINALITY,,The merchant order ID maps to multiple distinct candidate records and requires operator review.
mixed-exceptions,ORDER,SYNTH-ORDER-000864,,SYNTH-INT-000864,SYNTH-PROC-000864,,MATCHED,L1_EXACT_ORDER_MATCH,0.0,"Merchant order ID, currency, gross amount and configured processor fee all match."
mixed-exceptions,ORDER,SYNTH-ORDER-000865,,SYNTH-INT-000865,SYNTH-PROC-000865,,MATCHED,L1_EXACT_ORDER_MATCH,0.0,"Merchant order ID, currency, gross amount and configured processor fee all match."
mixed-exceptions,ORDER,SYNTH-ORDER-000866,,SYNTH-INT-000866,SYNTH-PROC-000866,,MATCHED,L1_EXACT_ORDER_MATCH,0.0,"Merchant order ID, currency, gross amount and configured processor fee all match."
mixed-exceptions,ORDER,SYNTH-ORDER-000867,,SYNTH-INT-000867,SYNTH-PROC-000867,,DUPLICATE_INTERNAL,L1_DUPLICATE_INTERNAL,,More than one internal row uses the same internal payment identifier.
mixed-exceptions,ORDER,SYNTH-ORDER-000868,,SYNTH-INT-000868,SYNTH-PROC-000868,,MATCHED,L1_EXACT_ORDER_MATCH,0.0,"Merchant order ID, currency, gross amount and configured processor fee all match."
mixed-exceptions,ORDER,SYNTH-ORDER-000869,,SYNTH-INT-000869,SYNTH-PROC-000869,,MATCHED,L1_EXACT_ORDER_MATCH,0.0,"Merchant order ID, currency, gross amount and configured processor fee all match."
mixed-exceptions,ORDER,SYNTH-ORDER-000870,,SYNTH-INT-000870,SYNTH-PROC-000870,,MATCHED,L1_EXACT_ORDER_MATCH,0.0,"Merchant order ID, currency, gross amount and configured processor fee all match."
mixed-exceptions,ORDER,SYNTH-ORDER-000871,,SYNTH-INT-000871,SYNTH-PROC-000871-REFUND,,PARTIAL_REFUND,L1_PARTIAL_REFUND_LINK,1174.16,The refund is linked to its original payment and reverses part of the gross amount.
mixed-exceptions,ORDER,SYNTH-ORDER-000872,,SYNTH-INT-000872,SYNTH-PROC-000872,,MATCHED,L1_EXACT_ORDER_MATCH,0.0,"Merchant order ID, currency, gross amount and configured processor fee all match."
mixed-exceptions,ORDER,SYNTH-ORDER-000873,,SYNTH-INT-000873,SYNTH-PROC-000873,,MATCHED,L1_EXACT_ORDER_MATCH,0.0,"Merchant order ID, currency, gross amount and configured processor fee all match."
mixed-exceptions,ORDER,SYNTH-ORDER-000874,,SYNTH-INT-000874,SYNTH-PROC-000874,,MATCHED,L1_EXACT_ORDER_MATCH,0.0,"Merchant order ID, currency, gross amount and configured processor fee all match."
mixed-exceptions,ORDER,SYNTH-ORDER-000875,,SYNTH-INT-000875,SYNTH-PROC-000875,,MATCHED,L1_EXACT_ORDER_MATCH,0.0,"Merchant order ID, currency, gross amount and configured processor fee all match."
mixed-exceptions,ORDER,SYNTH-ORDER-000876,,SYNTH-INT-000876,SYNTH-PROC-000876,,MATCHED,L1_EXACT_ORDER_MATCH,0.0,"Merchant order ID, currency, gross amount and configured processor fee all match."
mixed-exceptions,ORDER,SYNTH-ORDER-000877,,SYNTH-INT-000877,SYNTH-PROC-000877,,MATCHED,L1_EXACT_ORDER_MATCH,0.0,"Merchant order ID, currency, gross amount and configured processor fee all match."
mixed-exceptions,ORDER,SYNTH-ORDER-000878,,SYNTH-INT-000878,SYNTH-PROC-000878,,MATCHED,L1_EXACT_ORDER_MATCH,0.0,"Merchant order ID, currency, gross amount and configured processor fee all match."
mixed-exceptions,ORDER,SYNTH-ORDER-000879,,SYNTH-INT-000879,SYNTH-PROC-000879,,MATCHED,L1_EXACT_ORDER_MATCH,0.0,"Merchant order ID, currency, gross amount and configured processor fee all match."
mixed-exceptions,ORDER,SYNTH-ORDER-000880,,SYNTH-INT-000880,SYNTH-PROC-000880,,MATCHED,L1_EXACT_ORDER_MATCH,0.0,"Merchant order ID, currency, gross amount and configured processor fee all match."
mixed-exceptions,ORDER,SYNTH-ORDER-000881,,SYNTH-INT-000881,SYNTH-PROC-000881-REFUND,,PARTIAL_REFUND,L1_PARTIAL_REFUND_LINK,500.55,The refund is linked to its original payment and reverses part of the gross amount.
mixed-exceptions,ORDER,SYNTH-ORDER-000882,,SYNTH-INT-000882,,,MISSING_PROCESSOR,L1_MISSING_PROCESSOR,2223.6,The internal payment has no processor transaction with the same merchant order ID.
mixed-exceptions,ORDER,SYNTH-ORDER-000883,,SYNTH-INT-000883,SYNTH-PROC-000883,,MATCHED,L1_EXACT_ORDER_MATCH,0.0,"Merchant order ID, currency, gross amount and configured processor fee all match."
mixed-exceptions,ORDER,SYNTH-ORDER-000884,,SYNTH-INT-000884,SYNTH-PROC-000884,,MATCHED,L1_EXACT_ORDER_MATCH,0.0,"Merchant order ID, currency, gross amount and configured processor fee all match."
mixed-exceptions,ORDER,SYNTH-ORDER-000885,,SYNTH-INT-000885,SYNTH-PROC-000885,,MATCHED,L1_EXACT_ORDER_MATCH,0.0,"Merchant order ID, currency, gross amount and configured processor fee all match."
mixed-exceptions,ORDER,SYNTH-ORDER-000886,,SYNTH-INT-000886,SYNTH-PROC-000886,,MATCHED,L1_EXACT_ORDER_MATCH,0.0,"Merchant order ID, currency, gross amount and configured processor fee all match."
mixed-exceptions,ORDER,SYNTH-ORDER-000887,,SYNTH-INT-000887,,,MISSING_PROCESSOR,L1_MISSING_PROCESSOR,1964.34,The internal payment has no processor transaction with the same merchant order ID.
mixed-exceptions,ORDER,SYNTH-ORDER-000888,,SYNTH-INT-000888,SYNTH-PROC-000888,,MATCHED,L1_EXACT_ORDER_MATCH,0.0,"Merchant order ID, currency, gross amount and configured processor fee all match."
mixed-exceptions,ORDER,SYNTH-ORDER-000889,,SYNTH-INT-000889,SYNTH-PROC-000889,,MATCHED,L1_EXACT_ORDER_MATCH,0.0,"Merchant order ID, currency, gross amount and configured processor fee all match."
mixed-exceptions,ORDER,SYNTH-ORDER-000890,,SYNTH-INT-000890,SYNTH-PROC-000890,,MATCHED,L1_EXACT_ORDER_MATCH,0.0,"Merchant order ID, currency, gross amount and configured processor fee all match."
mixed-exceptions,ORDER,SYNTH-ORDER-000891,,SYNTH-INT-000891,SYNTH-PROC-000891,,MATCHED,L1_EXACT_ORDER_MATCH,0.0,"Merchant order ID, currency, gross amount and configured processor fee all match."
mixed-exceptions,ORDER,SYNTH-ORDER-000892,,SYNTH-INT-000892,SYNTH-PROC-000892,,MATCHED,L1_EXACT_ORDER_MATCH,0.0,"Merchant order ID, currency, gross amount and configured processor fee all match."
mixed-exceptions,ORDER,SYNTH-ORDER-000893,,SYNTH-INT-000893,SYNTH-PROC-000893,,MATCHED,L1_EXACT_ORDER_MATCH,0.0,"Merchant order ID, currency, gross amount and configured processor fee all match."
mixed-exceptions,ORDER,SYNTH-ORDER-000894,,SYNTH-INT-000894,SYNTH-PROC-000894,,MATCHED,L1_EXACT_ORDER_MATCH,0.0,"Merchant order ID, currency, gross amount and configured processor fee all match."
mixed-exceptions,ORDER,SYNTH-ORDER-000895,,SYNTH-INT-000895,SYNTH-PROC-000895,,MATCHED,L1_EXACT_ORDER_MATCH,0.0,"Merchant order ID, currency, gross amount and configured processor fee all match."
mixed-exceptions,ORDER,SYNTH-ORDER-000896,,SYNTH-INT-000896,SYNTH-PROC-000896,,DUPLICATE_INTERNAL,L1_DUPLICATE_INTERNAL,,More than one internal row uses the same internal payment identifier.
mixed-exceptions,ORDER,SYNTH-ORDER-000897,,SYNTH-INT-000897,SYNTH-PROC-000897,,MATCHED,L1_EXACT_ORDER_MATCH,0.0,"Merchant order ID, currency, gross amount and configured processor fee all match."
mixed-exceptions,ORDER,SYNTH-ORDER-000898,,SYNTH-INT-000898,SYNTH-PROC-000898-REFUND,,REFUND_MATCHED,L1_FULL_REFUND_LINK,0.0,The refund is linked to its original payment and reverses the complete gross amount.
mixed-exceptions,ORDER,SYNTH-ORDER-000899,,SYNTH-INT-000899,SYNTH-PROC-000899,,MATCHED,L1_EXACT_ORDER_MATCH,0.0,"Merchant order ID, currency, gross amount and configured processor fee all match."
mixed-exceptions,ORDER,SYNTH-ORDER-000900,,SYNTH-INT-000900,SYNTH-PROC-000900,,MATCHED,L1_EXACT_ORDER_MATCH,0.0,"Merchant order ID, currency, gross amount and configured processor fee all match."
mixed-exceptions,ORDER,SYNTH-ORDER-000901,,SYNTH-INT-000901,SYNTH-PROC-000901,,MATCHED,L1_EXACT_ORDER_MATCH,0.0,"Merchant order ID, currency, gross amount and configured processor fee all match."
mixed-exceptions,ORDER,SYNTH-ORDER-000902,,SYNTH-INT-000902,SYNTH-PROC-000902,,DUPLICATE_PROCESSOR,L1_DUPLICATE_PROCESSOR,,More than one processor row uses the same processor transaction identifier.
mixed-exceptions,ORDER,SYNTH-ORDER-000903,,SYNTH-INT-000903,SYNTH-PROC-000903,,MATCHED,L1_EXACT_ORDER_MATCH,0.0,"Merchant order ID, currency, gross amount and configured processor fee all match."
mixed-exceptions,ORDER,SYNTH-ORDER-000904,,SYNTH-INT-000904,SYNTH-PROC-000904,,MATCHED,L1_EXACT_ORDER_MATCH,0.0,"Merchant order ID, currency, gross amount and configured processor fee all match."
mixed-exceptions,ORDER,SYNTH-ORDER-000905,,SYNTH-INT-000905,SYNTH-PROC-000905,,MATCHED,L1_EXACT_ORDER_MATCH,0.0,"Merchant order ID, currency, gross amount and configured processor fee all match."
mixed-exceptions,ORDER,SYNTH-ORDER-000906,,SYNTH-INT-000906,SYNTH-PROC-000906,,MATCHED,L1_EXACT_ORDER_MATCH,0.0,"Merchant order ID, currency, gross amount and configured processor fee all match."
mixed-exceptions,ORDER,SYNTH-ORDER-000907,,SYNTH-INT-000907,SYNTH-PROC-000907,,MATCHED,L1_EXACT_ORDER_MATCH,0.0,"Merchant order ID, currency, gross amount and configured processor fee all match."
mixed-exceptions,ORDER,SYNTH-ORDER-000908,,SYNTH-INT-000908,SYNTH-PROC-000908,,MATCHED,L1_EXACT_ORDER_MATCH,0.0,"Merchant order ID, currency, gross amount and configured processor fee all match."
mixed-exceptions,ORDER,SYNTH-ORDER-000909,,SYNTH-INT-000909,SYNTH-PROC-000909,,MATCHED,L1_EXACT_ORDER_MATCH,0.0,"Merchant order ID, currency, gross amount and configured processor fee all match."
mixed-exceptions,ORDER,SYNTH-ORDER-000910,,SYNTH-INT-000910,SYNTH-PROC-000910,,MATCHED,L1_EXACT_ORDER_MATCH,0.0,"Merchant order ID, currency, gross amount and configured processor fee all match."
mixed-exceptions,ORDER,SYNTH-ORDER-000911,,SYNTH-INT-000911,SYNTH-PROC-000911,,MATCHED,L1_EXACT_ORDER_MATCH,0.0,"Merchant order ID, currency, gross amount and configured processor fee all match."
mixed-exceptions,ORDER,SYNTH-ORDER-000912,,SYNTH-INT-000912,SYNTH-PROC-000912-REFUND,,PARTIAL_REFUND,L1_PARTIAL_REFUND_LINK,332.44,The refund is linked to its original payment and reverses part of the gross amount.
mixed-exceptions,ORDER,SYNTH-ORDER-000913,,SYNTH-INT-000913,SYNTH-PROC-000913,,MATCHED,L1_EXACT_ORDER_MATCH,0.0,"Merchant order ID, currency, gross amount and configured processor fee all match."
mixed-exceptions,ORDER,SYNTH-ORDER-000914,,SYNTH-INT-000914,SYNTH-PROC-000914,,MATCHED,L1_EXACT_ORDER_MATCH,0.0,"Merchant order ID, currency, gross amount and configured processor fee all match."
mixed-exceptions,ORDER,SYNTH-ORDER-000915,,SYNTH-INT-000915,SYNTH-PROC-000915,,MATCHED,L1_EXACT_ORDER_MATCH,0.0,"Merchant order ID, currency, gross amount and configured processor fee all match."
mixed-exceptions,ORDER,SYNTH-ORDER-000916,,SYNTH-INT-000916,SYNTH-PROC-000916,,MATCHED,L1_EXACT_ORDER_MATCH,0.0,"Merchant order ID, currency, gross amount and configured processor fee all match."
mixed-exceptions,ORDER,SYNTH-ORDER-000917,,SYNTH-INT-000917,SYNTH-PROC-000917,,MATCHED,L1_EXACT_ORDER_MATCH,0.0,"Merchant order ID, currency, gross amount and configured processor fee all match."
mixed-exceptions,ORDER,SYNTH-ORDER-000918,,SYNTH-INT-000918,SYNTH-PROC-000918,,MATCHED,L1_EXACT_ORDER_MATCH,0.0,"Merchant order ID, currency, gross amount and configured processor fee all match."
mixed-exceptions,ORDER,SYNTH-ORDER-000919,,SYNTH-INT-000919,SYNTH-PROC-000919,,MATCHED,L1_EXACT_ORDER_MATCH,0.0,"Merchant order ID, currency, gross amount and configured processor fee all match."
mixed-exceptions,ORDER,SYNTH-ORDER-000920,,SYNTH-INT-000920,SYNTH-PROC-000920,,MATCHED,L1_EXACT_ORDER_MATCH,0.0,"Merchant order ID, currency, gross amount and configured processor fee all match."
mixed-exceptions,ORDER,SYNTH-ORDER-000921,,SYNTH-INT-000921,SYNTH-PROC-000921,,MATCHED,L1_EXACT_ORDER_MATCH,0.0,"Merchant order ID, currency, gross amount and configured processor fee all match."
mixed-exceptions,ORDER,SYNTH-ORDER-000922,,SYNTH-INT-000922,SYNTH-PROC-000922,,MATCHED,L1_EXACT_ORDER_MATCH,0.0,"Merchant order ID, currency, gross amount and configured processor fee all match."
mixed-exceptions,ORDER,SYNTH-ORDER-000923,,SYNTH-INT-000923,SYNTH-PROC-000923,,MATCHED,L1_EXACT_ORDER_MATCH,0.0,"Merchant order ID, currency, gross amount and configured processor fee all match."
mixed-exceptions,ORDER,SYNTH-ORDER-000924,,SYNTH-INT-000924,SYNTH-PROC-000924,,MATCHED,L1_EXACT_ORDER_MATCH,0.0,"Merchant order ID, currency, gross amount and configured processor fee all match."
mixed-exceptions,ORDER,SYNTH-ORDER-000925,,SYNTH-INT-000925,SYNTH-PROC-000925,,MATCHED,L1_EXACT_ORDER_MATCH,0.0,"Merchant order ID, currency, gross amount and configured processor fee all match."
mixed-exceptions,ORDER,SYNTH-ORDER-000926,,SYNTH-INT-000926,SYNTH-PROC-000926,,MATCHED,L1_EXACT_ORDER_MATCH,0.0,"Merchant order ID, currency, gross amount and configured processor fee all match."
mixed-exceptions,ORDER,SYNTH-ORDER-000927,,SYNTH-INT-000927,SYNTH-PROC-000927,,MATCHED,L1_EXACT_ORDER_MATCH,0.0,"Merchant order ID, currency, gross amount and configured processor fee all match."
mixed-exceptions,ORDER,SYNTH-ORDER-000928,,SYNTH-INT-000928,SYNTH-PROC-000928,,FEE_MISMATCH,L1_CONFIGURED_FEE_POLICY,0.37,The processor fee differs from the configured percentage-plus-fixed fee policy.
mixed-exceptions,ORDER,SYNTH-ORDER-000929,,SYNTH-INT-000929,SYNTH-PROC-000929-REFUND,,REFUND_MATCHED,L1_FULL_REFUND_LINK,0.0,The refund is linked to its original payment and reverses the complete gross amount.
mixed-exceptions,ORDER,SYNTH-ORDER-000930,,SYNTH-INT-000930,SYNTH-PROC-000930,,MATCHED,L1_EXACT_ORDER_MATCH,0.0,"Merchant order ID, currency, gross amount and configured processor fee all match."
mixed-exceptions,ORDER,SYNTH-ORDER-000931,,SYNTH-INT-000931,SYNTH-PROC-000931,,MATCHED,L1_EXACT_ORDER_MATCH,0.0,"Merchant order ID, currency, gross amount and configured processor fee all match."
mixed-exceptions,ORDER,SYNTH-ORDER-000932,,SYNTH-INT-000932,SYNTH-PROC-000932,,MATCHED,L1_EXACT_ORDER_MATCH,0.0,"Merchant order ID, currency, gross amount and configured processor fee all match."
mixed-exceptions,ORDER,SYNTH-ORDER-000933,,SYNTH-INT-000933,SYNTH-PROC-000933,,MATCHED,L1_EXACT_ORDER_MATCH,0.0,"Merchant order ID, currency, gross amount and configured processor fee all match."
mixed-exceptions,ORDER,SYNTH-ORDER-000934,,SYNTH-INT-000934,SYNTH-PROC-000934,,MATCHED,L1_EXACT_ORDER_MATCH,0.0,"Merchant order ID, currency, gross amount and configured processor fee all match."
mixed-exceptions,ORDER,SYNTH-ORDER-000935,,SYNTH-INT-000935,SYNTH-PROC-000935,,MATCHED,L1_EXACT_ORDER_MATCH,0.0,"Merchant order ID, currency, gross amount and configured processor fee all match."
mixed-exceptions,ORDER,SYNTH-ORDER-000936,,SYNTH-INT-000936,SYNTH-PROC-000936,,MATCHED,L1_EXACT_ORDER_MATCH,0.0,"Merchant order ID, currency, gross amount and configured processor fee all match."
mixed-exceptions,ORDER,SYNTH-ORDER-000937,,SYNTH-INT-000937,SYNTH-PROC-000937,,MATCHED,L1_EXACT_ORDER_MATCH,0.0,"Merchant order ID, currency, gross amount and configured processor fee all match."
mixed-exceptions,ORDER,SYNTH-ORDER-000938,,SYNTH-INT-000938,SYNTH-PROC-000938,,MATCHED,L1_EXACT_ORDER_MATCH,0.0,"Merchant order ID, currency, gross amount and configured processor fee all match."
mixed-exceptions,ORDER,SYNTH-ORDER-000939,,SYNTH-INT-000939,SYNTH-PROC-000939,,MATCHED,L1_EXACT_ORDER_MATCH,0.0,"Merchant order ID, currency, gross amount and configured processor fee all match."
mixed-exceptions,ORDER,SYNTH-ORDER-000940,,SYNTH-INT-000940,SYNTH-PROC-000940,,MATCHED,L1_EXACT_ORDER_MATCH,0.0,"Merchant order ID, currency, gross amount and configured processor fee all match."
mixed-exceptions,ORDER,SYNTH-ORDER-000941,,SYNTH-INT-000941,SYNTH-PROC-000941,,MATCHED,L1_EXACT_ORDER_MATCH,0.0,"Merchant order ID, currency, gross amount and configured processor fee all match."
mixed-exceptions,ORDER,SYNTH-ORDER-000942,,SYNTH-INT-000942,SYNTH-PROC-000942,,MATCHED,L1_EXACT_ORDER_MATCH,0.0,"Merchant order ID, currency, gross amount and configured processor fee all match."
mixed-exceptions,ORDER,SYNTH-ORDER-000943,,SYNTH-INT-000943,SYNTH-PROC-000943,,MATCHED,L1_EXACT_ORDER_MATCH,0.0,"Merchant order ID, currency, gross amount and configured processor fee all match."
mixed-exceptions,ORDER,SYNTH-ORDER-000944,,SYNTH-INT-000944,SYNTH-PROC-000944,,MATCHED,L1_EXACT_ORDER_MATCH,0.0,"Merchant order ID, currency, gross amount and configured processor fee all match."
mixed-exceptions,ORDER,SYNTH-ORDER-000945,,SYNTH-INT-000945,SYNTH-PROC-000945,,MATCHED,L1_EXACT_ORDER_MATCH,0.0,"Merchant order ID, currency, gross amount and configured processor fee all match."
mixed-exceptions,ORDER,SYNTH-ORDER-000946,,SYNTH-INT-000946,SYNTH-PROC-000946,,MATCHED,L1_EXACT_ORDER_MATCH,0.0,"Merchant order ID, currency, gross amount and configured processor fee all match."
mixed-exceptions,ORDER,SYNTH-ORDER-000947,,SYNTH-INT-000947,SYNTH-PROC-000947,,DUPLICATE_PROCESSOR,L1_DUPLICATE_PROCESSOR,,More than one processor row uses the same processor transaction identifier.
mixed-exceptions,ORDER,SYNTH-ORDER-000948,,SYNTH-INT-000948,SYNTH-PROC-000948,,MATCHED,L1_EXACT_ORDER_MATCH,0.0,"Merchant order ID, currency, gross amount and configured processor fee all match."
mixed-exceptions,ORDER,SYNTH-ORDER-000949,,SYNTH-INT-000949,SYNTH-PROC-000949,,MATCHED,L1_EXACT_ORDER_MATCH,0.0,"Merchant order ID, currency, gross amount and configured processor fee all match."
mixed-exceptions,ORDER,SYNTH-ORDER-000950,,SYNTH-INT-000950,SYNTH-PROC-000950,,MATCHED,L1_EXACT_ORDER_MATCH,0.0,"Merchant order ID, currency, gross amount and configured processor fee all match."
mixed-exceptions,ORDER,SYNTH-ORDER-000951,,SYNTH-INT-000951,SYNTH-PROC-000951,,MATCHED,L1_EXACT_ORDER_MATCH,0.0,"Merchant order ID, currency, gross amount and configured processor fee all match."
mixed-exceptions,ORDER,SYNTH-ORDER-000952,,SYNTH-INT-000952,SYNTH-PROC-000952,,MATCHED,L1_EXACT_ORDER_MATCH,0.0,"Merchant order ID, currency, gross amount and configured processor fee all match."
mixed-exceptions,ORDER,SYNTH-ORDER-000953,,SYNTH-INT-000953,SYNTH-PROC-000953,,MATCHED,L1_EXACT_ORDER_MATCH,0.0,"Merchant order ID, currency, gross amount and configured processor fee all match."
mixed-exceptions,ORDER,SYNTH-ORDER-000954,,SYNTH-INT-000954,SYNTH-PROC-000954,,AMOUNT_MISMATCH,L1_GROSS_AMOUNT_EQUALITY,1.11,The processor gross amount differs from the internal ledger amount.
mixed-exceptions,ORDER,SYNTH-ORDER-000955,,SYNTH-INT-000955,SYNTH-PROC-000955,,MATCHED,L1_EXACT_ORDER_MATCH,0.0,"Merchant order ID, currency, gross amount and configured processor fee all match."
mixed-exceptions,ORDER,SYNTH-ORDER-000956,,SYNTH-INT-000956,SYNTH-PROC-000956,,FEE_MISMATCH,L1_CONFIGURED_FEE_POLICY,0.37,The processor fee differs from the configured percentage-plus-fixed fee policy.
mixed-exceptions,ORDER,SYNTH-ORDER-000957,,SYNTH-INT-000957,SYNTH-PROC-000957,,MATCHED,L1_EXACT_ORDER_MATCH,0.0,"Merchant order ID, currency, gross amount and configured processor fee all match."
mixed-exceptions,ORDER,SYNTH-ORDER-000958,,SYNTH-INT-000958,SYNTH-PROC-000958,,MATCHED,L1_EXACT_ORDER_MATCH,0.0,"Merchant order ID, currency, gross amount and configured processor fee all match."
mixed-exceptions,ORDER,SYNTH-ORDER-000959,,SYNTH-INT-000959,SYNTH-PROC-000959,,AMOUNT_MISMATCH,L1_GROSS_AMOUNT_EQUALITY,1.11,The processor gross amount differs from the internal ledger amount.
mixed-exceptions,ORDER,SYNTH-ORDER-000960,,SYNTH-INT-000960,SYNTH-PROC-000960,,MATCHED,L1_EXACT_ORDER_MATCH,0.0,"Merchant order ID, currency, gross amount and configured processor fee all match."
mixed-exceptions,ORDER,SYNTH-ORDER-000961,,SYNTH-INT-000961,SYNTH-PROC-000961,,MATCHED,L1_EXACT_ORDER_MATCH,0.0,"Merchant order ID, currency, gross amount and configured processor fee all match."
mixed-exceptions,ORDER,SYNTH-ORDER-000962,,SYNTH-INT-000962,SYNTH-PROC-000962,,MATCHED,L1_EXACT_ORDER_MATCH,0.0,"Merchant order ID, currency, gross amount and configured processor fee all match."
mixed-exceptions,ORDER,SYNTH-ORDER-000963,,SYNTH-INT-000963,SYNTH-PROC-000963,,MATCHED,L1_EXACT_ORDER_MATCH,0.0,"Merchant order ID, currency, gross amount and configured processor fee all match."
mixed-exceptions,ORDER,SYNTH-ORDER-000964,,SYNTH-INT-000964,SYNTH-PROC-000964,,MATCHED,L1_EXACT_ORDER_MATCH,0.0,"Merchant order ID, currency, gross amount and configured processor fee all match."
mixed-exceptions,ORDER,SYNTH-ORDER-000965,,SYNTH-INT-000965,SYNTH-PROC-000965,,AMOUNT_MISMATCH,L1_GROSS_AMOUNT_EQUALITY,1.11,The processor gross amount differs from the internal ledger amount.
mixed-exceptions,ORDER,SYNTH-ORDER-000966,,SYNTH-INT-000966,SYNTH-PROC-000966,,MATCHED,L1_EXACT_ORDER_MATCH,0.0,"Merchant order ID, currency, gross amount and configured processor fee all match."
mixed-exceptions,ORDER,SYNTH-ORDER-000967,,SYNTH-INT-000967,SYNTH-PROC-000967,,MATCHED,L1_EXACT_ORDER_MATCH,0.0,"Merchant order ID, currency, gross amount and configured processor fee all match."
mixed-exceptions,ORDER,SYNTH-ORDER-000968,,SYNTH-INT-000968,SYNTH-PROC-000968,,AMOUNT_MISMATCH,L1_GROSS_AMOUNT_EQUALITY,1.11,The processor gross amount differs from the internal ledger amount.
mixed-exceptions,ORDER,SYNTH-ORDER-000969,,SYNTH-INT-000969,SYNTH-PROC-000969,,MATCHED,L1_EXACT_ORDER_MATCH,0.0,"Merchant order ID, currency, gross amount and configured processor fee all match."
mixed-exceptions,ORDER,SYNTH-ORDER-000970,,SYNTH-INT-000970,SYNTH-PROC-000970,,MATCHED,L1_EXACT_ORDER_MATCH,0.0,"Merchant order ID, currency, gross amount and configured processor fee all match."
mixed-exceptions,ORDER,SYNTH-ORDER-000971,,SYNTH-INT-000971,SYNTH-PROC-000971,,MATCHED,L1_EXACT_ORDER_MATCH,0.0,"Merchant order ID, currency, gross amount and configured processor fee all match."
mixed-exceptions,ORDER,SYNTH-ORDER-000972,,SYNTH-INT-000972,SYNTH-PROC-000972,,MATCHED,L1_EXACT_ORDER_MATCH,0.0,"Merchant order ID, currency, gross amount and configured processor fee all match."
mixed-exceptions,ORDER,SYNTH-ORDER-000973,,SYNTH-INT-000973,SYNTH-PROC-000973,,MATCHED,L1_EXACT_ORDER_MATCH,0.0,"Merchant order ID, currency, gross amount and configured processor fee all match."
mixed-exceptions,ORDER,SYNTH-ORDER-000974,,SYNTH-INT-000974,SYNTH-PROC-000974,,MATCHED,L1_EXACT_ORDER_MATCH,0.0,"Merchant order ID, currency, gross amount and configured processor fee all match."
mixed-exceptions,ORDER,SYNTH-ORDER-000975,,SYNTH-INT-000975,SYNTH-PROC-000975,,MATCHED,L1_EXACT_ORDER_MATCH,0.0,"Merchant order ID, currency, gross amount and configured processor fee all match."
mixed-exceptions,ORDER,SYNTH-ORDER-000976,,SYNTH-INT-000976,SYNTH-PROC-000976,,MATCHED,L1_EXACT_ORDER_MATCH,0.0,"Merchant order ID, currency, gross amount and configured processor fee all match."
mixed-exceptions,ORDER,SYNTH-ORDER-000977,,SYNTH-INT-000977,SYNTH-PROC-000977,,MATCHED,L1_EXACT_ORDER_MATCH,0.0,"Merchant order ID, currency, gross amount and configured processor fee all match."
mixed-exceptions,ORDER,SYNTH-ORDER-000978,,SYNTH-INT-000978,SYNTH-PROC-000978,,MATCHED,L1_EXACT_ORDER_MATCH,0.0,"Merchant order ID, currency, gross amount and configured processor fee all match."
mixed-exceptions,ORDER,SYNTH-ORDER-000979,,SYNTH-INT-000979,SYNTH-PROC-000979,,MATCHED,L1_EXACT_ORDER_MATCH,0.0,"Merchant order ID, currency, gross amount and configured processor fee all match."
mixed-exceptions,ORDER,SYNTH-ORDER-000980,,SYNTH-INT-000980,,,MISSING_PROCESSOR,L1_MISSING_PROCESSOR,971.85,The internal payment has no processor transaction with the same merchant order ID.
mixed-exceptions,ORDER,SYNTH-ORDER-000981,,SYNTH-INT-000981,,,MISSING_PROCESSOR,L1_MISSING_PROCESSOR,1487.31,The internal payment has no processor transaction with the same merchant order ID.
mixed-exceptions,ORDER,SYNTH-ORDER-000982,,SYNTH-INT-000982,SYNTH-PROC-000982,,MATCHED,L1_EXACT_ORDER_MATCH,0.0,"Merchant order ID, currency, gross amount and configured processor fee all match."
mixed-exceptions,ORDER,SYNTH-ORDER-000983,,SYNTH-INT-000983,SYNTH-PROC-000983,,MATCHED,L1_EXACT_ORDER_MATCH,0.0,"Merchant order ID, currency, gross amount and configured processor fee all match."
mixed-exceptions,ORDER,SYNTH-ORDER-000984,,SYNTH-INT-000984,SYNTH-PROC-000984,,MATCHED,L1_EXACT_ORDER_MATCH,0.0,"Merchant order ID, currency, gross amount and configured processor fee all match."
mixed-exceptions,ORDER,SYNTH-ORDER-000985,,SYNTH-INT-000985,SYNTH-PROC-000985,,MATCHED,L1_EXACT_ORDER_MATCH,0.0,"Merchant order ID, currency, gross amount and configured processor fee all match."
mixed-exceptions,ORDER,SYNTH-ORDER-000986,,SYNTH-INT-000986,SYNTH-PROC-000986,,MATCHED,L1_EXACT_ORDER_MATCH,0.0,"Merchant order ID, currency, gross amount and configured processor fee all match."
mixed-exceptions,ORDER,SYNTH-ORDER-000987,,SYNTH-INT-000987,SYNTH-PROC-000987,,MATCHED,L1_EXACT_ORDER_MATCH,0.0,"Merchant order ID, currency, gross amount and configured processor fee all match."
mixed-exceptions,ORDER,SYNTH-ORDER-000988,,SYNTH-INT-000988,SYNTH-PROC-000988,,MATCHED,L1_EXACT_ORDER_MATCH,0.0,"Merchant order ID, currency, gross amount and configured processor fee all match."
mixed-exceptions,ORDER,SYNTH-ORDER-000989,,SYNTH-INT-000989,SYNTH-PROC-000989-REFUND,,PARTIAL_REFUND,L1_PARTIAL_REFUND_LINK,747.93,The refund is linked to its original payment and reverses part of the gross amount.
mixed-exceptions,ORDER,SYNTH-ORDER-000990,,SYNTH-INT-000990,SYNTH-PROC-000990,,MATCHED,L1_EXACT_ORDER_MATCH,0.0,"Merchant order ID, currency, gross amount and configured processor fee all match."
mixed-exceptions,ORDER,SYNTH-ORDER-000991,,SYNTH-INT-000991,SYNTH-PROC-000991,,MATCHED,L1_EXACT_ORDER_MATCH,0.0,"Merchant order ID, currency, gross amount and configured processor fee all match."
mixed-exceptions,ORDER,SYNTH-ORDER-000992,,SYNTH-INT-000992,SYNTH-PROC-000992,,MATCHED,L1_EXACT_ORDER_MATCH,0.0,"Merchant order ID, currency, gross amount and configured processor fee all match."
mixed-exceptions,ORDER,SYNTH-ORDER-000993,,SYNTH-INT-000993,SYNTH-PROC-000993,,MATCHED,L1_EXACT_ORDER_MATCH,0.0,"Merchant order ID, currency, gross amount and configured processor fee all match."
mixed-exceptions,ORDER,SYNTH-ORDER-000994,,SYNTH-INT-000994,SYNTH-PROC-000994,,FEE_MISMATCH,L1_CONFIGURED_FEE_POLICY,0.37,The processor fee differs from the configured percentage-plus-fixed fee policy.
mixed-exceptions,ORDER,SYNTH-ORDER-000995,,SYNTH-INT-000995,SYNTH-PROC-000995-REFUND,,REFUND_MATCHED,L1_FULL_REFUND_LINK,0.0,The refund is linked to its original payment and reverses the complete gross amount.
mixed-exceptions,ORDER,SYNTH-ORDER-000996,,SYNTH-INT-000996,,,MISSING_PROCESSOR,L1_MISSING_PROCESSOR,1177.99,The internal payment has no processor transaction with the same merchant order ID.
mixed-exceptions,ORDER,SYNTH-ORDER-000997,,SYNTH-INT-000997,SYNTH-PROC-000997,,MATCHED,L1_EXACT_ORDER_MATCH,0.0,"Merchant order ID, currency, gross amount and configured processor fee all match."
mixed-exceptions,ORDER,SYNTH-ORDER-000998,,SYNTH-INT-000998,SYNTH-PROC-000998,,MATCHED,L1_EXACT_ORDER_MATCH,0.0,"Merchant order ID, currency, gross amount and configured processor fee all match."
mixed-exceptions,ORDER,SYNTH-ORDER-000999,,SYNTH-INT-000999,SYNTH-PROC-000999,,MATCHED,L1_EXACT_ORDER_MATCH,0.0,"Merchant order ID, currency, gross amount and configured processor fee all match."
mixed-exceptions,ORDER,SYNTH-ORDER-001000,,SYNTH-INT-001000,SYNTH-PROC-001000,,AMOUNT_MISMATCH,L1_GROSS_AMOUNT_EQUALITY,1.11,The processor gross amount differs from the internal ledger amount.
mixed-exceptions,ORDER,SYNTH-ORDER-PROC-ONLY-000001,,,SYNTH-PROC-ONLY-000001,,MISSING_INTERNAL,L1_MISSING_INTERNAL,413.16,A processor transaction has no internal ledger payment with the same merchant order ID.
mixed-exceptions,ORDER,SYNTH-ORDER-PROC-ONLY-000002,,,SYNTH-PROC-ONLY-000002,,MISSING_INTERNAL,L1_MISSING_INTERNAL,443.08,A processor transaction has no internal ledger payment with the same merchant order ID.
mixed-exceptions,ORDER,SYNTH-ORDER-PROC-ONLY-000003,,,SYNTH-PROC-ONLY-000003,,MISSING_INTERNAL,L1_MISSING_INTERNAL,388.7,A processor transaction has no internal ledger payment with the same merchant order ID.
mixed-exceptions,ORDER,SYNTH-ORDER-PROC-ONLY-000004,,,SYNTH-PROC-ONLY-000004,,MISSING_INTERNAL,L1_MISSING_INTERNAL,77.61,A processor transaction has no internal ledger payment with the same merchant order ID.
mixed-exceptions,ORDER,SYNTH-ORDER-PROC-ONLY-000005,,,SYNTH-PROC-ONLY-000005,,MISSING_INTERNAL,L1_MISSING_INTERNAL,861.34,A processor transaction has no internal ledger payment with the same merchant order ID.
mixed-exceptions,ORDER,SYNTH-ORDER-PROC-ONLY-000006,,,SYNTH-PROC-ONLY-000006,,MISSING_INTERNAL,L1_MISSING_INTERNAL,724.92,A processor transaction has no internal ledger payment with the same merchant order ID.
mixed-exceptions,ORDER,SYNTH-ORDER-PROC-ONLY-000007,,,SYNTH-PROC-ONLY-000007,,MISSING_INTERNAL,L1_MISSING_INTERNAL,720.78,A processor transaction has no internal ledger payment with the same merchant order ID.
mixed-exceptions,ORDER,SYNTH-ORDER-PROC-ONLY-000008,,,SYNTH-PROC-ONLY-000008,,MISSING_INTERNAL,L1_MISSING_INTERNAL,282.49,A processor transaction has no internal ledger payment with the same merchant order ID.
mixed-exceptions,ORDER,SYNTH-ORDER-PROC-ONLY-000009,,,SYNTH-PROC-ONLY-000009,,MISSING_INTERNAL,L1_MISSING_INTERNAL,370.03,A processor transaction has no internal ledger payment with the same merchant order ID.
mixed-exceptions,ORDER,SYNTH-ORDER-PROC-ONLY-000010,,,SYNTH-PROC-ONLY-000010,,MISSING_INTERNAL,L1_MISSING_INTERNAL,636.76,A processor transaction has no internal ledger payment with the same merchant order ID.
mixed-exceptions,ORDER,SYNTH-ORDER-PROC-ONLY-000011,,,SYNTH-PROC-ONLY-000011,,MISSING_INTERNAL,L1_MISSING_INTERNAL,608.98,A processor transaction has no internal ledger payment with the same merchant order ID.
mixed-exceptions,ORDER,SYNTH-ORDER-PROC-ONLY-000012,,,SYNTH-PROC-ONLY-000012,,MISSING_INTERNAL,L1_MISSING_INTERNAL,655.01,A processor transaction has no internal ledger payment with the same merchant order ID.
mixed-exceptions,ORDER,SYNTH-ORDER-PROC-ONLY-000013,,,SYNTH-PROC-ONLY-000013,,MISSING_INTERNAL,L1_MISSING_INTERNAL,648.86,A processor transaction has no internal ledger payment with the same merchant order ID.
mixed-exceptions,ORDER,SYNTH-ORDER-PROC-ONLY-000014,,,SYNTH-PROC-ONLY-000014,,MISSING_INTERNAL,L1_MISSING_INTERNAL,8.09,A processor transaction has no internal ledger payment with the same merchant order ID.
mixed-exceptions,ORDER,SYNTH-ORDER-PROC-ONLY-000015,,,SYNTH-PROC-ONLY-000015,,MISSING_INTERNAL,L1_MISSING_INTERNAL,557.18,A processor transaction has no internal ledger payment with the same merchant order ID.
mixed-exceptions,ORDER,SYNTH-ORDER-PROC-ONLY-000016,,,SYNTH-PROC-ONLY-000016,,MISSING_INTERNAL,L1_MISSING_INTERNAL,841.29,A processor transaction has no internal ledger payment with the same merchant order ID.
mixed-exceptions,ORDER,SYNTH-ORDER-PROC-ONLY-000017,,,SYNTH-PROC-ONLY-000017,,MISSING_INTERNAL,L1_MISSING_INTERNAL,505.79,A processor transaction has no internal ledger payment with the same merchant order ID.
mixed-exceptions,ORDER,SYNTH-ORDER-PROC-ONLY-000018,,,SYNTH-PROC-ONLY-000018,,MISSING_INTERNAL,L1_MISSING_INTERNAL,157.58,A processor transaction has no internal ledger payment with the same merchant order ID.
mixed-exceptions,ORDER,SYNTH-ORDER-PROC-ONLY-000019,,,SYNTH-PROC-ONLY-000019,,MISSING_INTERNAL,L1_MISSING_INTERNAL,589.06,A processor transaction has no internal ledger payment with the same merchant order ID.
mixed-exceptions,ORDER,SYNTH-ORDER-PROC-ONLY-000020,,,SYNTH-PROC-ONLY-000020,,MISSING_INTERNAL,L1_MISSING_INTERNAL,635.56,A processor transaction has no internal ledger payment with the same merchant order ID.
mixed-exceptions,ORDER,INVALID:SYNTH-PROC-MALFORMED-ROWS-000001,,,,,INVALID_SOURCE_ROW,SOURCE_ROW_INVALID_AMOUNT,,Source row quarantined: gross_amount must be a decimal with at most four fractional digits
mixed-exceptions,ORDER,INVALID:SYNTH-PROC-MALFORMED-ROWS-000002,,,,,INVALID_SOURCE_ROW,SOURCE_ROW_INVALID_AMOUNT,,Source row quarantined: gross_amount must be a decimal with at most four fractional digits
mixed-exceptions,ORDER,INVALID:SYNTH-PROC-MALFORMED-ROWS-000003,,,,,INVALID_SOURCE_ROW,SOURCE_ROW_INVALID_AMOUNT,,Source row quarantined: gross_amount must be a decimal with at most four fractional digits
mixed-exceptions,ORDER,INVALID:SYNTH-PROC-MALFORMED-ROWS-000004,,,,,INVALID_SOURCE_ROW,SOURCE_ROW_INVALID_AMOUNT,,Source row quarantined: gross_amount must be a decimal with at most four fractional digits
mixed-exceptions,ORDER,INVALID:SYNTH-PROC-MALFORMED-ROWS-000005,,,,,INVALID_SOURCE_ROW,SOURCE_ROW_INVALID_AMOUNT,,Source row quarantined: gross_amount must be a decimal with at most four fractional digits
mixed-exceptions,SETTLEMENT,SYNTH-BATCH-AMOUNT-BREAK-000266,SYNTH-BATCH-AMOUNT-BREAK-000266,,,SYNTH-BANK-000001,AMOUNT_MISMATCH,L2_SETTLEMENT_AMOUNT_EQUALITY,2.0,The bank credit differs from the sum of processor net amounts in the settlement batch.
mixed-exceptions,SETTLEMENT,SYNTH-BATCH-AMOUNT-BREAK-000280,SYNTH-BATCH-AMOUNT-BREAK-000280,,,SYNTH-BANK-000002,AMOUNT_MISMATCH,L2_SETTLEMENT_AMOUNT_EQUALITY,2.0,The bank credit differs from the sum of processor net amounts in the settlement batch.
mixed-exceptions,SETTLEMENT,SYNTH-BATCH-AMOUNT-BREAK-000304,SYNTH-BATCH-AMOUNT-BREAK-000304,,,SYNTH-BANK-000003,AMOUNT_MISMATCH,L2_SETTLEMENT_AMOUNT_EQUALITY,2.0,The bank credit differs from the sum of processor net amounts in the settlement batch.
mixed-exceptions,SETTLEMENT,SYNTH-BATCH-AMOUNT-BREAK-000374,SYNTH-BATCH-AMOUNT-BREAK-000374,,,SYNTH-BANK-000004,AMOUNT_MISMATCH,L2_SETTLEMENT_AMOUNT_EQUALITY,2.0,The bank credit differs from the sum of processor net amounts in the settlement batch.
mixed-exceptions,SETTLEMENT,SYNTH-BATCH-AMOUNT-BREAK-000449,SYNTH-BATCH-AMOUNT-BREAK-000449,,,SYNTH-BANK-000005,AMOUNT_MISMATCH,L2_SETTLEMENT_AMOUNT_EQUALITY,2.0,The bank credit differs from the sum of processor net amounts in the settlement batch.
mixed-exceptions,SETTLEMENT,SYNTH-BATCH-AMOUNT-BREAK-000508,SYNTH-BATCH-AMOUNT-BREAK-000508,,,SYNTH-BANK-000006,AMOUNT_MISMATCH,L2_SETTLEMENT_AMOUNT_EQUALITY,2.0,The bank credit differs from the sum of processor net amounts in the settlement batch.
mixed-exceptions,SETTLEMENT,SYNTH-BATCH-AMOUNT-BREAK-000656,SYNTH-BATCH-AMOUNT-BREAK-000656,,,SYNTH-BANK-000007,AMOUNT_MISMATCH,L2_SETTLEMENT_AMOUNT_EQUALITY,2.0,The bank credit differs from the sum of processor net amounts in the settlement batch.
mixed-exceptions,SETTLEMENT,SYNTH-BATCH-AMOUNT-BREAK-000741,SYNTH-BATCH-AMOUNT-BREAK-000741,,,SYNTH-BANK-000008,AMOUNT_MISMATCH,L2_SETTLEMENT_AMOUNT_EQUALITY,2.0,The bank credit differs from the sum of processor net amounts in the settlement batch.
mixed-exceptions,SETTLEMENT,SYNTH-BATCH-AMOUNT-BREAK-000886,SYNTH-BATCH-AMOUNT-BREAK-000886,,,SYNTH-BANK-000009,AMOUNT_MISMATCH,L2_SETTLEMENT_AMOUNT_EQUALITY,2.0,The bank credit differs from the sum of processor net amounts in the settlement batch.
mixed-exceptions,SETTLEMENT,SYNTH-BATCH-AMOUNT-BREAK-000963,SYNTH-BATCH-AMOUNT-BREAK-000963,,,SYNTH-BANK-000010,AMOUNT_MISMATCH,L2_SETTLEMENT_AMOUNT_EQUALITY,2.0,The bank credit differs from the sum of processor net amounts in the settlement batch.
mixed-exceptions,SETTLEMENT,SYNTH-BATCH-BANK-CURRENCY-000110,SYNTH-BATCH-BANK-CURRENCY-000110,,,SYNTH-BANK-000011,CURRENCY_MISMATCH,L2_CURRENCY_EQUALITY,,The processor settlement currency differs from the bank entry currency.
mixed-exceptions,SETTLEMENT,SYNTH-BATCH-BANK-CURRENCY-000200,SYNTH-BATCH-BANK-CURRENCY-000200,,,SYNTH-BANK-000012,CURRENCY_MISMATCH,L2_CURRENCY_EQUALITY,,The processor settlement currency differs from the bank entry currency.
mixed-exceptions,SETTLEMENT,SYNTH-BATCH-BANK-CURRENCY-000282,SYNTH-BATCH-BANK-CURRENCY-000282,,,SYNTH-BANK-000013,CURRENCY_MISMATCH,L2_CURRENCY_EQUALITY,,The processor settlement currency differs from the bank entry currency.
mixed-exceptions,SETTLEMENT,SYNTH-BATCH-BANK-CURRENCY-000407,SYNTH-BATCH-BANK-CURRENCY-000407,,,SYNTH-BANK-000014,CURRENCY_MISMATCH,L2_CURRENCY_EQUALITY,,The processor settlement currency differs from the bank entry currency.
mixed-exceptions,SETTLEMENT,SYNTH-BATCH-BANK-CURRENCY-000472,SYNTH-BATCH-BANK-CURRENCY-000472,,,SYNTH-BANK-000015,CURRENCY_MISMATCH,L2_CURRENCY_EQUALITY,,The processor settlement currency differs from the bank entry currency.
mixed-exceptions,SETTLEMENT,SYNTH-BATCH-BANK-CURRENCY-000516,SYNTH-BATCH-BANK-CURRENCY-000516,,,SYNTH-BANK-000016,CURRENCY_MISMATCH,L2_CURRENCY_EQUALITY,,The processor settlement currency differs from the bank entry currency.
mixed-exceptions,SETTLEMENT,SYNTH-BATCH-BANK-CURRENCY-000545,SYNTH-BATCH-BANK-CURRENCY-000545,,,SYNTH-BANK-000017,CURRENCY_MISMATCH,L2_CURRENCY_EQUALITY,,The processor settlement currency differs from the bank entry currency.
mixed-exceptions,SETTLEMENT,SYNTH-BATCH-BANK-CURRENCY-000547,SYNTH-BATCH-BANK-CURRENCY-000547,,,SYNTH-BANK-000018,CURRENCY_MISMATCH,L2_CURRENCY_EQUALITY,,The processor settlement currency differs from the bank entry currency.
mixed-exceptions,SETTLEMENT,SYNTH-BATCH-BANK-CURRENCY-000559,SYNTH-BATCH-BANK-CURRENCY-000559,,,SYNTH-BANK-000019,CURRENCY_MISMATCH,L2_CURRENCY_EQUALITY,,The processor settlement currency differs from the bank entry currency.
mixed-exceptions,SETTLEMENT,SYNTH-BATCH-BANK-CURRENCY-000793,SYNTH-BATCH-BANK-CURRENCY-000793,,,SYNTH-BANK-000020,CURRENCY_MISMATCH,L2_CURRENCY_EQUALITY,,The processor settlement currency differs from the bank entry currency.
mixed-exceptions,SETTLEMENT,SYNTH-BATCH-CURRENCY-000031,SYNTH-BATCH-CURRENCY-000031,,,SYNTH-BANK-000021,MATCHED,L2_EXACT_SETTLEMENT_MATCH,0.0,"The bank entry matches the processor batch currency, expected net credit and settlement window."
mixed-exceptions,SETTLEMENT,SYNTH-BATCH-CURRENCY-000041,SYNTH-BATCH-CURRENCY-000041,,,SYNTH-BANK-000022,MATCHED,L2_EXACT_SETTLEMENT_MATCH,0.0,"The bank entry matches the processor batch currency, expected net credit and settlement window."
mixed-exceptions,SETTLEMENT,SYNTH-BATCH-CURRENCY-000046,SYNTH-BATCH-CURRENCY-000046,,,SYNTH-BANK-000023,MATCHED,L2_EXACT_SETTLEMENT_MATCH,0.0,"The bank entry matches the processor batch currency, expected net credit and settlement window."
mixed-exceptions,SETTLEMENT,SYNTH-BATCH-CURRENCY-000072,SYNTH-BATCH-CURRENCY-000072,,,SYNTH-BANK-000024,MATCHED,L2_EXACT_SETTLEMENT_MATCH,0.0,"The bank entry matches the processor batch currency, expected net credit and settlement window."
mixed-exceptions,SETTLEMENT,SYNTH-BATCH-CURRENCY-000378,SYNTH-BATCH-CURRENCY-000378,,,SYNTH-BANK-000025,MATCHED,L2_EXACT_SETTLEMENT_MATCH,0.0,"The bank entry matches the processor batch currency, expected net credit and settlement window."
mixed-exceptions,SETTLEMENT,SYNTH-BATCH-CURRENCY-000415,SYNTH-BATCH-CURRENCY-000415,,,SYNTH-BANK-000026,MATCHED,L2_EXACT_SETTLEMENT_MATCH,0.0,"The bank entry matches the processor batch currency, expected net credit and settlement window."
mixed-exceptions,SETTLEMENT,SYNTH-BATCH-CURRENCY-000416,SYNTH-BATCH-CURRENCY-000416,,,SYNTH-BANK-000027,MATCHED,L2_EXACT_SETTLEMENT_MATCH,0.0,"The bank entry matches the processor batch currency, expected net credit and settlement window."
mixed-exceptions,SETTLEMENT,SYNTH-BATCH-CURRENCY-000426,SYNTH-BATCH-CURRENCY-000426,,,SYNTH-BANK-000028,MATCHED,L2_EXACT_SETTLEMENT_MATCH,0.0,"The bank entry matches the processor batch currency, expected net credit and settlement window."
mixed-exceptions,SETTLEMENT,SYNTH-BATCH-CURRENCY-000705,SYNTH-BATCH-CURRENCY-000705,,,SYNTH-BANK-000029,MATCHED,L2_EXACT_SETTLEMENT_MATCH,0.0,"The bank entry matches the processor batch currency, expected net credit and settlement window."
mixed-exceptions,SETTLEMENT,SYNTH-BATCH-CURRENCY-000765,SYNTH-BATCH-CURRENCY-000765,,,SYNTH-BANK-000030,MATCHED,L2_EXACT_SETTLEMENT_MATCH,0.0,"The bank entry matches the processor batch currency, expected net credit and settlement window."
mixed-exceptions,SETTLEMENT,SYNTH-BATCH-DUPLICATE-000030,SYNTH-BATCH-DUPLICATE-000030,,,SYNTH-BANK-000031,DUPLICATE_BANK_ENTRY,L2_DUPLICATE_BANK_DEPOSIT,,Multiple bank entries reference the same processor settlement batch.
mixed-exceptions,SETTLEMENT,SYNTH-BATCH-DUPLICATE-000057,SYNTH-BATCH-DUPLICATE-000057,,,SYNTH-BANK-000032,DUPLICATE_BANK_ENTRY,L2_DUPLICATE_BANK_DEPOSIT,,Multiple bank entries reference the same processor settlement batch.
mixed-exceptions,SETTLEMENT,SYNTH-BATCH-DUPLICATE-000202,SYNTH-BATCH-DUPLICATE-000202,,,SYNTH-BANK-000033,DUPLICATE_BANK_ENTRY,L2_DUPLICATE_BANK_DEPOSIT,,Multiple bank entries reference the same processor settlement batch.
mixed-exceptions,SETTLEMENT,SYNTH-BATCH-DUPLICATE-000331,SYNTH-BATCH-DUPLICATE-000331,,,SYNTH-BANK-000034,DUPLICATE_BANK_ENTRY,L2_DUPLICATE_BANK_DEPOSIT,,Multiple bank entries reference the same processor settlement batch.
mixed-exceptions,SETTLEMENT,SYNTH-BATCH-DUPLICATE-000341,SYNTH-BATCH-DUPLICATE-000341,,,SYNTH-BANK-000035,DUPLICATE_BANK_ENTRY,L2_DUPLICATE_BANK_DEPOSIT,,Multiple bank entries reference the same processor settlement batch.
mixed-exceptions,SETTLEMENT,SYNTH-BATCH-DUPLICATE-000554,SYNTH-BATCH-DUPLICATE-000554,,,SYNTH-BANK-000036,DUPLICATE_BANK_ENTRY,L2_DUPLICATE_BANK_DEPOSIT,,Multiple bank entries reference the same processor settlement batch.
mixed-exceptions,SETTLEMENT,SYNTH-BATCH-DUPLICATE-000849,SYNTH-BATCH-DUPLICATE-000849,,,SYNTH-BANK-000037,DUPLICATE_BANK_ENTRY,L2_DUPLICATE_BANK_DEPOSIT,,Multiple bank entries reference the same processor settlement batch.
mixed-exceptions,SETTLEMENT,SYNTH-BATCH-DUPLICATE-000875,SYNTH-BATCH-DUPLICATE-000875,,,SYNTH-BANK-000038,DUPLICATE_BANK_ENTRY,L2_DUPLICATE_BANK_DEPOSIT,,Multiple bank entries reference the same processor settlement batch.
mixed-exceptions,SETTLEMENT,SYNTH-BATCH-DUPLICATE-000926,SYNTH-BATCH-DUPLICATE-000926,,,SYNTH-BANK-000039,DUPLICATE_BANK_ENTRY,L2_DUPLICATE_BANK_DEPOSIT,,Multiple bank entries reference the same processor settlement batch.
mixed-exceptions,SETTLEMENT,SYNTH-BATCH-DUPLICATE-000991,SYNTH-BATCH-DUPLICATE-000991,,,SYNTH-BANK-000040,DUPLICATE_BANK_ENTRY,L2_DUPLICATE_BANK_DEPOSIT,,Multiple bank entries reference the same processor settlement batch.
mixed-exceptions,SETTLEMENT,SYNTH-BATCH-EUR-2026-01-04-0000,SYNTH-BATCH-EUR-2026-01-04-0000,,,SYNTH-BANK-000041,MATCHED,L2_EXACT_SETTLEMENT_MATCH,0.0,"The bank entry matches the processor batch currency, expected net credit and settlement window."
mixed-exceptions,SETTLEMENT,SYNTH-BATCH-EUR-2026-01-04-0001,SYNTH-BATCH-EUR-2026-01-04-0001,,,SYNTH-BANK-000042,MATCHED,L2_EXACT_SETTLEMENT_MATCH,0.0,"The bank entry matches the processor batch currency, expected net credit and settlement window."
mixed-exceptions,SETTLEMENT,SYNTH-BATCH-EUR-2026-01-04-0002,SYNTH-BATCH-EUR-2026-01-04-0002,,,SYNTH-BANK-000043,MATCHED,L2_EXACT_SETTLEMENT_MATCH,0.0,"The bank entry matches the processor batch currency, expected net credit and settlement window."
mixed-exceptions,SETTLEMENT,SYNTH-BATCH-EUR-2026-01-06-0000,SYNTH-BATCH-EUR-2026-01-06-0000,,,SYNTH-BANK-000044,MATCHED,L2_EXACT_SETTLEMENT_MATCH,0.0,"The bank entry matches the processor batch currency, expected net credit and settlement window."
mixed-exceptions,SETTLEMENT,SYNTH-BATCH-EUR-2026-01-06-0001,SYNTH-BATCH-EUR-2026-01-06-0001,,,SYNTH-BANK-000045,MATCHED,L2_EXACT_SETTLEMENT_MATCH,0.0,"The bank entry matches the processor batch currency, expected net credit and settlement window."
mixed-exceptions,SETTLEMENT,SYNTH-BATCH-EUR-2026-01-06-0002,SYNTH-BATCH-EUR-2026-01-06-0002,,,SYNTH-BANK-000046,MATCHED,L2_EXACT_SETTLEMENT_MATCH,0.0,"The bank entry matches the processor batch currency, expected net credit and settlement window."
mixed-exceptions,SETTLEMENT,SYNTH-BATCH-EUR-2026-01-08-0000,SYNTH-BATCH-EUR-2026-01-08-0000,,,SYNTH-BANK-000047,MATCHED,L2_EXACT_SETTLEMENT_MATCH,0.0,"The bank entry matches the processor batch currency, expected net credit and settlement window."
mixed-exceptions,SETTLEMENT,SYNTH-BATCH-EUR-2026-01-08-0001,SYNTH-BATCH-EUR-2026-01-08-0001,,,SYNTH-BANK-000048,MATCHED,L2_EXACT_SETTLEMENT_MATCH,0.0,"The bank entry matches the processor batch currency, expected net credit and settlement window."
mixed-exceptions,SETTLEMENT,SYNTH-BATCH-EUR-2026-01-08-0002,SYNTH-BATCH-EUR-2026-01-08-0002,,,SYNTH-BANK-000049,MATCHED,L2_EXACT_SETTLEMENT_MATCH,0.0,"The bank entry matches the processor batch currency, expected net credit and settlement window."
mixed-exceptions,SETTLEMENT,SYNTH-BATCH-EUR-2026-01-10-0000,SYNTH-BATCH-EUR-2026-01-10-0000,,,SYNTH-BANK-000050,MATCHED,L2_EXACT_SETTLEMENT_MATCH,0.0,"The bank entry matches the processor batch currency, expected net credit and settlement window."
mixed-exceptions,SETTLEMENT,SYNTH-BATCH-EUR-2026-01-10-0001,SYNTH-BATCH-EUR-2026-01-10-0001,,,SYNTH-BANK-000051,MATCHED,L2_EXACT_SETTLEMENT_MATCH,0.0,"The bank entry matches the processor batch currency, expected net credit and settlement window."
mixed-exceptions,SETTLEMENT,SYNTH-BATCH-EUR-2026-01-10-0002,SYNTH-BATCH-EUR-2026-01-10-0002,,,SYNTH-BANK-000052,MATCHED,L2_EXACT_SETTLEMENT_MATCH,0.0,"The bank entry matches the processor batch currency, expected net credit and settlement window."
mixed-exceptions,SETTLEMENT,SYNTH-BATCH-EUR-2026-01-12-0000,SYNTH-BATCH-EUR-2026-01-12-0000,,,SYNTH-BANK-000053,MATCHED,L2_EXACT_SETTLEMENT_MATCH,0.0,"The bank entry matches the processor batch currency, expected net credit and settlement window."
mixed-exceptions,SETTLEMENT,SYNTH-BATCH-EUR-2026-01-12-0001,SYNTH-BATCH-EUR-2026-01-12-0001,,,SYNTH-BANK-000054,AMOUNT_MISMATCH,L2_SETTLEMENT_AMOUNT_EQUALITY,-2096.51,The bank credit differs from the sum of processor net amounts in the settlement batch.
mixed-exceptions,SETTLEMENT,SYNTH-BATCH-EUR-2026-01-12-0002,SYNTH-BATCH-EUR-2026-01-12-0002,,,SYNTH-BANK-000055,MATCHED,L2_EXACT_SETTLEMENT_MATCH,0.0,"The bank entry matches the processor batch currency, expected net credit and settlement window."
mixed-exceptions,SETTLEMENT,SYNTH-BATCH-EUR-2026-01-14-0000,SYNTH-BATCH-EUR-2026-01-14-0000,,,SYNTH-BANK-000056,MATCHED,L2_EXACT_SETTLEMENT_MATCH,0.0,"The bank entry matches the processor batch currency, expected net credit and settlement window."
mixed-exceptions,SETTLEMENT,SYNTH-BATCH-EUR-2026-01-14-0001,SYNTH-BATCH-EUR-2026-01-14-0001,,,SYNTH-BANK-000057,MATCHED,L2_EXACT_SETTLEMENT_MATCH,0.0,"The bank entry matches the processor batch currency, expected net credit and settlement window."
mixed-exceptions,SETTLEMENT,SYNTH-BATCH-EUR-2026-01-14-0002,SYNTH-BATCH-EUR-2026-01-14-0002,,,SYNTH-BANK-000058,MATCHED,L2_EXACT_SETTLEMENT_MATCH,0.0,"The bank entry matches the processor batch currency, expected net credit and settlement window."
mixed-exceptions,SETTLEMENT,SYNTH-BATCH-EUR-2026-01-16-0000,SYNTH-BATCH-EUR-2026-01-16-0000,,,SYNTH-BANK-000059,MATCHED,L2_EXACT_SETTLEMENT_MATCH,0.0,"The bank entry matches the processor batch currency, expected net credit and settlement window."
mixed-exceptions,SETTLEMENT,SYNTH-BATCH-EUR-2026-01-16-0001,SYNTH-BATCH-EUR-2026-01-16-0001,,,SYNTH-BANK-000060,MATCHED,L2_EXACT_SETTLEMENT_MATCH,0.0,"The bank entry matches the processor batch currency, expected net credit and settlement window."
mixed-exceptions,SETTLEMENT,SYNTH-BATCH-EUR-2026-01-16-0002,SYNTH-BATCH-EUR-2026-01-16-0002,,,SYNTH-BANK-000061,MATCHED,L2_EXACT_SETTLEMENT_MATCH,0.0,"The bank entry matches the processor batch currency, expected net credit and settlement window."
mixed-exceptions,SETTLEMENT,SYNTH-BATCH-GBP-2026-01-03-0000,SYNTH-BATCH-GBP-2026-01-03-0000,,,SYNTH-BANK-000062,MATCHED,L2_EXACT_SETTLEMENT_MATCH,0.0,"The bank entry matches the processor batch currency, expected net credit and settlement window."
mixed-exceptions,SETTLEMENT,SYNTH-BATCH-GBP-2026-01-03-0001,SYNTH-BATCH-GBP-2026-01-03-0001,,,SYNTH-BANK-000063,MATCHED,L2_EXACT_SETTLEMENT_MATCH,0.0,"The bank entry matches the processor batch currency, expected net credit and settlement window."
mixed-exceptions,SETTLEMENT,SYNTH-BATCH-GBP-2026-01-03-0002,SYNTH-BATCH-GBP-2026-01-03-0002,,,SYNTH-BANK-000064,MATCHED,L2_EXACT_SETTLEMENT_MATCH,0.0,"The bank entry matches the processor batch currency, expected net credit and settlement window."
mixed-exceptions,SETTLEMENT,SYNTH-BATCH-GBP-2026-01-05-0000,SYNTH-BATCH-GBP-2026-01-05-0000,,,SYNTH-BANK-000065,MATCHED,L2_EXACT_SETTLEMENT_MATCH,0.0,"The bank entry matches the processor batch currency, expected net credit and settlement window."
mixed-exceptions,SETTLEMENT,SYNTH-BATCH-GBP-2026-01-05-0001,SYNTH-BATCH-GBP-2026-01-05-0001,,,SYNTH-BANK-000066,MATCHED,L2_EXACT_SETTLEMENT_MATCH,0.0,"The bank entry matches the processor batch currency, expected net credit and settlement window."
mixed-exceptions,SETTLEMENT,SYNTH-BATCH-GBP-2026-01-05-0002,SYNTH-BATCH-GBP-2026-01-05-0002,,,SYNTH-BANK-000067,MATCHED,L2_EXACT_SETTLEMENT_MATCH,0.0,"The bank entry matches the processor batch currency, expected net credit and settlement window."
mixed-exceptions,SETTLEMENT,SYNTH-BATCH-GBP-2026-01-07-0000,SYNTH-BATCH-GBP-2026-01-07-0000,,,SYNTH-BANK-000068,MATCHED,L2_EXACT_SETTLEMENT_MATCH,0.0,"The bank entry matches the processor batch currency, expected net credit and settlement window."
mixed-exceptions,SETTLEMENT,SYNTH-BATCH-GBP-2026-01-07-0001,SYNTH-BATCH-GBP-2026-01-07-0001,,,SYNTH-BANK-000069,MATCHED,L2_EXACT_SETTLEMENT_MATCH,0.0,"The bank entry matches the processor batch currency, expected net credit and settlement window."
mixed-exceptions,SETTLEMENT,SYNTH-BATCH-GBP-2026-01-07-0002,SYNTH-BATCH-GBP-2026-01-07-0002,,,SYNTH-BANK-000070,MATCHED,L2_EXACT_SETTLEMENT_MATCH,0.0,"The bank entry matches the processor batch currency, expected net credit and settlement window."
mixed-exceptions,SETTLEMENT,SYNTH-BATCH-GBP-2026-01-09-0000,SYNTH-BATCH-GBP-2026-01-09-0000,,,SYNTH-BANK-000071,AMOUNT_MISMATCH,L2_SETTLEMENT_AMOUNT_EQUALITY,-1222.28,The bank credit differs from the sum of processor net amounts in the settlement batch.
mixed-exceptions,SETTLEMENT,SYNTH-BATCH-GBP-2026-01-09-0001,SYNTH-BATCH-GBP-2026-01-09-0001,,,SYNTH-BANK-000072,MATCHED,L2_EXACT_SETTLEMENT_MATCH,0.0,"The bank entry matches the processor batch currency, expected net credit and settlement window."
mixed-exceptions,SETTLEMENT,SYNTH-BATCH-GBP-2026-01-09-0002,SYNTH-BATCH-GBP-2026-01-09-0002,,,SYNTH-BANK-000073,AMOUNT_MISMATCH,L2_SETTLEMENT_AMOUNT_EQUALITY,-413.8,The bank credit differs from the sum of processor net amounts in the settlement batch.
mixed-exceptions,SETTLEMENT,SYNTH-BATCH-GBP-2026-01-11-0000,SYNTH-BATCH-GBP-2026-01-11-0000,,,SYNTH-BANK-000074,MATCHED,L2_EXACT_SETTLEMENT_MATCH,0.0,"The bank entry matches the processor batch currency, expected net credit and settlement window."
mixed-exceptions,SETTLEMENT,SYNTH-BATCH-GBP-2026-01-11-0001,SYNTH-BATCH-GBP-2026-01-11-0001,,,SYNTH-BANK-000075,MATCHED,L2_EXACT_SETTLEMENT_MATCH,0.0,"The bank entry matches the processor batch currency, expected net credit and settlement window."
mixed-exceptions,SETTLEMENT,SYNTH-BATCH-GBP-2026-01-11-0002,SYNTH-BATCH-GBP-2026-01-11-0002,,,SYNTH-BANK-000076,MATCHED,L2_EXACT_SETTLEMENT_MATCH,0.0,"The bank entry matches the processor batch currency, expected net credit and settlement window."
mixed-exceptions,SETTLEMENT,SYNTH-BATCH-GBP-2026-01-13-0000,SYNTH-BATCH-GBP-2026-01-13-0000,,,SYNTH-BANK-000077,MATCHED,L2_EXACT_SETTLEMENT_MATCH,0.0,"The bank entry matches the processor batch currency, expected net credit and settlement window."
mixed-exceptions,SETTLEMENT,SYNTH-BATCH-GBP-2026-01-13-0001,SYNTH-BATCH-GBP-2026-01-13-0001,,,SYNTH-BANK-000078,MATCHED,L2_EXACT_SETTLEMENT_MATCH,0.0,"The bank entry matches the processor batch currency, expected net credit and settlement window."
mixed-exceptions,SETTLEMENT,SYNTH-BATCH-GBP-2026-01-13-0002,SYNTH-BATCH-GBP-2026-01-13-0002,,,SYNTH-BANK-000079,MATCHED,L2_EXACT_SETTLEMENT_MATCH,0.0,"The bank entry matches the processor batch currency, expected net credit and settlement window."
mixed-exceptions,SETTLEMENT,SYNTH-BATCH-GBP-2026-01-15-0000,SYNTH-BATCH-GBP-2026-01-15-0000,,,SYNTH-BANK-000080,MATCHED,L2_EXACT_SETTLEMENT_MATCH,0.0,"The bank entry matches the processor batch currency, expected net credit and settlement window."
mixed-exceptions,SETTLEMENT,SYNTH-BATCH-GBP-2026-01-15-0001,SYNTH-BATCH-GBP-2026-01-15-0001,,,SYNTH-BANK-000081,MATCHED,L2_EXACT_SETTLEMENT_MATCH,0.0,"The bank entry matches the processor batch currency, expected net credit and settlement window."
mixed-exceptions,SETTLEMENT,SYNTH-BATCH-GBP-2026-01-15-0002,SYNTH-BATCH-GBP-2026-01-15-0002,,,SYNTH-BANK-000082,MATCHED,L2_EXACT_SETTLEMENT_MATCH,0.0,"The bank entry matches the processor batch currency, expected net credit and settlement window."
mixed-exceptions,SETTLEMENT,SYNTH-BATCH-LATE-000005,SYNTH-BATCH-LATE-000005,,,SYNTH-BANK-000083,LATE_SETTLEMENT,L2_SETTLEMENT_WINDOW,0.0,The bank booked the deposit outside the configured settlement window.
mixed-exceptions,SETTLEMENT,SYNTH-BATCH-LATE-000035,SYNTH-BATCH-LATE-000035,,,SYNTH-BANK-000084,LATE_SETTLEMENT,L2_SETTLEMENT_WINDOW,0.0,The bank booked the deposit outside the configured settlement window.
mixed-exceptions,SETTLEMENT,SYNTH-BATCH-LATE-000093,SYNTH-BATCH-LATE-000093,,,SYNTH-BANK-000085,LATE_SETTLEMENT,L2_SETTLEMENT_WINDOW,0.0,The bank booked the deposit outside the configured settlement window.
mixed-exceptions,SETTLEMENT,SYNTH-BATCH-LATE-000098,SYNTH-BATCH-LATE-000098,,,SYNTH-BANK-000086,LATE_SETTLEMENT,L2_SETTLEMENT_WINDOW,0.0,The bank booked the deposit outside the configured settlement window.
mixed-exceptions,SETTLEMENT,SYNTH-BATCH-LATE-000376,SYNTH-BATCH-LATE-000376,,,SYNTH-BANK-000087,LATE_SETTLEMENT,L2_SETTLEMENT_WINDOW,0.0,The bank booked the deposit outside the configured settlement window.
mixed-exceptions,SETTLEMENT,SYNTH-BATCH-LATE-000425,SYNTH-BATCH-LATE-000425,,,SYNTH-BANK-000088,LATE_SETTLEMENT,L2_SETTLEMENT_WINDOW,0.0,The bank booked the deposit outside the configured settlement window.
mixed-exceptions,SETTLEMENT,SYNTH-BATCH-LATE-000485,SYNTH-BATCH-LATE-000485,,,SYNTH-BANK-000089,LATE_SETTLEMENT,L2_SETTLEMENT_WINDOW,0.0,The bank booked the deposit outside the configured settlement window.
mixed-exceptions,SETTLEMENT,SYNTH-BATCH-LATE-000581,SYNTH-BATCH-LATE-000581,,,SYNTH-BANK-000090,LATE_SETTLEMENT,L2_SETTLEMENT_WINDOW,0.0,The bank booked the deposit outside the configured settlement window.
mixed-exceptions,SETTLEMENT,SYNTH-BATCH-LATE-000679,SYNTH-BATCH-LATE-000679,,,SYNTH-BANK-000091,LATE_SETTLEMENT,L2_SETTLEMENT_WINDOW,0.0,The bank booked the deposit outside the configured settlement window.
mixed-exceptions,SETTLEMENT,SYNTH-BATCH-LATE-000709,SYNTH-BATCH-LATE-000709,,,SYNTH-BANK-000092,LATE_SETTLEMENT,L2_SETTLEMENT_WINDOW,0.0,The bank booked the deposit outside the configured settlement window.
mixed-exceptions,SETTLEMENT,SYNTH-BATCH-LATE-000729,SYNTH-BATCH-LATE-000729,,,SYNTH-BANK-000093,LATE_SETTLEMENT,L2_SETTLEMENT_WINDOW,0.0,The bank booked the deposit outside the configured settlement window.
mixed-exceptions,SETTLEMENT,SYNTH-BATCH-LATE-000739,SYNTH-BATCH-LATE-000739,,,SYNTH-BANK-000094,LATE_SETTLEMENT,L2_SETTLEMENT_WINDOW,0.0,The bank booked the deposit outside the configured settlement window.
mixed-exceptions,SETTLEMENT,SYNTH-BATCH-LATE-000752,SYNTH-BATCH-LATE-000752,,,SYNTH-BANK-000095,LATE_SETTLEMENT,L2_SETTLEMENT_WINDOW,0.0,The bank booked the deposit outside the configured settlement window.
mixed-exceptions,SETTLEMENT,SYNTH-BATCH-LATE-000758,SYNTH-BATCH-LATE-000758,,,SYNTH-BANK-000096,LATE_SETTLEMENT,L2_SETTLEMENT_WINDOW,0.0,The bank booked the deposit outside the configured settlement window.
mixed-exceptions,SETTLEMENT,SYNTH-BATCH-LATE-000764,SYNTH-BATCH-LATE-000764,,,SYNTH-BANK-000097,LATE_SETTLEMENT,L2_SETTLEMENT_WINDOW,0.0,The bank booked the deposit outside the configured settlement window.
mixed-exceptions,SETTLEMENT,SYNTH-BATCH-LATE-000805,SYNTH-BATCH-LATE-000805,,,SYNTH-BANK-000098,LATE_SETTLEMENT,L2_SETTLEMENT_WINDOW,0.0,The bank booked the deposit outside the configured settlement window.
mixed-exceptions,SETTLEMENT,SYNTH-BATCH-LATE-000811,SYNTH-BATCH-LATE-000811,,,SYNTH-BANK-000099,LATE_SETTLEMENT,L2_SETTLEMENT_WINDOW,0.0,The bank booked the deposit outside the configured settlement window.
mixed-exceptions,SETTLEMENT,SYNTH-BATCH-LATE-000920,SYNTH-BATCH-LATE-000920,,,SYNTH-BANK-000100,LATE_SETTLEMENT,L2_SETTLEMENT_WINDOW,0.0,The bank booked the deposit outside the configured settlement window.
mixed-exceptions,SETTLEMENT,SYNTH-BATCH-LATE-000966,SYNTH-BATCH-LATE-000966,,,SYNTH-BANK-000101,LATE_SETTLEMENT,L2_SETTLEMENT_WINDOW,0.0,The bank booked the deposit outside the configured settlement window.
mixed-exceptions,SETTLEMENT,SYNTH-BATCH-LATE-000986,SYNTH-BATCH-LATE-000986,,,SYNTH-BANK-000102,LATE_SETTLEMENT,L2_SETTLEMENT_WINDOW,0.0,The bank booked the deposit outside the configured settlement window.
mixed-exceptions,SETTLEMENT,SYNTH-BATCH-MISSING-000183,SYNTH-BATCH-MISSING-000183,,,,MISSING_BANK_SETTLEMENT,L2_MISSING_BANK_DEPOSIT,-1321.22,No bank deposit references the processor settlement batch.
mixed-exceptions,SETTLEMENT,SYNTH-BATCH-MISSING-000193,SYNTH-BATCH-MISSING-000193,,,,MISSING_BANK_SETTLEMENT,L2_MISSING_BANK_DEPOSIT,-518.36,No bank deposit references the processor settlement batch.
mixed-exceptions,SETTLEMENT,SYNTH-BATCH-MISSING-000316,SYNTH-BATCH-MISSING-000316,,,,MISSING_BANK_SETTLEMENT,L2_MISSING_BANK_DEPOSIT,-529.96,No bank deposit references the processor settlement batch.
mixed-exceptions,SETTLEMENT,SYNTH-BATCH-MISSING-000362,SYNTH-BATCH-MISSING-000362,,,,MISSING_BANK_SETTLEMENT,L2_MISSING_BANK_DEPOSIT,-1015.59,No bank deposit references the processor settlement batch.
mixed-exceptions,SETTLEMENT,SYNTH-BATCH-MISSING-000491,SYNTH-BATCH-MISSING-000491,,,,MISSING_BANK_SETTLEMENT,L2_MISSING_BANK_DEPOSIT,-2035.17,No bank deposit references the processor settlement batch.
mixed-exceptions,SETTLEMENT,SYNTH-BATCH-MISSING-000566,SYNTH-BATCH-MISSING-000566,,,,MISSING_BANK_SETTLEMENT,L2_MISSING_BANK_DEPOSIT,-1450.76,No bank deposit references the processor settlement batch.
mixed-exceptions,SETTLEMENT,SYNTH-BATCH-MISSING-000586,SYNTH-BATCH-MISSING-000586,,,,MISSING_BANK_SETTLEMENT,L2_MISSING_BANK_DEPOSIT,-1768.57,No bank deposit references the processor settlement batch.
mixed-exceptions,SETTLEMENT,SYNTH-BATCH-MISSING-000667,SYNTH-BATCH-MISSING-000667,,,,MISSING_BANK_SETTLEMENT,L2_MISSING_BANK_DEPOSIT,-2145.63,No bank deposit references the processor settlement batch.
mixed-exceptions,SETTLEMENT,SYNTH-BATCH-MISSING-000838,SYNTH-BATCH-MISSING-000838,,,,MISSING_BANK_SETTLEMENT,L2_MISSING_BANK_DEPOSIT,-1215.84,No bank deposit references the processor settlement batch.
mixed-exceptions,SETTLEMENT,SYNTH-BATCH-MISSING-000893,SYNTH-BATCH-MISSING-000893,,,,MISSING_BANK_SETTLEMENT,L2_MISSING_BANK_DEPOSIT,-1755.32,No bank deposit references the processor settlement batch.
mixed-exceptions,SETTLEMENT,SYNTH-BATCH-PROC-ONLY-000001,SYNTH-BATCH-PROC-ONLY-000001,,,SYNTH-BANK-000103,MATCHED,L2_EXACT_SETTLEMENT_MATCH,0.0,"The bank entry matches the processor batch currency, expected net credit and settlement window."
mixed-exceptions,SETTLEMENT,SYNTH-BATCH-PROC-ONLY-000002,SYNTH-BATCH-PROC-ONLY-000002,,,SYNTH-BANK-000104,MATCHED,L2_EXACT_SETTLEMENT_MATCH,0.0,"The bank entry matches the processor batch currency, expected net credit and settlement window."
mixed-exceptions,SETTLEMENT,SYNTH-BATCH-PROC-ONLY-000003,SYNTH-BATCH-PROC-ONLY-000003,,,SYNTH-BANK-000105,MATCHED,L2_EXACT_SETTLEMENT_MATCH,0.0,"The bank entry matches the processor batch currency, expected net credit and settlement window."
mixed-exceptions,SETTLEMENT,SYNTH-BATCH-PROC-ONLY-000004,SYNTH-BATCH-PROC-ONLY-000004,,,SYNTH-BANK-000106,MATCHED,L2_EXACT_SETTLEMENT_MATCH,0.0,"The bank entry matches the processor batch currency, expected net credit and settlement window."
mixed-exceptions,SETTLEMENT,SYNTH-BATCH-PROC-ONLY-000005,SYNTH-BATCH-PROC-ONLY-000005,,,SYNTH-BANK-000107,MATCHED,L2_EXACT_SETTLEMENT_MATCH,0.0,"The bank entry matches the processor batch currency, expected net credit and settlement window."
mixed-exceptions,SETTLEMENT,SYNTH-BATCH-PROC-ONLY-000006,SYNTH-BATCH-PROC-ONLY-000006,,,SYNTH-BANK-000108,MATCHED,L2_EXACT_SETTLEMENT_MATCH,0.0,"The bank entry matches the processor batch currency, expected net credit and settlement window."
mixed-exceptions,SETTLEMENT,SYNTH-BATCH-PROC-ONLY-000007,SYNTH-BATCH-PROC-ONLY-000007,,,SYNTH-BANK-000109,MATCHED,L2_EXACT_SETTLEMENT_MATCH,0.0,"The bank entry matches the processor batch currency, expected net credit and settlement window."
mixed-exceptions,SETTLEMENT,SYNTH-BATCH-PROC-ONLY-000008,SYNTH-BATCH-PROC-ONLY-000008,,,SYNTH-BANK-000110,MATCHED,L2_EXACT_SETTLEMENT_MATCH,0.0,"The bank entry matches the processor batch currency, expected net credit and settlement window."
mixed-exceptions,SETTLEMENT,SYNTH-BATCH-PROC-ONLY-000009,SYNTH-BATCH-PROC-ONLY-000009,,,SYNTH-BANK-000111,MATCHED,L2_EXACT_SETTLEMENT_MATCH,0.0,"The bank entry matches the processor batch currency, expected net credit and settlement window."
mixed-exceptions,SETTLEMENT,SYNTH-BATCH-PROC-ONLY-000010,SYNTH-BATCH-PROC-ONLY-000010,,,SYNTH-BANK-000112,MATCHED,L2_EXACT_SETTLEMENT_MATCH,0.0,"The bank entry matches the processor batch currency, expected net credit and settlement window."
mixed-exceptions,SETTLEMENT,SYNTH-BATCH-PROC-ONLY-000011,SYNTH-BATCH-PROC-ONLY-000011,,,SYNTH-BANK-000113,MATCHED,L2_EXACT_SETTLEMENT_MATCH,0.0,"The bank entry matches the processor batch currency, expected net credit and settlement window."
mixed-exceptions,SETTLEMENT,SYNTH-BATCH-PROC-ONLY-000012,SYNTH-BATCH-PROC-ONLY-000012,,,SYNTH-BANK-000114,MATCHED,L2_EXACT_SETTLEMENT_MATCH,0.0,"The bank entry matches the processor batch currency, expected net credit and settlement window."
mixed-exceptions,SETTLEMENT,SYNTH-BATCH-PROC-ONLY-000013,SYNTH-BATCH-PROC-ONLY-000013,,,SYNTH-BANK-000115,MATCHED,L2_EXACT_SETTLEMENT_MATCH,0.0,"The bank entry matches the processor batch currency, expected net credit and settlement window."
mixed-exceptions,SETTLEMENT,SYNTH-BATCH-PROC-ONLY-000014,SYNTH-BATCH-PROC-ONLY-000014,,,SYNTH-BANK-000116,MATCHED,L2_EXACT_SETTLEMENT_MATCH,0.0,"The bank entry matches the processor batch currency, expected net credit and settlement window."
mixed-exceptions,SETTLEMENT,SYNTH-BATCH-PROC-ONLY-000015,SYNTH-BATCH-PROC-ONLY-000015,,,SYNTH-BANK-000117,MATCHED,L2_EXACT_SETTLEMENT_MATCH,0.0,"The bank entry matches the processor batch currency, expected net credit and settlement window."
mixed-exceptions,SETTLEMENT,SYNTH-BATCH-PROC-ONLY-000016,SYNTH-BATCH-PROC-ONLY-000016,,,SYNTH-BANK-000118,MATCHED,L2_EXACT_SETTLEMENT_MATCH,0.0,"The bank entry matches the processor batch currency, expected net credit and settlement window."
mixed-exceptions,SETTLEMENT,SYNTH-BATCH-PROC-ONLY-000017,SYNTH-BATCH-PROC-ONLY-000017,,,SYNTH-BANK-000119,MATCHED,L2_EXACT_SETTLEMENT_MATCH,0.0,"The bank entry matches the processor batch currency, expected net credit and settlement window."
mixed-exceptions,SETTLEMENT,SYNTH-BATCH-PROC-ONLY-000018,SYNTH-BATCH-PROC-ONLY-000018,,,SYNTH-BANK-000120,MATCHED,L2_EXACT_SETTLEMENT_MATCH,0.0,"The bank entry matches the processor batch currency, expected net credit and settlement window."
mixed-exceptions,SETTLEMENT,SYNTH-BATCH-PROC-ONLY-000019,SYNTH-BATCH-PROC-ONLY-000019,,,SYNTH-BANK-000121,MATCHED,L2_EXACT_SETTLEMENT_MATCH,0.0,"The bank entry matches the processor batch currency, expected net credit and settlement window."
mixed-exceptions,SETTLEMENT,SYNTH-BATCH-PROC-ONLY-000020,SYNTH-BATCH-PROC-ONLY-000020,,,SYNTH-BANK-000122,MATCHED,L2_EXACT_SETTLEMENT_MATCH,0.0,"The bank entry matches the processor batch currency, expected net credit and settlement window."
mixed-exceptions,SETTLEMENT,SYNTH-BATCH-REFUND-000023,SYNTH-BATCH-REFUND-000023,,,SYNTH-BANK-000123,MATCHED,L2_EXACT_SETTLEMENT_MATCH,0.0,"The bank entry matches the processor batch currency, expected net credit and settlement window."
mixed-exceptions,SETTLEMENT,SYNTH-BATCH-REFUND-000028,SYNTH-BATCH-REFUND-000028,,,SYNTH-BANK-000124,MATCHED,L2_EXACT_SETTLEMENT_MATCH,0.0,"The bank entry matches the processor batch currency, expected net credit and settlement window."
mixed-exceptions,SETTLEMENT,SYNTH-BATCH-REFUND-000120,SYNTH-BATCH-REFUND-000120,,,SYNTH-BANK-000125,MATCHED,L2_EXACT_SETTLEMENT_MATCH,0.0,"The bank entry matches the processor batch currency, expected net credit and settlement window."
mixed-exceptions,SETTLEMENT,SYNTH-BATCH-REFUND-000135,SYNTH-BATCH-REFUND-000135,,,SYNTH-BANK-000126,MATCHED,L2_EXACT_SETTLEMENT_MATCH,0.0,"The bank entry matches the processor batch currency, expected net credit and settlement window."
mixed-exceptions,SETTLEMENT,SYNTH-BATCH-REFUND-000146,SYNTH-BATCH-REFUND-000146,,,SYNTH-BANK-000127,MATCHED,L2_EXACT_SETTLEMENT_MATCH,0.0,"The bank entry matches the processor batch currency, expected net credit and settlement window."
mixed-exceptions,SETTLEMENT,SYNTH-BATCH-REFUND-000170,SYNTH-BATCH-REFUND-000170,,,SYNTH-BANK-000128,MATCHED,L2_EXACT_SETTLEMENT_MATCH,0.0,"The bank entry matches the processor batch currency, expected net credit and settlement window."
mixed-exceptions,SETTLEMENT,SYNTH-BATCH-REFUND-000185,SYNTH-BATCH-REFUND-000185,,,SYNTH-BANK-000129,MATCHED,L2_EXACT_SETTLEMENT_MATCH,0.0,"The bank entry matches the processor batch currency, expected net credit and settlement window."
mixed-exceptions,SETTLEMENT,SYNTH-BATCH-REFUND-000190,SYNTH-BATCH-REFUND-000190,,,SYNTH-BANK-000130,MATCHED,L2_EXACT_SETTLEMENT_MATCH,0.0,"The bank entry matches the processor batch currency, expected net credit and settlement window."
mixed-exceptions,SETTLEMENT,SYNTH-BATCH-REFUND-000205,SYNTH-BATCH-REFUND-000205,,,SYNTH-BANK-000131,MATCHED,L2_EXACT_SETTLEMENT_MATCH,0.0,"The bank entry matches the processor batch currency, expected net credit and settlement window."
mixed-exceptions,SETTLEMENT,SYNTH-BATCH-REFUND-000213,SYNTH-BATCH-REFUND-000213,,,SYNTH-BANK-000132,MATCHED,L2_EXACT_SETTLEMENT_MATCH,0.0,"The bank entry matches the processor batch currency, expected net credit and settlement window."
mixed-exceptions,SETTLEMENT,SYNTH-BATCH-REFUND-000224,SYNTH-BATCH-REFUND-000224,,,SYNTH-BANK-000133,MATCHED,L2_EXACT_SETTLEMENT_MATCH,0.0,"The bank entry matches the processor batch currency, expected net credit and settlement window."
mixed-exceptions,SETTLEMENT,SYNTH-BATCH-REFUND-000230,SYNTH-BATCH-REFUND-000230,,,SYNTH-BANK-000134,MATCHED,L2_EXACT_SETTLEMENT_MATCH,0.0,"The bank entry matches the processor batch currency, expected net credit and settlement window."
mixed-exceptions,SETTLEMENT,SYNTH-BATCH-REFUND-000261,SYNTH-BATCH-REFUND-000261,,,SYNTH-BANK-000135,MATCHED,L2_EXACT_SETTLEMENT_MATCH,0.0,"The bank entry matches the processor batch currency, expected net credit and settlement window."
mixed-exceptions,SETTLEMENT,SYNTH-BATCH-REFUND-000264,SYNTH-BATCH-REFUND-000264,,,SYNTH-BANK-000136,MATCHED,L2_EXACT_SETTLEMENT_MATCH,0.0,"The bank entry matches the processor batch currency, expected net credit and settlement window."
mixed-exceptions,SETTLEMENT,SYNTH-BATCH-REFUND-000295,SYNTH-BATCH-REFUND-000295,,,SYNTH-BANK-000137,MATCHED,L2_EXACT_SETTLEMENT_MATCH,0.0,"The bank entry matches the processor batch currency, expected net credit and settlement window."
mixed-exceptions,SETTLEMENT,SYNTH-BATCH-REFUND-000350,SYNTH-BATCH-REFUND-000350,,,SYNTH-BANK-000138,MATCHED,L2_EXACT_SETTLEMENT_MATCH,0.0,"The bank entry matches the processor batch currency, expected net credit and settlement window."
mixed-exceptions,SETTLEMENT,SYNTH-BATCH-REFUND-000367,SYNTH-BATCH-REFUND-000367,,,SYNTH-BANK-000139,MATCHED,L2_EXACT_SETTLEMENT_MATCH,0.0,"The bank entry matches the processor batch currency, expected net credit and settlement window."
mixed-exceptions,SETTLEMENT,SYNTH-BATCH-REFUND-000382,SYNTH-BATCH-REFUND-000382,,,SYNTH-BANK-000140,MATCHED,L2_EXACT_SETTLEMENT_MATCH,0.0,"The bank entry matches the processor batch currency, expected net credit and settlement window."
mixed-exceptions,SETTLEMENT,SYNTH-BATCH-REFUND-000400,SYNTH-BATCH-REFUND-000400,,,SYNTH-BANK-000141,MATCHED,L2_EXACT_SETTLEMENT_MATCH,0.0,"The bank entry matches the processor batch currency, expected net credit and settlement window."
mixed-exceptions,SETTLEMENT,SYNTH-BATCH-REFUND-000431,SYNTH-BATCH-REFUND-000431,,,SYNTH-BANK-000142,MATCHED,L2_EXACT_SETTLEMENT_MATCH,0.0,"The bank entry matches the processor batch currency, expected net credit and settlement window."
mixed-exceptions,SETTLEMENT,SYNTH-BATCH-REFUND-000439,SYNTH-BATCH-REFUND-000439,,,SYNTH-BANK-000143,MATCHED,L2_EXACT_SETTLEMENT_MATCH,0.0,"The bank entry matches the processor batch currency, expected net credit and settlement window."
mixed-exceptions,SETTLEMENT,SYNTH-BATCH-REFUND-000445,SYNTH-BATCH-REFUND-000445,,,SYNTH-BANK-000144,MATCHED,L2_EXACT_SETTLEMENT_MATCH,0.0,"The bank entry matches the processor batch currency, expected net credit and settlement window."
mixed-exceptions,SETTLEMENT,SYNTH-BATCH-REFUND-000469,SYNTH-BATCH-REFUND-000469,,,SYNTH-BANK-000145,MATCHED,L2_EXACT_SETTLEMENT_MATCH,0.0,"The bank entry matches the processor batch currency, expected net credit and settlement window."
mixed-exceptions,SETTLEMENT,SYNTH-BATCH-REFUND-000476,SYNTH-BATCH-REFUND-000476,,,SYNTH-BANK-000146,MATCHED,L2_EXACT_SETTLEMENT_MATCH,0.0,"The bank entry matches the processor batch currency, expected net credit and settlement window."
mixed-exceptions,SETTLEMENT,SYNTH-BATCH-REFUND-000487,SYNTH-BATCH-REFUND-000487,,,SYNTH-BANK-000147,MATCHED,L2_EXACT_SETTLEMENT_MATCH,0.0,"The bank entry matches the processor batch currency, expected net credit and settlement window."
mixed-exceptions,SETTLEMENT,SYNTH-BATCH-REFUND-000518,SYNTH-BATCH-REFUND-000518,,,SYNTH-BANK-000148,MATCHED,L2_EXACT_SETTLEMENT_MATCH,0.0,"The bank entry matches the processor batch currency, expected net credit and settlement window."
mixed-exceptions,SETTLEMENT,SYNTH-BATCH-REFUND-000608,SYNTH-BATCH-REFUND-000608,,,SYNTH-BANK-000149,MATCHED,L2_EXACT_SETTLEMENT_MATCH,0.0,"The bank entry matches the processor batch currency, expected net credit and settlement window."
mixed-exceptions,SETTLEMENT,SYNTH-BATCH-REFUND-000689,SYNTH-BATCH-REFUND-000689,,,SYNTH-BANK-000150,MATCHED,L2_EXACT_SETTLEMENT_MATCH,0.0,"The bank entry matches the processor batch currency, expected net credit and settlement window."
mixed-exceptions,SETTLEMENT,SYNTH-BATCH-REFUND-000702,SYNTH-BATCH-REFUND-000702,,,SYNTH-BANK-000151,MATCHED,L2_EXACT_SETTLEMENT_MATCH,0.0,"The bank entry matches the processor batch currency, expected net credit and settlement window."
mixed-exceptions,SETTLEMENT,SYNTH-BATCH-REFUND-000746,SYNTH-BATCH-REFUND-000746,,,SYNTH-BANK-000152,MATCHED,L2_EXACT_SETTLEMENT_MATCH,0.0,"The bank entry matches the processor batch currency, expected net credit and settlement window."
mixed-exceptions,SETTLEMENT,SYNTH-BATCH-REFUND-000751,SYNTH-BATCH-REFUND-000751,,,SYNTH-BANK-000153,MATCHED,L2_EXACT_SETTLEMENT_MATCH,0.0,"The bank entry matches the processor batch currency, expected net credit and settlement window."
mixed-exceptions,SETTLEMENT,SYNTH-BATCH-REFUND-000795,SYNTH-BATCH-REFUND-000795,,,SYNTH-BANK-000154,MATCHED,L2_EXACT_SETTLEMENT_MATCH,0.0,"The bank entry matches the processor batch currency, expected net credit and settlement window."
mixed-exceptions,SETTLEMENT,SYNTH-BATCH-REFUND-000851,SYNTH-BATCH-REFUND-000851,,,SYNTH-BANK-000155,MATCHED,L2_EXACT_SETTLEMENT_MATCH,0.0,"The bank entry matches the processor batch currency, expected net credit and settlement window."
mixed-exceptions,SETTLEMENT,SYNTH-BATCH-REFUND-000871,SYNTH-BATCH-REFUND-000871,,,SYNTH-BANK-000156,MATCHED,L2_EXACT_SETTLEMENT_MATCH,0.0,"The bank entry matches the processor batch currency, expected net credit and settlement window."
mixed-exceptions,SETTLEMENT,SYNTH-BATCH-REFUND-000881,SYNTH-BATCH-REFUND-000881,,,SYNTH-BANK-000157,MATCHED,L2_EXACT_SETTLEMENT_MATCH,0.0,"The bank entry matches the processor batch currency, expected net credit and settlement window."
mixed-exceptions,SETTLEMENT,SYNTH-BATCH-REFUND-000898,SYNTH-BATCH-REFUND-000898,,,SYNTH-BANK-000158,MATCHED,L2_EXACT_SETTLEMENT_MATCH,0.0,"The bank entry matches the processor batch currency, expected net credit and settlement window."
mixed-exceptions,SETTLEMENT,SYNTH-BATCH-REFUND-000912,SYNTH-BATCH-REFUND-000912,,,SYNTH-BANK-000159,MATCHED,L2_EXACT_SETTLEMENT_MATCH,0.0,"The bank entry matches the processor batch currency, expected net credit and settlement window."
mixed-exceptions,SETTLEMENT,SYNTH-BATCH-REFUND-000929,SYNTH-BATCH-REFUND-000929,,,SYNTH-BANK-000160,MATCHED,L2_EXACT_SETTLEMENT_MATCH,0.0,"The bank entry matches the processor batch currency, expected net credit and settlement window."
mixed-exceptions,SETTLEMENT,SYNTH-BATCH-REFUND-000989,SYNTH-BATCH-REFUND-000989,,,SYNTH-BANK-000161,MATCHED,L2_EXACT_SETTLEMENT_MATCH,0.0,"The bank entry matches the processor batch currency, expected net credit and settlement window."
mixed-exceptions,SETTLEMENT,SYNTH-BATCH-REFUND-000995,SYNTH-BATCH-REFUND-000995,,,SYNTH-BANK-000162,MATCHED,L2_EXACT_SETTLEMENT_MATCH,0.0,"The bank entry matches the processor batch currency, expected net credit and settlement window."
mixed-exceptions,SETTLEMENT,SYNTH-BATCH-USD-2026-01-03-0000,SYNTH-BATCH-USD-2026-01-03-0000,,,SYNTH-BANK-000163,AMOUNT_MISMATCH,L2_SETTLEMENT_AMOUNT_EQUALITY,-268.68,The bank credit differs from the sum of processor net amounts in the settlement batch.
mixed-exceptions,SETTLEMENT,SYNTH-BATCH-USD-2026-01-03-0001,SYNTH-BATCH-USD-2026-01-03-0001,,,SYNTH-BANK-000164,MATCHED,L2_EXACT_SETTLEMENT_MATCH,0.0,"The bank entry matches the processor batch currency, expected net credit and settlement window."
mixed-exceptions,SETTLEMENT,SYNTH-BATCH-USD-2026-01-03-0002,SYNTH-BATCH-USD-2026-01-03-0002,,,SYNTH-BANK-000165,MATCHED,L2_EXACT_SETTLEMENT_MATCH,0.0,"The bank entry matches the processor batch currency, expected net credit and settlement window."
mixed-exceptions,SETTLEMENT,SYNTH-BATCH-USD-2026-01-04-0000,SYNTH-BATCH-USD-2026-01-04-0000,,,SYNTH-BANK-000166,MATCHED,L2_EXACT_SETTLEMENT_MATCH,0.0,"The bank entry matches the processor batch currency, expected net credit and settlement window."
mixed-exceptions,SETTLEMENT,SYNTH-BATCH-USD-2026-01-04-0001,SYNTH-BATCH-USD-2026-01-04-0001,,,SYNTH-BANK-000167,MATCHED,L2_EXACT_SETTLEMENT_MATCH,0.0,"The bank entry matches the processor batch currency, expected net credit and settlement window."
mixed-exceptions,SETTLEMENT,SYNTH-BATCH-USD-2026-01-04-0002,SYNTH-BATCH-USD-2026-01-04-0002,,,SYNTH-BANK-000168,MATCHED,L2_EXACT_SETTLEMENT_MATCH,0.0,"The bank entry matches the processor batch currency, expected net credit and settlement window."
mixed-exceptions,SETTLEMENT,SYNTH-BATCH-USD-2026-01-05-0000,SYNTH-BATCH-USD-2026-01-05-0000,,,SYNTH-BANK-000169,MATCHED,L2_EXACT_SETTLEMENT_MATCH,0.0,"The bank entry matches the processor batch currency, expected net credit and settlement window."
mixed-exceptions,SETTLEMENT,SYNTH-BATCH-USD-2026-01-05-0001,SYNTH-BATCH-USD-2026-01-05-0001,,,SYNTH-BANK-000170,AMOUNT_MISMATCH,L2_SETTLEMENT_AMOUNT_EQUALITY,-1380.92,The bank credit differs from the sum of processor net amounts in the settlement batch.
mixed-exceptions,SETTLEMENT,SYNTH-BATCH-USD-2026-01-05-0002,SYNTH-BATCH-USD-2026-01-05-0002,,,SYNTH-BANK-000171,MATCHED,L2_EXACT_SETTLEMENT_MATCH,0.0,"The bank entry matches the processor batch currency, expected net credit and settlement window."
mixed-exceptions,SETTLEMENT,SYNTH-BATCH-USD-2026-01-06-0000,SYNTH-BATCH-USD-2026-01-06-0000,,,SYNTH-BANK-000172,MATCHED,L2_EXACT_SETTLEMENT_MATCH,0.0,"The bank entry matches the processor batch currency, expected net credit and settlement window."
mixed-exceptions,SETTLEMENT,SYNTH-BATCH-USD-2026-01-06-0001,SYNTH-BATCH-USD-2026-01-06-0001,,,SYNTH-BANK-000173,MATCHED,L2_EXACT_SETTLEMENT_MATCH,0.0,"The bank entry matches the processor batch currency, expected net credit and settlement window."
mixed-exceptions,SETTLEMENT,SYNTH-BATCH-USD-2026-01-06-0002,SYNTH-BATCH-USD-2026-01-06-0002,,,SYNTH-BANK-000174,MATCHED,L2_EXACT_SETTLEMENT_MATCH,0.0,"The bank entry matches the processor batch currency, expected net credit and settlement window."
mixed-exceptions,SETTLEMENT,SYNTH-BATCH-USD-2026-01-07-0000,SYNTH-BATCH-USD-2026-01-07-0000,,,SYNTH-BANK-000175,MATCHED,L2_EXACT_SETTLEMENT_MATCH,0.0,"The bank entry matches the processor batch currency, expected net credit and settlement window."
mixed-exceptions,SETTLEMENT,SYNTH-BATCH-USD-2026-01-07-0001,SYNTH-BATCH-USD-2026-01-07-0001,,,SYNTH-BANK-000176,AMOUNT_MISMATCH,L2_SETTLEMENT_AMOUNT_EQUALITY,-980.93,The bank credit differs from the sum of processor net amounts in the settlement batch.
mixed-exceptions,SETTLEMENT,SYNTH-BATCH-USD-2026-01-07-0002,SYNTH-BATCH-USD-2026-01-07-0002,,,SYNTH-BANK-000177,MATCHED,L2_EXACT_SETTLEMENT_MATCH,0.0,"The bank entry matches the processor batch currency, expected net credit and settlement window."
mixed-exceptions,SETTLEMENT,SYNTH-BATCH-USD-2026-01-08-0000,SYNTH-BATCH-USD-2026-01-08-0000,,,SYNTH-BANK-000178,AMOUNT_MISMATCH,L2_SETTLEMENT_AMOUNT_EQUALITY,-2367.24,The bank credit differs from the sum of processor net amounts in the settlement batch.
mixed-exceptions,SETTLEMENT,SYNTH-BATCH-USD-2026-01-08-0001,SYNTH-BATCH-USD-2026-01-08-0001,,,SYNTH-BANK-000179,MATCHED,L2_EXACT_SETTLEMENT_MATCH,0.0,"The bank entry matches the processor batch currency, expected net credit and settlement window."
mixed-exceptions,SETTLEMENT,SYNTH-BATCH-USD-2026-01-08-0002,SYNTH-BATCH-USD-2026-01-08-0002,,,SYNTH-BANK-000180,AMOUNT_MISMATCH,L2_SETTLEMENT_AMOUNT_EQUALITY,-679.09,The bank credit differs from the sum of processor net amounts in the settlement batch.
mixed-exceptions,SETTLEMENT,SYNTH-BATCH-USD-2026-01-09-0000,SYNTH-BATCH-USD-2026-01-09-0000,,,SYNTH-BANK-000181,AMOUNT_MISMATCH,L2_SETTLEMENT_AMOUNT_EQUALITY,-222.01,The bank credit differs from the sum of processor net amounts in the settlement batch.
mixed-exceptions,SETTLEMENT,SYNTH-BATCH-USD-2026-01-09-0001,SYNTH-BATCH-USD-2026-01-09-0001,,,SYNTH-BANK-000182,AMOUNT_MISMATCH,L2_SETTLEMENT_AMOUNT_EQUALITY,-4193.24,The bank credit differs from the sum of processor net amounts in the settlement batch.
mixed-exceptions,SETTLEMENT,SYNTH-BATCH-USD-2026-01-09-0002,SYNTH-BATCH-USD-2026-01-09-0002,,,SYNTH-BANK-000183,MATCHED,L2_EXACT_SETTLEMENT_MATCH,0.0,"The bank entry matches the processor batch currency, expected net credit and settlement window."
mixed-exceptions,SETTLEMENT,SYNTH-BATCH-USD-2026-01-10-0000,SYNTH-BATCH-USD-2026-01-10-0000,,,SYNTH-BANK-000184,MATCHED,L2_EXACT_SETTLEMENT_MATCH,0.0,"The bank entry matches the processor batch currency, expected net credit and settlement window."
mixed-exceptions,SETTLEMENT,SYNTH-BATCH-USD-2026-01-10-0001,SYNTH-BATCH-USD-2026-01-10-0001,,,SYNTH-BANK-000185,MATCHED,L2_EXACT_SETTLEMENT_MATCH,0.0,"The bank entry matches the processor batch currency, expected net credit and settlement window."
mixed-exceptions,SETTLEMENT,SYNTH-BATCH-USD-2026-01-10-0002,SYNTH-BATCH-USD-2026-01-10-0002,,,SYNTH-BANK-000186,MATCHED,L2_EXACT_SETTLEMENT_MATCH,0.0,"The bank entry matches the processor batch currency, expected net credit and settlement window."
mixed-exceptions,SETTLEMENT,SYNTH-BATCH-USD-2026-01-11-0000,SYNTH-BATCH-USD-2026-01-11-0000,,,SYNTH-BANK-000187,AMOUNT_MISMATCH,L2_SETTLEMENT_AMOUNT_EQUALITY,-2565.86,The bank credit differs from the sum of processor net amounts in the settlement batch.
mixed-exceptions,SETTLEMENT,SYNTH-BATCH-USD-2026-01-11-0001,SYNTH-BATCH-USD-2026-01-11-0001,,,SYNTH-BANK-000188,MATCHED,L2_EXACT_SETTLEMENT_MATCH,0.0,"The bank entry matches the processor batch currency, expected net credit and settlement window."
mixed-exceptions,SETTLEMENT,SYNTH-BATCH-USD-2026-01-11-0002,SYNTH-BATCH-USD-2026-01-11-0002,,,SYNTH-BANK-000189,AMOUNT_MISMATCH,L2_SETTLEMENT_AMOUNT_EQUALITY,-39.9,The bank credit differs from the sum of processor net amounts in the settlement batch.
mixed-exceptions,SETTLEMENT,SYNTH-BATCH-USD-2026-01-12-0000,SYNTH-BATCH-USD-2026-01-12-0000,,,SYNTH-BANK-000190,AMOUNT_MISMATCH,L2_SETTLEMENT_AMOUNT_EQUALITY,-1752.0,The bank credit differs from the sum of processor net amounts in the settlement batch.
mixed-exceptions,SETTLEMENT,SYNTH-BATCH-USD-2026-01-12-0001,SYNTH-BATCH-USD-2026-01-12-0001,,,SYNTH-BANK-000191,MATCHED,L2_EXACT_SETTLEMENT_MATCH,0.0,"The bank entry matches the processor batch currency, expected net credit and settlement window."
mixed-exceptions,SETTLEMENT,SYNTH-BATCH-USD-2026-01-12-0002,SYNTH-BATCH-USD-2026-01-12-0002,,,SYNTH-BANK-000192,MATCHED,L2_EXACT_SETTLEMENT_MATCH,0.0,"The bank entry matches the processor batch currency, expected net credit and settlement window."
mixed-exceptions,SETTLEMENT,SYNTH-BATCH-USD-2026-01-13-0000,SYNTH-BATCH-USD-2026-01-13-0000,,,SYNTH-BANK-000193,AMOUNT_MISMATCH,L2_SETTLEMENT_AMOUNT_EQUALITY,-325.8,The bank credit differs from the sum of processor net amounts in the settlement batch.
mixed-exceptions,SETTLEMENT,SYNTH-BATCH-USD-2026-01-13-0001,SYNTH-BATCH-USD-2026-01-13-0001,,,SYNTH-BANK-000194,MATCHED,L2_EXACT_SETTLEMENT_MATCH,0.0,"The bank entry matches the processor batch currency, expected net credit and settlement window."
mixed-exceptions,SETTLEMENT,SYNTH-BATCH-USD-2026-01-13-0002,SYNTH-BATCH-USD-2026-01-13-0002,,,SYNTH-BANK-000195,MATCHED,L2_EXACT_SETTLEMENT_MATCH,0.0,"The bank entry matches the processor batch currency, expected net credit and settlement window."
mixed-exceptions,SETTLEMENT,SYNTH-BATCH-USD-2026-01-14-0000,SYNTH-BATCH-USD-2026-01-14-0000,,,SYNTH-BANK-000196,MATCHED,L2_EXACT_SETTLEMENT_MATCH,0.0,"The bank entry matches the processor batch currency, expected net credit and settlement window."
mixed-exceptions,SETTLEMENT,SYNTH-BATCH-USD-2026-01-14-0001,SYNTH-BATCH-USD-2026-01-14-0001,,,SYNTH-BANK-000197,MATCHED,L2_EXACT_SETTLEMENT_MATCH,0.0,"The bank entry matches the processor batch currency, expected net credit and settlement window."
mixed-exceptions,SETTLEMENT,SYNTH-BATCH-USD-2026-01-14-0002,SYNTH-BATCH-USD-2026-01-14-0002,,,SYNTH-BANK-000198,AMOUNT_MISMATCH,L2_SETTLEMENT_AMOUNT_EQUALITY,-60.98,The bank credit differs from the sum of processor net amounts in the settlement batch.
mixed-exceptions,SETTLEMENT,SYNTH-BATCH-USD-2026-01-15-0000,SYNTH-BATCH-USD-2026-01-15-0000,,,SYNTH-BANK-000199,MATCHED,L2_EXACT_SETTLEMENT_MATCH,0.0,"The bank entry matches the processor batch currency, expected net credit and settlement window."
mixed-exceptions,SETTLEMENT,SYNTH-BATCH-USD-2026-01-15-0001,SYNTH-BATCH-USD-2026-01-15-0001,,,SYNTH-BANK-000200,AMOUNT_MISMATCH,L2_SETTLEMENT_AMOUNT_EQUALITY,-1192.23,The bank credit differs from the sum of processor net amounts in the settlement batch.
mixed-exceptions,SETTLEMENT,SYNTH-BATCH-USD-2026-01-15-0002,SYNTH-BATCH-USD-2026-01-15-0002,,,SYNTH-BANK-000201,MATCHED,L2_EXACT_SETTLEMENT_MATCH,0.0,"The bank entry matches the processor batch currency, expected net credit and settlement window."
mixed-exceptions,SETTLEMENT,SYNTH-BATCH-USD-2026-01-16-0000,SYNTH-BATCH-USD-2026-01-16-0000,,,SYNTH-BANK-000202,AMOUNT_MISMATCH,L2_SETTLEMENT_AMOUNT_EQUALITY,-2059.13,The bank credit differs from the sum of processor net amounts in the settlement batch.
mixed-exceptions,SETTLEMENT,SYNTH-BATCH-USD-2026-01-16-0001,SYNTH-BATCH-USD-2026-01-16-0001,,,SYNTH-BANK-000203,MATCHED,L2_EXACT_SETTLEMENT_MATCH,0.0,"The bank entry matches the processor batch currency, expected net credit and settlement window."
mixed-exceptions,SETTLEMENT,SYNTH-BATCH-USD-2026-01-16-0002,SYNTH-BATCH-USD-2026-01-16-0002,,,SYNTH-BANK-000204,MATCHED,L2_EXACT_SETTLEMENT_MATCH,0.0,"The bank entry matches the processor batch currency, expected net credit and settlement window."
mixed-exceptions,SETTLEMENT,BANK_ONLY:SYNTH-BANK-ONLY-000001,SYNTH-BATCH-BANK-ONLY-000001,,,SYNTH-BANK-ONLY-000001,MISSING_PROCESSOR,L2_BANK_WITHOUT_PROCESSOR_BATCH,25.0,The bank entry references a settlement batch that has no processor transactions.
mixed-exceptions,SETTLEMENT,BANK_ONLY:SYNTH-BANK-ONLY-000002,SYNTH-BATCH-BANK-ONLY-000002,,,SYNTH-BANK-ONLY-000002,MISSING_PROCESSOR,L2_BANK_WITHOUT_PROCESSOR_BATCH,25.0,The bank entry references a settlement batch that has no processor transactions.
mixed-exceptions,SETTLEMENT,BANK_ONLY:SYNTH-BANK-ONLY-000003,SYNTH-BATCH-BANK-ONLY-000003,,,SYNTH-BANK-ONLY-000003,MISSING_PROCESSOR,L2_BANK_WITHOUT_PROCESSOR_BATCH,25.0,The bank entry references a settlement batch that has no processor transactions.
mixed-exceptions,SETTLEMENT,BANK_ONLY:SYNTH-BANK-ONLY-000004,SYNTH-BATCH-BANK-ONLY-000004,,,SYNTH-BANK-ONLY-000004,MISSING_PROCESSOR,L2_BANK_WITHOUT_PROCESSOR_BATCH,25.0,The bank entry references a settlement batch that has no processor transactions.
mixed-exceptions,SETTLEMENT,BANK_ONLY:SYNTH-BANK-ONLY-000005,SYNTH-BATCH-BANK-ONLY-000005,,,SYNTH-BANK-ONLY-000005,MISSING_PROCESSOR,L2_BANK_WITHOUT_PROCESSOR_BATCH,25.0,The bank entry references a settlement batch that has no processor transactions.
