internal_payment_id,merchant_order_id,occurred_at,gross_amount,currency,payment_status,payment_method,synthetic_customer_reference
SYNTH-INT-000001,SYNTH-ORDER-000001,2026-01-01T02:27:44Z,1278.74,GBP,CAPTURED,WALLET_SYNTHETIC,SYNTH-CUSTOMER-000001
SYNTH-INT-000002,SYNTH-ORDER-000002,2026-01-02T05:08:40Z,959.03,USD,CAPTURED,TRANSFER_SYNTHETIC,SYNTH-CUSTOMER-000002
SYNTH-INT-000003,SYNTH-ORDER-000003,2026-01-03T07:04:48Z,1304.44,USD,CAPTURED,CARD_SYNTHETIC,SYNTH-CUSTOMER-000003
SYNTH-INT-000004,SYNTH-ORDER-000004,2026-01-04T09:00:30Z,1506.47,USD,CAPTURED,WALLET_SYNTHETIC,SYNTH-CUSTOMER-000004
SYNTH-INT-000005,SYNTH-ORDER-000005,2026-01-05T11:08:02Z,2052.98,USD,CAPTURED,TRANSFER_SYNTHETIC,SYNTH-CUSTOMER-000005
SYNTH-INT-000006,SYNTH-ORDER-000006,2026-01-06T14:02:17Z,2487.43,USD,CAPTURED,CARD_SYNTHETIC,SYNTH-CUSTOMER-000006
SYNTH-INT-000007,SYNTH-ORDER-000007,2026-01-07T15:36:20Z,765.03,USD,CAPTURED,WALLET_SYNTHETIC,SYNTH-CUSTOMER-000007
SYNTH-INT-000008,SYNTH-ORDER-000008,2026-01-08T18:20:17Z,2425.32,USD,CAPTURED,TRANSFER_SYNTHETIC,SYNTH-CUSTOMER-000008
SYNTH-INT-000009,SYNTH-ORDER-000009,2026-01-09T20:35:01Z,335.41,USD,CAPTURED,CARD_SYNTHETIC,SYNTH-CUSTOMER-000009
SYNTH-INT-000010,SYNTH-ORDER-000010,2026-01-10T22:38:14Z,2485.5,EUR,CAPTURED,WALLET_SYNTHETIC,SYNTH-CUSTOMER-000010
SYNTH-INT-000011,SYNTH-ORDER-000011,2026-01-11T00:48:49Z,2445.44,GBP,CAPTURED,TRANSFER_SYNTHETIC,SYNTH-CUSTOMER-000011
SYNTH-INT-000012,SYNTH-ORDER-000012,2026-01-12T03:08:12Z,2081.43,USD,CAPTURED,CARD_SYNTHETIC,SYNTH-CUSTOMER-000012
SYNTH-INT-000013,SYNTH-ORDER-000013,2026-01-13T04:55:39Z,913.23,USD,CAPTURED,WALLET_SYNTHETIC,SYNTH-CUSTOMER-000013
SYNTH-INT-000014,SYNTH-ORDER-000014,2026-01-14T06:56:01Z,337.01,USD,CAPTURED,TRANSFER_SYNTHETIC,SYNTH-CUSTOMER-000014
SYNTH-INT-000015,SYNTH-ORDER-000015,2026-01-01T09:38:10Z,2300.72,USD,CAPTURED,CARD_SYNTHETIC,SYNTH-CUSTOMER-000015
SYNTH-INT-000016,SYNTH-ORDER-000016,2026-01-02T11:14:55Z,1287.29,USD,CAPTURED,WALLET_SYNTHETIC,SYNTH-CUSTOMER-000016
SYNTH-INT-000017,SYNTH-ORDER-000017,2026-01-03T13:31:42Z,761.14,USD,CAPTURED,TRANSFER_SYNTHETIC,SYNTH-CUSTOMER-000017
SYNTH-INT-000018,SYNTH-ORDER-000018,2026-01-04T16:33:03Z,1163.21,USD,CAPTURED,CARD_SYNTHETIC,SYNTH-CUSTOMER-000018
SYNTH-INT-000019,SYNTH-ORDER-000019,2026-01-05T18:42:37Z,1073.8,USD,CAPTURED,WALLET_SYNTHETIC,SYNTH-CUSTOMER-000019
SYNTH-INT-000020,SYNTH-ORDER-000020,2026-01-06T20:19:42Z,48.73,EUR,CAPTURED,TRANSFER_SYNTHETIC,SYNTH-CUSTOMER-000020
SYNTH-INT-000021,SYNTH-ORDER-000021,2026-01-07T22:22:47Z,729.25,GBP,CAPTURED,CARD_SYNTHETIC,SYNTH-CUSTOMER-000021
SYNTH-INT-000022,SYNTH-ORDER-000022,2026-01-08T00:28:02Z,1387.06,USD,CAPTURED,WALLET_SYNTHETIC,SYNTH-CUSTOMER-000022
SYNTH-INT-000023,SYNTH-ORDER-000023,2026-01-09T02:41:02Z,1437.16,USD,PARTIALLY_REFUNDED,TRANSFER_SYNTHETIC,SYNTH-CUSTOMER-000023
SYNTH-INT-000024,SYNTH-ORDER-000024,2026-01-10T05:28:03Z,1268.9,USD,CAPTURED,CARD_SYNTHETIC,SYNTH-CUSTOMER-000024
SYNTH-INT-000025,SYNTH-ORDER-000025,2026-01-11T07:22:22Z,1602.31,USD,CAPTURED,WALLET_SYNTHETIC,SYNTH-CUSTOMER-000025
SYNTH-INT-000026,SYNTH-ORDER-000026,2026-01-12T09:43:38Z,2124.09,USD,CAPTURED,TRANSFER_SYNTHETIC,SYNTH-CUSTOMER-000026
SYNTH-INT-000027,SYNTH-ORDER-000027,2026-01-13T11:45:06Z,2255.68,USD,CAPTURED,CARD_SYNTHETIC,SYNTH-CUSTOMER-000027
SYNTH-INT-000028,SYNTH-ORDER-000028,2026-01-14T14:30:33Z,1215.62,USD,PARTIALLY_REFUNDED,WALLET_SYNTHETIC,SYNTH-CUSTOMER-000028
SYNTH-INT-000029,SYNTH-ORDER-000029,2026-01-01T16:35:28Z,2232.77,USD,CAPTURED,TRANSFER_SYNTHETIC,SYNTH-CUSTOMER-000029
SYNTH-INT-000030,SYNTH-ORDER-000030,2026-01-02T18:16:47Z,1815.34,EUR,CAPTURED,CARD_SYNTHETIC,SYNTH-CUSTOMER-000030
SYNTH-INT-000031,SYNTH-ORDER-000031,2026-01-03T20:24:20Z,571.97,GBP,CAPTURED,WALLET_SYNTHETIC,SYNTH-CUSTOMER-000031
SYNTH-INT-000032,SYNTH-ORDER-000032,2026-01-04T22:29:57Z,1173.13,USD,CAPTURED,TRANSFER_SYNTHETIC,SYNTH-CUSTOMER-000032
SYNTH-INT-000033,SYNTH-ORDER-000033,2026-01-05T00:41:28Z,1959.72,USD,CAPTURED,CARD_SYNTHETIC,SYNTH-CUSTOMER-000033
SYNTH-INT-000034,SYNTH-ORDER-000034,2026-01-06T03:10:33Z,1682.53,USD,CAPTURED,WALLET_SYNTHETIC,SYNTH-CUSTOMER-000034
SYNTH-INT-000035,SYNTH-ORDER-000035,2026-01-07T05:42:56Z,440.56,USD,CAPTURED,TRANSFER_SYNTHETIC,SYNTH-CUSTOMER-000035
SYNTH-INT-000036,SYNTH-ORDER-000036,2026-01-08T07:12:57Z,1204.12,USD,CAPTURED,CARD_SYNTHETIC,SYNTH-CUSTOMER-000036
SYNTH-INT-000037,SYNTH-ORDER-000037,2026-01-09T10:15:45Z,1174.22,USD,CAPTURED,WALLET_SYNTHETIC,SYNTH-CUSTOMER-000037
SYNTH-INT-000038,SYNTH-ORDER-000038,2026-01-10T12:24:56Z,1871.76,USD,CAPTURED,TRANSFER_SYNTHETIC,SYNTH-CUSTOMER-000038
SYNTH-INT-000039,SYNTH-ORDER-000039,2026-01-11T13:51:28Z,722.0,USD,CAPTURED,CARD_SYNTHETIC,SYNTH-CUSTOMER-000039
SYNTH-INT-000039,SYNTH-ORDER-000039,2026-01-11T13:51:28Z,722.0,USD,CAPTURED,CARD_SYNTHETIC,SYNTH-CUSTOMER-000039
SYNTH-INT-000040,SYNTH-ORDER-000040,2026-01-12T16:49:57Z,445.09,EUR,CAPTURED,WALLET_SYNTHETIC,SYNTH-CUSTOMER-000040
SYNTH-INT-000041,SYNTH-ORDER-000041,2026-01-13T18:22:29Z,2333.15,GBP,CAPTURED,TRANSFER_SYNTHETIC,SYNTH-CUSTOMER-000041
SYNTH-INT-000042,SYNTH-ORDER-000042,2026-01-14T20:32:55Z,802.72,USD,CAPTURED,CARD_SYNTHETIC,SYNTH-CUSTOMER-000042
SYNTH-INT-000043,SYNTH-ORDER-000043,2026-01-01T23:17:38Z,596.11,USD,CAPTURED,WALLET_SYNTHETIC,SYNTH-CUSTOMER-000043
SYNTH-INT-000044,SYNTH-ORDER-000044,2026-01-02T01:22:38Z,888.02,USD,CAPTURED,TRANSFER_SYNTHETIC,SYNTH-CUSTOMER-000044
SYNTH-INT-000045,SYNTH-ORDER-000045,2026-01-03T03:47:12Z,308.61,USD,CAPTURED,CARD_SYNTHETIC,SYNTH-CUSTOMER-000045
SYNTH-INT-000046,SYNTH-ORDER-000046,2026-01-04T05:19:49Z,1365.15,USD,CAPTURED,WALLET_SYNTHETIC,SYNTH-CUSTOMER-000046
SYNTH-INT-000047,SYNTH-ORDER-000047,2026-01-05T08:16:41Z,2191.81,USD,CAPTURED,TRANSFER_SYNTHETIC,SYNTH-CUSTOMER-000047
SYNTH-INT-000048,SYNTH-ORDER-000048,2026-01-06T10:27:06Z,460.95,USD,CAPTURED,CARD_SYNTHETIC,SYNTH-CUSTOMER-000048
SYNTH-INT-000049,SYNTH-ORDER-000049,2026-01-07T12:11:49Z,1040.18,USD,CAPTURED,WALLET_SYNTHETIC,SYNTH-CUSTOMER-000049
SYNTH-INT-000050,SYNTH-ORDER-000050,2026-01-08T14:33:46Z,89.08,EUR,CAPTURED,TRANSFER_SYNTHETIC,SYNTH-CUSTOMER-000050
SYNTH-INT-000051,SYNTH-ORDER-000051,2026-01-09T16:48:12Z,1615.84,GBP,CAPTURED,CARD_SYNTHETIC,SYNTH-CUSTOMER-000051
SYNTH-INT-000052,SYNTH-ORDER-000052,2026-01-10T19:18:37Z,212.38,USD,CAPTURED,WALLET_SYNTHETIC,SYNTH-CUSTOMER-000052
SYNTH-INT-000053,SYNTH-ORDER-000053,2026-01-11T20:46:02Z,2297.97,USD,CAPTURED,TRANSFER_SYNTHETIC,SYNTH-CUSTOMER-000053
SYNTH-INT-000054,SYNTH-ORDER-000054,2026-01-12T23:41:58Z,1077.69,USD,CAPTURED,CARD_SYNTHETIC,SYNTH-CUSTOMER-000054
SYNTH-INT-000055,SYNTH-ORDER-000055,2026-01-13T01:46:27Z,1653.82,USD,CAPTURED,WALLET_SYNTHETIC,SYNTH-CUSTOMER-000055
SYNTH-INT-000056,SYNTH-ORDER-000056,2026-01-14T03:55:31Z,1581.67,USD,CAPTURED,TRANSFER_SYNTHETIC,SYNTH-CUSTOMER-000056
SYNTH-INT-000057,SYNTH-ORDER-000057,2026-01-01T06:08:05Z,277.33,USD,CAPTURED,CARD_SYNTHETIC,SYNTH-CUSTOMER-000057
SYNTH-INT-000058,SYNTH-ORDER-000058,2026-01-02T08:31:40Z,1903.21,USD,CAPTURED,WALLET_SYNTHETIC,SYNTH-CUSTOMER-000058
SYNTH-INT-000059,SYNTH-ORDER-000059,2026-01-03T10:11:50Z,2495.8,USD,CAPTURED,TRANSFER_SYNTHETIC,SYNTH-CUSTOMER-000059
SYNTH-INT-000060,SYNTH-ORDER-000060,2026-01-04T12:42:13Z,714.24,EUR,CAPTURED,CARD_SYNTHETIC,SYNTH-CUSTOMER-000060
SYNTH-INT-000061,SYNTH-ORDER-000061,2026-01-05T14:53:18Z,1271.68,GBP,CAPTURED,WALLET_SYNTHETIC,SYNTH-CUSTOMER-000061
SYNTH-INT-000062,SYNTH-ORDER-000062,2026-01-06T17:07:53Z,1839.72,USD,CAPTURED,TRANSFER_SYNTHETIC,SYNTH-CUSTOMER-000062
SYNTH-INT-000063,SYNTH-ORDER-000063,2026-01-07T19:34:32Z,2472.32,USD,CAPTURED,CARD_SYNTHETIC,SYNTH-CUSTOMER-000063
SYNTH-INT-000064,SYNTH-ORDER-000064,2026-01-08T21:44:20Z,133.0,USD,CAPTURED,WALLET_SYNTHETIC,SYNTH-CUSTOMER-000064
SYNTH-INT-000065,SYNTH-ORDER-000065,2026-01-09T23:18:42Z,1473.4,USD,CAPTURED,TRANSFER_SYNTHETIC,SYNTH-CUSTOMER-000065
SYNTH-INT-000066,SYNTH-ORDER-000066,2026-01-10T01:59:08Z,1256.12,USD,CAPTURED,CARD_SYNTHETIC,SYNTH-CUSTOMER-000066
SYNTH-INT-000067,SYNTH-ORDER-000067,2026-01-11T04:01:43Z,99.91,USD,CAPTURED,WALLET_SYNTHETIC,SYNTH-CUSTOMER-000067
SYNTH-INT-000068,SYNTH-ORDER-000068,2026-01-12T05:48:19Z,770.25,USD,CAPTURED,TRANSFER_SYNTHETIC,SYNTH-CUSTOMER-000068
SYNTH-INT-000069,SYNTH-ORDER-000069,2026-01-13T08:41:30Z,532.47,USD,CAPTURED,CARD_SYNTHETIC,SYNTH-CUSTOMER-000069
SYNTH-INT-000070,SYNTH-ORDER-000070,2026-01-14T10:41:44Z,378.23,EUR,CAPTURED,WALLET_SYNTHETIC,SYNTH-CUSTOMER-000070
SYNTH-INT-000071,SYNTH-ORDER-000071,2026-01-01T13:05:22Z,132.62,GBP,CAPTURED,TRANSFER_SYNTHETIC,SYNTH-CUSTOMER-000071
SYNTH-INT-000072,SYNTH-ORDER-000072,2026-01-02T15:18:18Z,625.42,USD,CAPTURED,CARD_SYNTHETIC,SYNTH-CUSTOMER-000072
SYNTH-INT-000073,SYNTH-ORDER-000073,2026-01-03T17:29:28Z,1889.05,USD,CAPTURED,WALLET_SYNTHETIC,SYNTH-CUSTOMER-000073
SYNTH-INT-000074,SYNTH-ORDER-000074,2026-01-04T19:04:46Z,538.35,USD,CAPTURED,TRANSFER_SYNTHETIC,SYNTH-CUSTOMER-000074
SYNTH-INT-000075,SYNTH-ORDER-000075,2026-01-05T21:04:47Z,370.45,USD,CAPTURED,CARD_SYNTHETIC,SYNTH-CUSTOMER-000075
SYNTH-INT-000076,SYNTH-ORDER-000076,2026-01-06T23:24:51Z,119.49,USD,CAPTURED,WALLET_SYNTHETIC,SYNTH-CUSTOMER-000076
SYNTH-INT-000077,SYNTH-ORDER-000077,2026-01-07T01:59:52Z,1805.83,USD,CAPTURED,TRANSFER_SYNTHETIC,SYNTH-CUSTOMER-000077
SYNTH-INT-000078,SYNTH-ORDER-000078,2026-01-08T04:17:42Z,970.87,USD,CAPTURED,CARD_SYNTHETIC,SYNTH-CUSTOMER-000078
SYNTH-INT-000079,SYNTH-ORDER-000079,2026-01-09T05:50:25Z,317.72,USD,CAPTURED,WALLET_SYNTHETIC,SYNTH-CUSTOMER-000079
SYNTH-INT-000080,SYNTH-ORDER-000080,2026-01-10T08:55:18Z,418.48,EUR,CAPTURED,TRANSFER_SYNTHETIC,SYNTH-CUSTOMER-000080
SYNTH-INT-000081,SYNTH-ORDER-000081,2026-01-11T10:42:06Z,1853.19,GBP,CAPTURED,CARD_SYNTHETIC,SYNTH-CUSTOMER-000081
SYNTH-INT-000082,SYNTH-ORDER-000082,2026-01-12T12:31:56Z,2461.94,USD,CAPTURED,WALLET_SYNTHETIC,SYNTH-CUSTOMER-000082
SYNTH-INT-000083,SYNTH-ORDER-000083,2026-01-13T14:49:54Z,1566.81,USD,CAPTURED,TRANSFER_SYNTHETIC,SYNTH-CUSTOMER-000083
SYNTH-INT-000084,SYNTH-ORDER-000084,2026-01-14T17:12:29Z,1437.79,USD,CAPTURED,CARD_SYNTHETIC,SYNTH-CUSTOMER-000084
SYNTH-INT-000085,SYNTH-ORDER-000085,2026-01-01T19:44:10Z,1706.24,USD,CAPTURED,WALLET_SYNTHETIC,SYNTH-CUSTOMER-000085
SYNTH-INT-000086,SYNTH-ORDER-000086,2026-01-02T21:42:39Z,2382.24,USD,CAPTURED,TRANSFER_SYNTHETIC,SYNTH-CUSTOMER-000086
SYNTH-INT-000087,SYNTH-ORDER-000087,2026-01-03T00:15:47Z,467.12,USD,CAPTURED,CARD_SYNTHETIC,SYNTH-CUSTOMER-000087
SYNTH-INT-000088,SYNTH-ORDER-000088,2026-01-04T01:52:29Z,1359.12,USD,CAPTURED,WALLET_SYNTHETIC,SYNTH-CUSTOMER-000088
SYNTH-INT-000089,SYNTH-ORDER-000089,2026-01-05T04:18:55Z,616.07,USD,CAPTURED,TRANSFER_SYNTHETIC,SYNTH-CUSTOMER-000089
SYNTH-INT-000090,SYNTH-ORDER-000090,2026-01-06T06:32:45Z,2369.81,EUR,CAPTURED,CARD_SYNTHETIC,SYNTH-CUSTOMER-000090
SYNTH-INT-000091,SYNTH-ORDER-000091,2026-01-07T08:47:20Z,1918.27,GBP,CAPTURED,WALLET_SYNTHETIC,SYNTH-CUSTOMER-000091
SYNTH-INT-000092,SYNTH-ORDER-000092,2026-01-08T10:24:14Z,291.83,USD,CAPTURED,TRANSFER_SYNTHETIC,SYNTH-CUSTOMER-000092
SYNTH-INT-000093,SYNTH-ORDER-000093,2026-01-09T12:36:55Z,219.41,USD,CAPTURED,CARD_SYNTHETIC,SYNTH-CUSTOMER-000093
SYNTH-INT-000094,SYNTH-ORDER-000094,2026-01-10T15:46:18Z,511.15,USD,CAPTURED,WALLET_SYNTHETIC,SYNTH-CUSTOMER-000094
SYNTH-INT-000095,SYNTH-ORDER-000095,2026-01-11T17:10:20Z,1608.12,USD,CAPTURED,TRANSFER_SYNTHETIC,SYNTH-CUSTOMER-000095
SYNTH-INT-000096,SYNTH-ORDER-000096,2026-01-12T19:45:48Z,1065.94,USD,CAPTURED,CARD_SYNTHETIC,SYNTH-CUSTOMER-000096
SYNTH-INT-000097,SYNTH-ORDER-000097,2026-01-13T21:27:34Z,1337.96,USD,CAPTURED,WALLET_SYNTHETIC,SYNTH-CUSTOMER-000097
SYNTH-INT-000098,SYNTH-ORDER-000098,2026-01-14T00:00:17Z,141.67,USD,CAPTURED,TRANSFER_SYNTHETIC,SYNTH-CUSTOMER-000098
SYNTH-INT-000099,SYNTH-ORDER-000099,2026-01-01T02:15:49Z,2255.06,USD,CAPTURED,CARD_SYNTHETIC,SYNTH-CUSTOMER-000099
SYNTH-INT-000100,SYNTH-ORDER-000100,2026-01-02T04:00:06Z,2258.32,EUR,CAPTURED,WALLET_SYNTHETIC,SYNTH-CUSTOMER-000100
SYNTH-INT-000101,SYNTH-ORDER-000101,2026-01-03T07:08:25Z,1533.65,GBP,CAPTURED,TRANSFER_SYNTHETIC,SYNTH-CUSTOMER-000101
SYNTH-INT-000102,SYNTH-ORDER-000102,2026-01-04T09:03:20Z,1165.13,USD,CAPTURED,CARD_SYNTHETIC,SYNTH-CUSTOMER-000102
SYNTH-INT-000103,SYNTH-ORDER-000103,2026-01-05T10:47:13Z,617.96,USD,CAPTURED,WALLET_SYNTHETIC,SYNTH-CUSTOMER-000103
SYNTH-INT-000104,SYNTH-ORDER-000104,2026-01-06T13:24:17Z,442.26,USD,CAPTURED,TRANSFER_SYNTHETIC,SYNTH-CUSTOMER-000104
SYNTH-INT-000105,SYNTH-ORDER-000105,2026-01-07T15:11:24Z,429.04,USD,CAPTURED,CARD_SYNTHETIC,SYNTH-CUSTOMER-000105
SYNTH-INT-000106,SYNTH-ORDER-000106,2026-01-08T17:58:06Z,1388.02,USD,CAPTURED,WALLET_SYNTHETIC,SYNTH-CUSTOMER-000106
SYNTH-INT-000107,SYNTH-ORDER-000107,2026-01-09T20:13:30Z,1436.9,USD,CAPTURED,TRANSFER_SYNTHETIC,SYNTH-CUSTOMER-000107
SYNTH-INT-000108,SYNTH-ORDER-000108,2026-01-10T22:07:20Z,296.95,USD,CAPTURED,CARD_SYNTHETIC,SYNTH-CUSTOMER-000108
SYNTH-INT-000109,SYNTH-ORDER-000109,2026-01-11T00:25:33Z,253.02,USD,CAPTURED,WALLET_SYNTHETIC,SYNTH-CUSTOMER-000109
SYNTH-INT-000110,SYNTH-ORDER-000110,2026-01-12T02:17:20Z,790.35,EUR,CAPTURED,TRANSFER_SYNTHETIC,SYNTH-CUSTOMER-000110
SYNTH-INT-000111,SYNTH-ORDER-000111,2026-01-13T04:38:21Z,610.09,GBP,CAPTURED,CARD_SYNTHETIC,SYNTH-CUSTOMER-000111
SYNTH-INT-000112,SYNTH-ORDER-000112,2026-01-14T07:12:24Z,1139.87,USD,CAPTURED,WALLET_SYNTHETIC,SYNTH-CUSTOMER-000112
SYNTH-INT-000113,SYNTH-ORDER-000113,2026-01-01T09:07:13Z,1026.48,USD,CAPTURED,TRANSFER_SYNTHETIC,SYNTH-CUSTOMER-000113
SYNTH-INT-000114,SYNTH-ORDER-000114,2026-01-02T10:59:31Z,2481.28,USD,CAPTURED,CARD_SYNTHETIC,SYNTH-CUSTOMER-000114
SYNTH-INT-000115,SYNTH-ORDER-000115,2026-01-03T13:45:42Z,213.0,USD,CAPTURED,WALLET_SYNTHETIC,SYNTH-CUSTOMER-000115
SYNTH-INT-000116,SYNTH-ORDER-000116,2026-01-04T15:20:50Z,1262.99,USD,CAPTURED,TRANSFER_SYNTHETIC,SYNTH-CUSTOMER-000116
SYNTH-INT-000117,SYNTH-ORDER-000117,2026-01-05T17:55:39Z,913.34,USD,CAPTURED,CARD_SYNTHETIC,SYNTH-CUSTOMER-000117
SYNTH-INT-000118,SYNTH-ORDER-000118,2026-01-06T20:29:51Z,435.03,USD,CAPTURED,WALLET_SYNTHETIC,SYNTH-CUSTOMER-000118
SYNTH-INT-000119,SYNTH-ORDER-000119,2026-01-07T22:19:17Z,2354.68,USD,CAPTURED,TRANSFER_SYNTHETIC,SYNTH-CUSTOMER-000119
SYNTH-INT-000120,SYNTH-ORDER-000120,2026-01-08T00:01:40Z,1548.83,EUR,PARTIALLY_REFUNDED,CARD_SYNTHETIC,SYNTH-CUSTOMER-000120
SYNTH-INT-000121,SYNTH-ORDER-000121,2026-01-09T03:08:33Z,1232.52,GBP,CAPTURED,WALLET_SYNTHETIC,SYNTH-CUSTOMER-000121
SYNTH-INT-000122,SYNTH-ORDER-000122,2026-01-10T05:16:30Z,1202.97,USD,CAPTURED,TRANSFER_SYNTHETIC,SYNTH-CUSTOMER-000122
SYNTH-INT-000123,SYNTH-ORDER-000123,2026-01-11T06:35:49Z,1571.94,USD,CAPTURED,CARD_SYNTHETIC,SYNTH-CUSTOMER-000123
SYNTH-INT-000123,SYNTH-ORDER-000123,2026-01-11T06:35:49Z,1571.94,USD,CAPTURED,CARD_SYNTHETIC,SYNTH-CUSTOMER-000123
SYNTH-INT-000124,SYNTH-ORDER-000124,2026-01-12T09:12:35Z,902.0,USD,CAPTURED,WALLET_SYNTHETIC,SYNTH-CUSTOMER-000124
SYNTH-INT-000125,SYNTH-ORDER-000125,2026-01-13T11:40:13Z,1684.38,USD,CAPTURED,TRANSFER_SYNTHETIC,SYNTH-CUSTOMER-000125
SYNTH-INT-000126,SYNTH-ORDER-000126,2026-01-14T13:20:08Z,1071.68,USD,CAPTURED,CARD_SYNTHETIC,SYNTH-CUSTOMER-000126
SYNTH-INT-000127,SYNTH-ORDER-000127,2026-01-01T15:40:08Z,2424.68,USD,CAPTURED,WALLET_SYNTHETIC,SYNTH-CUSTOMER-000127
SYNTH-INT-000128,SYNTH-ORDER-000128,2026-01-02T18:02:47Z,613.62,USD,CAPTURED,TRANSFER_SYNTHETIC,SYNTH-CUSTOMER-000128
SYNTH-INT-000129,SYNTH-ORDER-000129,2026-01-03T19:46:38Z,673.44,USD,CAPTURED,CARD_SYNTHETIC,SYNTH-CUSTOMER-000129
SYNTH-INT-000130,SYNTH-ORDER-000130,2026-01-04T22:27:46Z,541.45,EUR,CAPTURED,WALLET_SYNTHETIC,SYNTH-CUSTOMER-000130
SYNTH-INT-000130,SYNTH-ORDER-000130,2026-01-04T22:27:46Z,541.45,EUR,CAPTURED,WALLET_SYNTHETIC,SYNTH-CUSTOMER-000130
SYNTH-INT-000131,SYNTH-ORDER-000131,2026-01-05T00:22:46Z,2113.13,GBP,CAPTURED,TRANSFER_SYNTHETIC,SYNTH-CUSTOMER-000131
SYNTH-INT-000132,SYNTH-ORDER-000132,2026-01-06T03:02:32Z,1088.03,USD,CAPTURED,CARD_SYNTHETIC,SYNTH-CUSTOMER-000132
SYNTH-INT-000133,SYNTH-ORDER-000133,2026-01-07T05:28:05Z,324.87,USD,CAPTURED,WALLET_SYNTHETIC,SYNTH-CUSTOMER-000133
SYNTH-INT-000134,SYNTH-ORDER-000134,2026-01-08T07:40:27Z,745.15,USD,CAPTURED,TRANSFER_SYNTHETIC,SYNTH-CUSTOMER-000134
SYNTH-INT-000135,SYNTH-ORDER-000135,2026-01-09T09:21:55Z,631.87,USD,REFUNDED,CARD_SYNTHETIC,SYNTH-CUSTOMER-000135
SYNTH-INT-000136,SYNTH-ORDER-000136,2026-01-10T11:44:58Z,2069.58,USD,CAPTURED,WALLET_SYNTHETIC,SYNTH-CUSTOMER-000136
SYNTH-INT-000137,SYNTH-ORDER-000137,2026-01-11T13:58:58Z,1268.04,USD,CAPTURED,TRANSFER_SYNTHETIC,SYNTH-CUSTOMER-000137
SYNTH-INT-000138,SYNTH-ORDER-000138,2026-01-12T16:10:34Z,733.11,USD,CAPTURED,CARD_SYNTHETIC,SYNTH-CUSTOMER-000138
SYNTH-INT-000139,SYNTH-ORDER-000139,2026-01-13T18:04:37Z,376.32,USD,CAPTURED,WALLET_SYNTHETIC,SYNTH-CUSTOMER-000139
SYNTH-INT-000140,SYNTH-ORDER-000140,2026-01-14T19:59:22Z,1384.34,EUR,CAPTURED,TRANSFER_SYNTHETIC,SYNTH-CUSTOMER-000140
SYNTH-INT-000141,SYNTH-ORDER-000141,2026-01-01T22:15:12Z,56.53,GBP,CAPTURED,CARD_SYNTHETIC,SYNTH-CUSTOMER-000141
SYNTH-INT-000142,SYNTH-ORDER-000142,2026-01-02T00:54:32Z,1571.63,USD,CAPTURED,WALLET_SYNTHETIC,SYNTH-CUSTOMER-000142
SYNTH-INT-000143,SYNTH-ORDER-000143,2026-01-03T03:30:17Z,456.93,USD,CAPTURED,TRANSFER_SYNTHETIC,SYNTH-CUSTOMER-000143
SYNTH-INT-000144,SYNTH-ORDER-000144,2026-01-04T05:00:37Z,1788.4,USD,CAPTURED,CARD_SYNTHETIC,SYNTH-CUSTOMER-000144
SYNTH-INT-000145,SYNTH-ORDER-000145,2026-01-05T07:50:55Z,318.39,USD,CAPTURED,WALLET_SYNTHETIC,SYNTH-CUSTOMER-000145
SYNTH-INT-000146,SYNTH-ORDER-000146,2026-01-06T09:43:29Z,1472.02,USD,REFUNDED,TRANSFER_SYNTHETIC,SYNTH-CUSTOMER-000146
SYNTH-INT-000147,SYNTH-ORDER-000147,2026-01-07T11:47:55Z,1304.66,USD,CAPTURED,CARD_SYNTHETIC,SYNTH-CUSTOMER-000147
SYNTH-INT-000148,SYNTH-ORDER-000148,2026-01-08T13:55:25Z,1711.02,USD,CAPTURED,WALLET_SYNTHETIC,SYNTH-CUSTOMER-000148
SYNTH-INT-000149,SYNTH-ORDER-000149,2026-01-09T16:13:14Z,1122.59,USD,CAPTURED,TRANSFER_SYNTHETIC,SYNTH-CUSTOMER-000149
SYNTH-INT-000150,SYNTH-ORDER-000150,2026-01-10T18:39:58Z,808.53,EUR,CAPTURED,CARD_SYNTHETIC,SYNTH-CUSTOMER-000150
SYNTH-INT-000151,SYNTH-ORDER-000151,2026-01-11T20:30:45Z,1210.43,GBP,CAPTURED,WALLET_SYNTHETIC,SYNTH-CUSTOMER-000151
SYNTH-INT-000152,SYNTH-ORDER-000152,2026-01-12T23:12:06Z,1797.62,USD,CAPTURED,TRANSFER_SYNTHETIC,SYNTH-CUSTOMER-000152
SYNTH-INT-000153,SYNTH-ORDER-000153,2026-01-13T00:41:43Z,2021.47,USD,CAPTURED,CARD_SYNTHETIC,SYNTH-CUSTOMER-000153
SYNTH-INT-000154,SYNTH-ORDER-000154,2026-01-14T03:34:01Z,2166.52,USD,CAPTURED,WALLET_SYNTHETIC,SYNTH-CUSTOMER-000154
SYNTH-INT-000155,SYNTH-ORDER-000155,2026-01-01T05:12:28Z,575.04,USD,CAPTURED,TRANSFER_SYNTHETIC,SYNTH-CUSTOMER-000155
SYNTH-INT-000156,SYNTH-ORDER-000156,2026-01-02T07:45:57Z,1054.15,USD,CAPTURED,CARD_SYNTHETIC,SYNTH-CUSTOMER-000156
SYNTH-INT-000157,SYNTH-ORDER-000157,2026-01-03T09:32:46Z,1479.44,USD,CAPTURED,WALLET_SYNTHETIC,SYNTH-CUSTOMER-000157
SYNTH-INT-000158,SYNTH-ORDER-000158,2026-01-04T11:40:19Z,1756.56,USD,CAPTURED,TRANSFER_SYNTHETIC,SYNTH-CUSTOMER-000158
SYNTH-INT-000159,SYNTH-ORDER-000159,2026-01-05T14:44:44Z,354.84,USD,CAPTURED,CARD_SYNTHETIC,SYNTH-CUSTOMER-000159
SYNTH-INT-000160,SYNTH-ORDER-000160,2026-01-06T16:56:59Z,2393.91,EUR,CAPTURED,WALLET_SYNTHETIC,SYNTH-CUSTOMER-000160
SYNTH-INT-000161,SYNTH-ORDER-000161,2026-01-07T18:28:51Z,1265.67,GBP,CAPTURED,TRANSFER_SYNTHETIC,SYNTH-CUSTOMER-000161
SYNTH-INT-000162,SYNTH-ORDER-000162,2026-01-08T21:05:05Z,1781.21,USD,CAPTURED,CARD_SYNTHETIC,SYNTH-CUSTOMER-000162
SYNTH-INT-000163,SYNTH-ORDER-000163,2026-01-09T22:36:53Z,2188.05,USD,CAPTURED,WALLET_SYNTHETIC,SYNTH-CUSTOMER-000163
SYNTH-INT-000164,SYNTH-ORDER-000164,2026-01-10T01:13:23Z,1530.61,USD,CAPTURED,TRANSFER_SYNTHETIC,SYNTH-CUSTOMER-000164
SYNTH-INT-000165,SYNTH-ORDER-000165,2026-01-11T03:26:15Z,335.84,USD,CAPTURED,CARD_SYNTHETIC,SYNTH-CUSTOMER-000165
SYNTH-INT-000166,SYNTH-ORDER-000166,2026-01-12T06:08:08Z,2427.5,USD,CAPTURED,WALLET_SYNTHETIC,SYNTH-CUSTOMER-000166
SYNTH-INT-000167,SYNTH-ORDER-000167,2026-01-13T07:42:35Z,971.48,USD,CAPTURED,TRANSFER_SYNTHETIC,SYNTH-CUSTOMER-000167
SYNTH-INT-000168,SYNTH-ORDER-000168,2026-01-14T10:30:46Z,1106.7,USD,CAPTURED,CARD_SYNTHETIC,SYNTH-CUSTOMER-000168
SYNTH-INT-000169,SYNTH-ORDER-000169,2026-01-01T12:07:53Z,277.01,USD,CAPTURED,WALLET_SYNTHETIC,SYNTH-CUSTOMER-000169
SYNTH-INT-000170,SYNTH-ORDER-000170,2026-01-02T14:46:49Z,586.04,EUR,PARTIALLY_REFUNDED,TRANSFER_SYNTHETIC,SYNTH-CUSTOMER-000170
SYNTH-INT-000171,SYNTH-ORDER-000171,2026-01-03T17:07:04Z,227.25,GBP,CAPTURED,CARD_SYNTHETIC,SYNTH-CUSTOMER-000171
SYNTH-INT-000172,SYNTH-ORDER-000172,2026-01-04T18:31:39Z,123.15,USD,CAPTURED,WALLET_SYNTHETIC,SYNTH-CUSTOMER-000172
SYNTH-INT-000173,SYNTH-ORDER-000173,2026-01-05T20:42:39Z,2116.92,USD,CAPTURED,TRANSFER_SYNTHETIC,SYNTH-CUSTOMER-000173
SYNTH-INT-000174,SYNTH-ORDER-000174,2026-01-06T23:17:34Z,1762.77,USD,CAPTURED,CARD_SYNTHETIC,SYNTH-CUSTOMER-000174
SYNTH-INT-000175,SYNTH-ORDER-000175,2026-01-07T01:11:21Z,228.95,USD,CAPTURED,WALLET_SYNTHETIC,SYNTH-CUSTOMER-000175
SYNTH-INT-000176,SYNTH-ORDER-000176,2026-01-08T03:42:55Z,936.29,USD,CAPTURED,TRANSFER_SYNTHETIC,SYNTH-CUSTOMER-000176
SYNTH-INT-000177,SYNTH-ORDER-000177,2026-01-09T05:54:08Z,2409.42,USD,CAPTURED,CARD_SYNTHETIC,SYNTH-CUSTOMER-000177
SYNTH-INT-000178,SYNTH-ORDER-000178,2026-01-10T07:35:45Z,846.48,USD,CAPTURED,WALLET_SYNTHETIC,SYNTH-CUSTOMER-000178
SYNTH-INT-000179,SYNTH-ORDER-000179,2026-01-11T09:58:25Z,1537.88,USD,CAPTURED,TRANSFER_SYNTHETIC,SYNTH-CUSTOMER-000179
SYNTH-INT-000180,SYNTH-ORDER-000180,2026-01-12T12:24:53Z,756.46,EUR,CAPTURED,CARD_SYNTHETIC,SYNTH-CUSTOMER-000180
SYNTH-INT-000181,SYNTH-ORDER-000181,2026-01-13T14:11:14Z,1404.28,GBP,CAPTURED,WALLET_SYNTHETIC,SYNTH-CUSTOMER-000181
SYNTH-INT-000182,SYNTH-ORDER-000182,2026-01-14T16:29:27Z,990.93,USD,CAPTURED,TRANSFER_SYNTHETIC,SYNTH-CUSTOMER-000182
SYNTH-INT-000183,SYNTH-ORDER-000183,2026-01-01T18:38:14Z,1360.99,USD,CAPTURED,CARD_SYNTHETIC,SYNTH-CUSTOMER-000183
SYNTH-INT-000184,SYNTH-ORDER-000184,2026-01-02T21:19:53Z,804.89,USD,CAPTURED,WALLET_SYNTHETIC,SYNTH-CUSTOMER-000184
SYNTH-INT-000185,SYNTH-ORDER-000185,2026-01-03T23:12:04Z,518.08,USD,REFUNDED,TRANSFER_SYNTHETIC,SYNTH-CUSTOMER-000185
SYNTH-INT-000186,SYNTH-ORDER-000186,2026-01-04T01:45:04Z,2048.58,USD,CAPTURED,CARD_SYNTHETIC,SYNTH-CUSTOMER-000186
SYNTH-INT-000187,SYNTH-ORDER-000187,2026-01-05T04:10:34Z,207.87,USD,CAPTURED,WALLET_SYNTHETIC,SYNTH-CUSTOMER-000187
SYNTH-INT-000188,SYNTH-ORDER-000188,2026-01-06T06:18:25Z,359.8,USD,CAPTURED,TRANSFER_SYNTHETIC,SYNTH-CUSTOMER-000188
SYNTH-INT-000189,SYNTH-ORDER-000189,2026-01-07T08:16:12Z,286.99,USD,CAPTURED,CARD_SYNTHETIC,SYNTH-CUSTOMER-000189
SYNTH-INT-000190,SYNTH-ORDER-000190,2026-01-08T09:58:34Z,878.65,EUR,PARTIALLY_REFUNDED,WALLET_SYNTHETIC,SYNTH-CUSTOMER-000190
SYNTH-INT-000191,SYNTH-ORDER-000191,2026-01-09T12:43:22Z,1254.72,GBP,CAPTURED,TRANSFER_SYNTHETIC,SYNTH-CUSTOMER-000191
SYNTH-INT-000192,SYNTH-ORDER-000192,2026-01-10T14:37:56Z,1961.44,USD,CAPTURED,CARD_SYNTHETIC,SYNTH-CUSTOMER-000192
SYNTH-INT-000193,SYNTH-ORDER-000193,2026-01-11T17:30:20Z,534.15,USD,CAPTURED,WALLET_SYNTHETIC,SYNTH-CUSTOMER-000193
SYNTH-INT-000194,SYNTH-ORDER-000194,2026-01-12T19:39:40Z,532.47,USD,CAPTURED,TRANSFER_SYNTHETIC,SYNTH-CUSTOMER-000194
SYNTH-INT-000195,SYNTH-ORDER-000195,2026-01-13T21:25:35Z,1548.97,USD,CAPTURED,CARD_SYNTHETIC,SYNTH-CUSTOMER-000195
SYNTH-INT-000196,SYNTH-ORDER-000196,2026-01-14T23:09:31Z,1318.53,USD,CAPTURED,WALLET_SYNTHETIC,SYNTH-CUSTOMER-000196
SYNTH-INT-000197,SYNTH-ORDER-000197,2026-01-01T01:40:45Z,1074.4,USD,CAPTURED,TRANSFER_SYNTHETIC,SYNTH-CUSTOMER-000197
SYNTH-INT-000198,SYNTH-ORDER-000198,2026-01-02T03:33:59Z,1036.15,USD,CAPTURED,CARD_SYNTHETIC,SYNTH-CUSTOMER-000198
SYNTH-INT-000199,SYNTH-ORDER-000199,2026-01-03T06:36:11Z,837.0,USD,CAPTURED,WALLET_SYNTHETIC,SYNTH-CUSTOMER-000199
SYNTH-INT-000200,SYNTH-ORDER-000200,2026-01-04T08:39:48Z,2394.61,EUR,CAPTURED,TRANSFER_SYNTHETIC,SYNTH-CUSTOMER-000200
SYNTH-INT-000201,SYNTH-ORDER-000201,2026-01-05T10:27:53Z,241.73,GBP,CAPTURED,CARD_SYNTHETIC,SYNTH-CUSTOMER-000201
SYNTH-INT-000202,SYNTH-ORDER-000202,2026-01-06T13:04:19Z,842.57,USD,CAPTURED,WALLET_SYNTHETIC,SYNTH-CUSTOMER-000202
SYNTH-INT-000203,SYNTH-ORDER-000203,2026-01-07T14:52:05Z,135.47,USD,CAPTURED,TRANSFER_SYNTHETIC,SYNTH-CUSTOMER-000203
SYNTH-INT-000204,SYNTH-ORDER-000204,2026-01-08T17:41:03Z,1964.55,USD,CAPTURED,CARD_SYNTHETIC,SYNTH-CUSTOMER-000204
SYNTH-INT-000205,SYNTH-ORDER-000205,2026-01-09T19:24:27Z,16.93,USD,REFUNDED,WALLET_SYNTHETIC,SYNTH-CUSTOMER-000205
SYNTH-INT-000206,SYNTH-ORDER-000206,2026-01-10T21:09:07Z,968.57,USD,CAPTURED,TRANSFER_SYNTHETIC,SYNTH-CUSTOMER-000206
SYNTH-INT-000207,SYNTH-ORDER-000207,2026-01-11T23:48:12Z,1248.75,USD,CAPTURED,CARD_SYNTHETIC,SYNTH-CUSTOMER-000207
SYNTH-INT-000208,SYNTH-ORDER-000208,2026-01-12T02:14:08Z,927.6,USD,CAPTURED,WALLET_SYNTHETIC,SYNTH-CUSTOMER-000208
SYNTH-INT-000209,SYNTH-ORDER-000209,2026-01-13T04:40:15Z,1670.52,USD,CAPTURED,TRANSFER_SYNTHETIC,SYNTH-CUSTOMER-000209
SYNTH-INT-000210,SYNTH-ORDER-000210,2026-01-14T06:52:11Z,1813.02,EUR,CAPTURED,CARD_SYNTHETIC,SYNTH-CUSTOMER-000210
SYNTH-INT-000211,SYNTH-ORDER-000211,2026-01-01T08:11:53Z,1005.75,GBP,CAPTURED,WALLET_SYNTHETIC,SYNTH-CUSTOMER-000211
SYNTH-INT-000212,SYNTH-ORDER-000212,2026-01-02T10:31:23Z,1945.1,USD,CAPTURED,TRANSFER_SYNTHETIC,SYNTH-CUSTOMER-000212
SYNTH-INT-000213,SYNTH-ORDER-000213,2026-01-03T13:31:22Z,1351.31,USD,REFUNDED,CARD_SYNTHETIC,SYNTH-CUSTOMER-000213
SYNTH-INT-000214,SYNTH-ORDER-000214,2026-01-04T15:21:10Z,1909.84,USD,CAPTURED,WALLET_SYNTHETIC,SYNTH-CUSTOMER-000214
SYNTH-INT-000215,SYNTH-ORDER-000215,2026-01-05T17:22:34Z,2302.15,USD,CAPTURED,TRANSFER_SYNTHETIC,SYNTH-CUSTOMER-000215
SYNTH-INT-000216,SYNTH-ORDER-000216,2026-01-06T19:59:30Z,1161.38,USD,CAPTURED,CARD_SYNTHETIC,SYNTH-CUSTOMER-000216
SYNTH-INT-000217,SYNTH-ORDER-000217,2026-01-07T21:32:11Z,2030.24,USD,CAPTURED,WALLET_SYNTHETIC,SYNTH-CUSTOMER-000217
SYNTH-INT-000218,SYNTH-ORDER-000218,2026-01-08T00:13:42Z,2262.42,USD,CAPTURED,TRANSFER_SYNTHETIC,SYNTH-CUSTOMER-000218
SYNTH-INT-000219,SYNTH-ORDER-000219,2026-01-09T01:58:05Z,1805.68,USD,CAPTURED,CARD_SYNTHETIC,SYNTH-CUSTOMER-000219
SYNTH-INT-000220,SYNTH-ORDER-000220,2026-01-10T04:47:50Z,1168.05,EUR,CAPTURED,WALLET_SYNTHETIC,SYNTH-CUSTOMER-000220
SYNTH-INT-000221,SYNTH-ORDER-000221,2026-01-11T06:23:14Z,1552.4,GBP,CAPTURED,TRANSFER_SYNTHETIC,SYNTH-CUSTOMER-000221
SYNTH-INT-000222,SYNTH-ORDER-000222,2026-01-12T09:06:53Z,2162.27,USD,CAPTURED,CARD_SYNTHETIC,SYNTH-CUSTOMER-000222
SYNTH-INT-000223,SYNTH-ORDER-000223,2026-01-13T11:27:33Z,467.89,USD,CAPTURED,WALLET_SYNTHETIC,SYNTH-CUSTOMER-000223
SYNTH-INT-000224,SYNTH-ORDER-000224,2026-01-14T13:12:09Z,127.66,USD,REFUNDED,TRANSFER_SYNTHETIC,SYNTH-CUSTOMER-000224
SYNTH-INT-000225,SYNTH-ORDER-000225,2026-01-01T15:42:25Z,1487.55,USD,CAPTURED,CARD_SYNTHETIC,SYNTH-CUSTOMER-000225
SYNTH-INT-000226,SYNTH-ORDER-000226,2026-01-02T17:11:15Z,1814.14,USD,CAPTURED,WALLET_SYNTHETIC,SYNTH-CUSTOMER-000226
SYNTH-INT-000227,SYNTH-ORDER-000227,2026-01-03T19:45:31Z,1454.17,USD,CAPTURED,TRANSFER_SYNTHETIC,SYNTH-CUSTOMER-000227
SYNTH-INT-000228,SYNTH-ORDER-000228,2026-01-04T21:51:21Z,234.35,USD,CAPTURED,CARD_SYNTHETIC,SYNTH-CUSTOMER-000228
SYNTH-INT-000229,SYNTH-ORDER-000229,2026-01-05T00:33:15Z,1782.22,USD,CAPTURED,WALLET_SYNTHETIC,SYNTH-CUSTOMER-000229
SYNTH-INT-000230,SYNTH-ORDER-000230,2026-01-06T02:49:46Z,1429.86,EUR,PARTIALLY_REFUNDED,TRANSFER_SYNTHETIC,SYNTH-CUSTOMER-000230
SYNTH-INT-000231,SYNTH-ORDER-000231,2026-01-07T04:22:38Z,794.68,GBP,CAPTURED,CARD_SYNTHETIC,SYNTH-CUSTOMER-000231
SYNTH-INT-000232,SYNTH-ORDER-000232,2026-01-08T06:43:11Z,990.74,USD,CAPTURED,WALLET_SYNTHETIC,SYNTH-CUSTOMER-000232
SYNTH-INT-000233,SYNTH-ORDER-000233,2026-01-09T09:14:27Z,2473.47,USD,CAPTURED,TRANSFER_SYNTHETIC,SYNTH-CUSTOMER-000233
SYNTH-INT-000234,SYNTH-ORDER-000234,2026-01-10T11:33:06Z,1804.63,USD,CAPTURED,CARD_SYNTHETIC,SYNTH-CUSTOMER-000234
SYNTH-INT-000235,SYNTH-ORDER-000235,2026-01-11T13:04:17Z,862.29,USD,CAPTURED,WALLET_SYNTHETIC,SYNTH-CUSTOMER-000235
SYNTH-INT-000236,SYNTH-ORDER-000236,2026-01-12T15:34:52Z,1951.89,USD,CAPTURED,TRANSFER_SYNTHETIC,SYNTH-CUSTOMER-000236
SYNTH-INT-000237,SYNTH-ORDER-000237,2026-01-13T17:33:24Z,762.75,USD,CAPTURED,CARD_SYNTHETIC,SYNTH-CUSTOMER-000237
SYNTH-INT-000238,SYNTH-ORDER-000238,2026-01-14T20:26:12Z,407.05,USD,CAPTURED,WALLET_SYNTHETIC,SYNTH-CUSTOMER-000238
SYNTH-INT-000239,SYNTH-ORDER-000239,2026-01-01T22:24:36Z,1936.57,USD,CAPTURED,TRANSFER_SYNTHETIC,SYNTH-CUSTOMER-000239
SYNTH-INT-000240,SYNTH-ORDER-000240,2026-01-02T00:52:17Z,1598.11,EUR,CAPTURED,CARD_SYNTHETIC,SYNTH-CUSTOMER-000240
SYNTH-INT-000241,SYNTH-ORDER-000241,2026-01-03T02:38:01Z,1956.36,GBP,CAPTURED,WALLET_SYNTHETIC,SYNTH-CUSTOMER-000241
SYNTH-INT-000242,SYNTH-ORDER-000242,2026-01-04T05:10:56Z,255.23,USD,CAPTURED,TRANSFER_SYNTHETIC,SYNTH-CUSTOMER-000242
SYNTH-INT-000243,SYNTH-ORDER-000243,2026-01-05T06:34:46Z,10.21,USD,CAPTURED,CARD_SYNTHETIC,SYNTH-CUSTOMER-000243
SYNTH-INT-000244,SYNTH-ORDER-000244,2026-01-06T09:41:23Z,1391.73,USD,CAPTURED,WALLET_SYNTHETIC,SYNTH-CUSTOMER-000244
SYNTH-INT-000245,SYNTH-ORDER-000245,2026-01-07T11:27:05Z,2389.67,USD,CAPTURED,TRANSFER_SYNTHETIC,SYNTH-CUSTOMER-000245
SYNTH-INT-000246,SYNTH-ORDER-000246,2026-01-08T13:21:24Z,416.81,USD,CAPTURED,CARD_SYNTHETIC,SYNTH-CUSTOMER-000246
SYNTH-INT-000247,SYNTH-ORDER-000247,2026-01-09T16:19:26Z,1773.93,USD,CAPTURED,WALLET_SYNTHETIC,SYNTH-CUSTOMER-000247
SYNTH-INT-000248,SYNTH-ORDER-000248,2026-01-10T18:31:24Z,2214.61,USD,CAPTURED,TRANSFER_SYNTHETIC,SYNTH-CUSTOMER-000248
SYNTH-INT-000249,SYNTH-ORDER-000249,2026-01-11T19:43:56Z,119.67,USD,CAPTURED,CARD_SYNTHETIC,SYNTH-CUSTOMER-000249
SYNTH-INT-000250,SYNTH-ORDER-000250,2026-01-12T22:26:48Z,2445.0,EUR,CAPTURED,WALLET_SYNTHETIC,SYNTH-CUSTOMER-000250
SYNTH-INT-000251,SYNTH-ORDER-000251,2026-01-13T00:43:10Z,1561.2,GBP,CAPTURED,TRANSFER_SYNTHETIC,SYNTH-CUSTOMER-000251
SYNTH-INT-000252,SYNTH-ORDER-000252,2026-01-14T02:33:48Z,1326.62,USD,CAPTURED,CARD_SYNTHETIC,SYNTH-CUSTOMER-000252
SYNTH-INT-000253,SYNTH-ORDER-000253,2026-01-01T05:18:39Z,1705.01,USD,CAPTURED,WALLET_SYNTHETIC,SYNTH-CUSTOMER-000253
SYNTH-INT-000254,SYNTH-ORDER-000254,2026-01-02T06:55:12Z,379.15,USD,CAPTURED,TRANSFER_SYNTHETIC,SYNTH-CUSTOMER-000254
SYNTH-INT-000255,SYNTH-ORDER-000255,2026-01-03T09:19:56Z,854.41,USD,CAPTURED,CARD_SYNTHETIC,SYNTH-CUSTOMER-000255
SYNTH-INT-000256,SYNTH-ORDER-000256,2026-01-04T11:11:43Z,1448.81,USD,CAPTURED,WALLET_SYNTHETIC,SYNTH-CUSTOMER-000256
SYNTH-INT-000257,SYNTH-ORDER-000257,2026-01-05T14:14:12Z,239.84,USD,CAPTURED,TRANSFER_SYNTHETIC,SYNTH-CUSTOMER-000257
SYNTH-INT-000258,SYNTH-ORDER-000258,2026-01-06T16:00:12Z,2438.25,USD,CAPTURED,CARD_SYNTHETIC,SYNTH-CUSTOMER-000258
SYNTH-INT-000259,SYNTH-ORDER-000259,2026-01-07T18:22:13Z,902.81,USD,CAPTURED,WALLET_SYNTHETIC,SYNTH-CUSTOMER-000259
SYNTH-INT-000260,SYNTH-ORDER-000260,2026-01-08T20:10:01Z,2009.92,EUR,CAPTURED,TRANSFER_SYNTHETIC,SYNTH-CUSTOMER-000260
SYNTH-INT-000261,SYNTH-ORDER-000261,2026-01-09T22:55:57Z,1149.16,GBP,REFUNDED,CARD_SYNTHETIC,SYNTH-CUSTOMER-000261
SYNTH-INT-000262,SYNTH-ORDER-000262,2026-01-10T00:37:48Z,1360.56,USD,CAPTURED,WALLET_SYNTHETIC,SYNTH-CUSTOMER-000262
SYNTH-INT-000263,SYNTH-ORDER-000263,2026-01-11T03:28:22Z,1210.75,USD,CAPTURED,TRANSFER_SYNTHETIC,SYNTH-CUSTOMER-000263
SYNTH-INT-000264,SYNTH-ORDER-000264,2026-01-12T05:40:07Z,949.56,USD,PARTIALLY_REFUNDED,CARD_SYNTHETIC,SYNTH-CUSTOMER-000264
SYNTH-INT-000265,SYNTH-ORDER-000265,2026-01-13T07:07:02Z,708.7,USD,CAPTURED,WALLET_SYNTHETIC,SYNTH-CUSTOMER-000265
SYNTH-INT-000266,SYNTH-ORDER-000266,2026-01-14T09:20:11Z,1916.51,USD,CAPTURED,TRANSFER_SYNTHETIC,SYNTH-CUSTOMER-000266
SYNTH-INT-000267,SYNTH-ORDER-000267,2026-01-01T11:29:26Z,736.22,USD,CAPTURED,CARD_SYNTHETIC,SYNTH-CUSTOMER-000267
SYNTH-INT-000268,SYNTH-ORDER-000268,2026-01-02T14:24:00Z,366.26,USD,CAPTURED,WALLET_SYNTHETIC,SYNTH-CUSTOMER-000268
SYNTH-INT-000269,SYNTH-ORDER-000269,2026-01-03T15:57:44Z,1715.84,USD,CAPTURED,TRANSFER_SYNTHETIC,SYNTH-CUSTOMER-000269
SYNTH-INT-000270,SYNTH-ORDER-000270,2026-01-04T18:22:00Z,897.02,EUR,CAPTURED,CARD_SYNTHETIC,SYNTH-CUSTOMER-000270
SYNTH-INT-000271,SYNTH-ORDER-000271,2026-01-05T20:10:57Z,15.39,GBP,CAPTURED,WALLET_SYNTHETIC,SYNTH-CUSTOMER-000271
SYNTH-INT-000272,SYNTH-ORDER-000272,2026-01-06T23:14:31Z,1971.5,USD,CAPTURED,TRANSFER_SYNTHETIC,SYNTH-CUSTOMER-000272
SYNTH-INT-000273,SYNTH-ORDER-000273,2026-01-07T00:48:27Z,586.64,USD,CAPTURED,CARD_SYNTHETIC,SYNTH-CUSTOMER-000273
SYNTH-INT-000274,SYNTH-ORDER-000274,2026-01-08T03:27:51Z,870.35,USD,CAPTURED,WALLET_SYNTHETIC,SYNTH-CUSTOMER-000274
SYNTH-INT-000275,SYNTH-ORDER-000275,2026-01-09T05:43:33Z,1388.97,USD,CAPTURED,TRANSFER_SYNTHETIC,SYNTH-CUSTOMER-000275
SYNTH-INT-000276,SYNTH-ORDER-000276,2026-01-10T07:19:54Z,936.66,USD,CAPTURED,CARD_SYNTHETIC,SYNTH-CUSTOMER-000276
SYNTH-INT-000277,SYNTH-ORDER-000277,2026-01-11T09:52:57Z,1732.21,USD,CAPTURED,WALLET_SYNTHETIC,SYNTH-CUSTOMER-000277
SYNTH-INT-000278,SYNTH-ORDER-000278,2026-01-12T12:02:09Z,1770.82,USD,CAPTURED,TRANSFER_SYNTHETIC,SYNTH-CUSTOMER-000278
SYNTH-INT-000279,SYNTH-ORDER-000279,2026-01-13T14:41:42Z,1558.99,USD,CAPTURED,CARD_SYNTHETIC,SYNTH-CUSTOMER-000279
SYNTH-INT-000280,SYNTH-ORDER-000280,2026-01-14T16:10:42Z,959.99,EUR,CAPTURED,WALLET_SYNTHETIC,SYNTH-CUSTOMER-000280
SYNTH-INT-000281,SYNTH-ORDER-000281,2026-01-01T18:11:25Z,537.38,GBP,CAPTURED,TRANSFER_SYNTHETIC,SYNTH-CUSTOMER-000281
SYNTH-INT-000282,SYNTH-ORDER-000282,2026-01-02T21:03:33Z,1372.7,USD,CAPTURED,CARD_SYNTHETIC,SYNTH-CUSTOMER-000282
SYNTH-INT-000283,SYNTH-ORDER-000283,2026-01-03T23:16:41Z,782.74,USD,CAPTURED,WALLET_SYNTHETIC,SYNTH-CUSTOMER-000283
SYNTH-INT-000284,SYNTH-ORDER-000284,2026-01-04T00:51:23Z,2256.85,USD,CAPTURED,TRANSFER_SYNTHETIC,SYNTH-CUSTOMER-000284
SYNTH-INT-000285,SYNTH-ORDER-000285,2026-01-05T03:36:47Z,2248.0,USD,CAPTURED,CARD_SYNTHETIC,SYNTH-CUSTOMER-000285
SYNTH-INT-000286,SYNTH-ORDER-000286,2026-01-06T05:08:23Z,1855.63,USD,CAPTURED,WALLET_SYNTHETIC,SYNTH-CUSTOMER-000286
SYNTH-INT-000287,SYNTH-ORDER-000287,2026-01-07T08:13:16Z,821.57,USD,CAPTURED,TRANSFER_SYNTHETIC,SYNTH-CUSTOMER-000287
SYNTH-INT-000288,SYNTH-ORDER-000288,2026-01-08T10:05:54Z,1377.95,USD,CAPTURED,CARD_SYNTHETIC,SYNTH-CUSTOMER-000288
SYNTH-INT-000289,SYNTH-ORDER-000289,2026-01-09T11:51:06Z,1166.75,USD,CAPTURED,WALLET_SYNTHETIC,SYNTH-CUSTOMER-000289
SYNTH-INT-000290,SYNTH-ORDER-000290,2026-01-10T14:18:59Z,263.57,EUR,CAPTURED,TRANSFER_SYNTHETIC,SYNTH-CUSTOMER-000290
SYNTH-INT-000291,SYNTH-ORDER-000291,2026-01-11T16:33:34Z,574.0,GBP,CAPTURED,CARD_SYNTHETIC,SYNTH-CUSTOMER-000291
SYNTH-INT-000292,SYNTH-ORDER-000292,2026-01-12T19:13:17Z,385.78,USD,CAPTURED,WALLET_SYNTHETIC,SYNTH-CUSTOMER-000292
SYNTH-INT-000293,SYNTH-ORDER-000293,2026-01-13T21:30:19Z,640.36,USD,CAPTURED,TRANSFER_SYNTHETIC,SYNTH-CUSTOMER-000293
SYNTH-INT-000294,SYNTH-ORDER-000294,2026-01-14T23:06:05Z,1855.44,USD,CAPTURED,CARD_SYNTHETIC,SYNTH-CUSTOMER-000294
SYNTH-INT-000295,SYNTH-ORDER-000295,2026-01-01T01:03:36Z,2282.78,USD,REFUNDED,WALLET_SYNTHETIC,SYNTH-CUSTOMER-000295
SYNTH-INT-000296,SYNTH-ORDER-000296,2026-01-02T03:18:18Z,1518.35,USD,CAPTURED,TRANSFER_SYNTHETIC,SYNTH-CUSTOMER-000296
SYNTH-INT-000297,SYNTH-ORDER-000297,2026-01-03T05:31:34Z,719.23,USD,CAPTURED,CARD_SYNTHETIC,SYNTH-CUSTOMER-000297
SYNTH-INT-000298,SYNTH-ORDER-000298,2026-01-04T07:38:25Z,701.11,USD,CAPTURED,WALLET_SYNTHETIC,SYNTH-CUSTOMER-000298
SYNTH-INT-000299,SYNTH-ORDER-000299,2026-01-05T10:05:35Z,1865.59,USD,CAPTURED,TRANSFER_SYNTHETIC,SYNTH-CUSTOMER-000299
SYNTH-INT-000300,SYNTH-ORDER-000300,2026-01-06T12:02:58Z,1508.09,EUR,CAPTURED,CARD_SYNTHETIC,SYNTH-CUSTOMER-000300
SYNTH-INT-000301,SYNTH-ORDER-000301,2026-01-07T15:03:04Z,1259.09,GBP,CAPTURED,WALLET_SYNTHETIC,SYNTH-CUSTOMER-000301
SYNTH-INT-000302,SYNTH-ORDER-000302,2026-01-08T17:17:31Z,2178.96,USD,CAPTURED,TRANSFER_SYNTHETIC,SYNTH-CUSTOMER-000302
SYNTH-INT-000303,SYNTH-ORDER-000303,2026-01-09T19:10:41Z,2325.39,USD,CAPTURED,CARD_SYNTHETIC,SYNTH-CUSTOMER-000303
SYNTH-INT-000304,SYNTH-ORDER-000304,2026-01-10T21:20:49Z,7.53,USD,CAPTURED,WALLET_SYNTHETIC,SYNTH-CUSTOMER-000304
SYNTH-INT-000305,SYNTH-ORDER-000305,2026-01-11T23:33:03Z,1952.91,USD,CAPTURED,TRANSFER_SYNTHETIC,SYNTH-CUSTOMER-000305
SYNTH-INT-000306,SYNTH-ORDER-000306,2026-01-12T01:23:25Z,2013.2,USD,CAPTURED,CARD_SYNTHETIC,SYNTH-CUSTOMER-000306
SYNTH-INT-000307,SYNTH-ORDER-000307,2026-01-13T03:58:00Z,2323.16,USD,CAPTURED,WALLET_SYNTHETIC,SYNTH-CUSTOMER-000307
SYNTH-INT-000308,SYNTH-ORDER-000308,2026-01-14T06:15:36Z,1433.41,USD,CAPTURED,TRANSFER_SYNTHETIC,SYNTH-CUSTOMER-000308
SYNTH-INT-000309,SYNTH-ORDER-000309,2026-01-01T08:05:14Z,262.84,USD,CAPTURED,CARD_SYNTHETIC,SYNTH-CUSTOMER-000309
SYNTH-INT-000310,SYNTH-ORDER-000310,2026-01-02T10:34:46Z,1000.11,EUR,CAPTURED,WALLET_SYNTHETIC,SYNTH-CUSTOMER-000310
SYNTH-INT-000311,SYNTH-ORDER-000311,2026-01-03T12:09:46Z,1122.82,GBP,CAPTURED,TRANSFER_SYNTHETIC,SYNTH-CUSTOMER-000311
SYNTH-INT-000312,SYNTH-ORDER-000312,2026-01-04T14:54:30Z,786.97,USD,CAPTURED,CARD_SYNTHETIC,SYNTH-CUSTOMER-000312
SYNTH-INT-000313,SYNTH-ORDER-000313,2026-01-05T16:43:38Z,1774.51,USD,CAPTURED,WALLET_SYNTHETIC,SYNTH-CUSTOMER-000313
SYNTH-INT-000314,SYNTH-ORDER-000314,2026-01-06T19:18:14Z,1851.28,USD,CAPTURED,TRANSFER_SYNTHETIC,SYNTH-CUSTOMER-000314
SYNTH-INT-000315,SYNTH-ORDER-000315,2026-01-07T21:28:33Z,2499.6,USD,CAPTURED,CARD_SYNTHETIC,SYNTH-CUSTOMER-000315
SYNTH-INT-000316,SYNTH-ORDER-000316,2026-01-08T23:31:24Z,546.1,USD,CAPTURED,WALLET_SYNTHETIC,SYNTH-CUSTOMER-000316
SYNTH-INT-000317,SYNTH-ORDER-000317,2026-01-09T02:11:21Z,2347.63,USD,CAPTURED,TRANSFER_SYNTHETIC,SYNTH-CUSTOMER-000317
SYNTH-INT-000318,SYNTH-ORDER-000318,2026-01-10T04:02:37Z,1255.42,USD,CAPTURED,CARD_SYNTHETIC,SYNTH-CUSTOMER-000318
SYNTH-INT-000319,SYNTH-ORDER-000319,2026-01-11T06:29:21Z,553.93,USD,CAPTURED,WALLET_SYNTHETIC,SYNTH-CUSTOMER-000319
SYNTH-INT-000320,SYNTH-ORDER-000320,2026-01-12T08:12:01Z,1160.74,EUR,CAPTURED,TRANSFER_SYNTHETIC,SYNTH-CUSTOMER-000320
SYNTH-INT-000321,SYNTH-ORDER-000321,2026-01-13T10:34:15Z,760.18,GBP,CAPTURED,CARD_SYNTHETIC,SYNTH-CUSTOMER-000321
SYNTH-INT-000322,SYNTH-ORDER-000322,2026-01-14T13:18:23Z,1000.52,USD,CAPTURED,WALLET_SYNTHETIC,SYNTH-CUSTOMER-000322
SYNTH-INT-000323,SYNTH-ORDER-000323,2026-01-01T15:28:57Z,1784.64,USD,CAPTURED,TRANSFER_SYNTHETIC,SYNTH-CUSTOMER-000323
SYNTH-INT-000324,SYNTH-ORDER-000324,2026-01-02T17:13:55Z,422.05,USD,CAPTURED,CARD_SYNTHETIC,SYNTH-CUSTOMER-000324
SYNTH-INT-000325,SYNTH-ORDER-000325,2026-01-03T19:34:53Z,569.9,USD,CAPTURED,WALLET_SYNTHETIC,SYNTH-CUSTOMER-000325
SYNTH-INT-000326,SYNTH-ORDER-000326,2026-01-04T21:07:47Z,36.31,USD,CAPTURED,TRANSFER_SYNTHETIC,SYNTH-CUSTOMER-000326
SYNTH-INT-000327,SYNTH-ORDER-000327,2026-01-05T23:33:42Z,2139.86,USD,CAPTURED,CARD_SYNTHETIC,SYNTH-CUSTOMER-000327
SYNTH-INT-000328,SYNTH-ORDER-000328,2026-01-06T02:26:00Z,837.2,USD,CAPTURED,WALLET_SYNTHETIC,SYNTH-CUSTOMER-000328
SYNTH-INT-000329,SYNTH-ORDER-000329,2026-01-07T04:13:45Z,509.77,USD,CAPTURED,TRANSFER_SYNTHETIC,SYNTH-CUSTOMER-000329
SYNTH-INT-000330,SYNTH-ORDER-000330,2026-01-08T06:12:48Z,333.41,EUR,CAPTURED,CARD_SYNTHETIC,SYNTH-CUSTOMER-000330
SYNTH-INT-000331,SYNTH-ORDER-000331,2026-01-09T08:32:04Z,2439.62,GBP,CAPTURED,WALLET_SYNTHETIC,SYNTH-CUSTOMER-000331
SYNTH-INT-000332,SYNTH-ORDER-000332,2026-01-10T10:58:53Z,793.48,USD,CAPTURED,TRANSFER_SYNTHETIC,SYNTH-CUSTOMER-000332
SYNTH-INT-000333,SYNTH-ORDER-000333,2026-01-11T12:36:03Z,31.31,USD,CAPTURED,CARD_SYNTHETIC,SYNTH-CUSTOMER-000333
SYNTH-INT-000334,SYNTH-ORDER-000334,2026-01-12T14:59:23Z,2479.28,USD,CAPTURED,WALLET_SYNTHETIC,SYNTH-CUSTOMER-000334
SYNTH-INT-000335,SYNTH-ORDER-000335,2026-01-13T17:41:35Z,1717.52,USD,CAPTURED,TRANSFER_SYNTHETIC,SYNTH-CUSTOMER-000335
SYNTH-INT-000336,SYNTH-ORDER-000336,2026-01-14T19:47:09Z,529.86,USD,CAPTURED,CARD_SYNTHETIC,SYNTH-CUSTOMER-000336
SYNTH-INT-000337,SYNTH-ORDER-000337,2026-01-01T22:03:29Z,210.19,USD,CAPTURED,WALLET_SYNTHETIC,SYNTH-CUSTOMER-000337
SYNTH-INT-000338,SYNTH-ORDER-000338,2026-01-02T00:14:26Z,1658.46,USD,CAPTURED,TRANSFER_SYNTHETIC,SYNTH-CUSTOMER-000338
SYNTH-INT-000339,SYNTH-ORDER-000339,2026-01-03T01:50:24Z,1884.4,USD,CAPTURED,CARD_SYNTHETIC,SYNTH-CUSTOMER-000339
SYNTH-INT-000340,SYNTH-ORDER-000340,2026-01-04T03:55:58Z,2051.55,EUR,CAPTURED,WALLET_SYNTHETIC,SYNTH-CUSTOMER-000340
SYNTH-INT-000341,SYNTH-ORDER-000341,2026-01-05T06:25:19Z,100.91,GBP,CAPTURED,TRANSFER_SYNTHETIC,SYNTH-CUSTOMER-000341
SYNTH-INT-000342,SYNTH-ORDER-000342,2026-01-06T08:37:42Z,165.67,USD,CAPTURED,CARD_SYNTHETIC,SYNTH-CUSTOMER-000342
SYNTH-INT-000343,SYNTH-ORDER-000343,2026-01-07T11:14:37Z,1425.43,USD,CAPTURED,WALLET_SYNTHETIC,SYNTH-CUSTOMER-000343
SYNTH-INT-000344,SYNTH-ORDER-000344,2026-01-08T13:35:59Z,841.15,USD,CAPTURED,TRANSFER_SYNTHETIC,SYNTH-CUSTOMER-000344
SYNTH-INT-000345,SYNTH-ORDER-000345,2026-01-09T15:32:23Z,2098.44,USD,CAPTURED,CARD_SYNTHETIC,SYNTH-CUSTOMER-000345
SYNTH-INT-000346,SYNTH-ORDER-000346,2026-01-10T17:52:38Z,614.94,USD,CAPTURED,WALLET_SYNTHETIC,SYNTH-CUSTOMER-000346
SYNTH-INT-000347,SYNTH-ORDER-000347,2026-01-11T19:52:20Z,745.64,USD,CAPTURED,TRANSFER_SYNTHETIC,SYNTH-CUSTOMER-000347
SYNTH-INT-000348,SYNTH-ORDER-000348,2026-01-12T21:48:49Z,514.31,USD,CAPTURED,CARD_SYNTHETIC,SYNTH-CUSTOMER-000348
SYNTH-INT-000349,SYNTH-ORDER-000349,2026-01-13T00:29:45Z,1913.19,USD,CAPTURED,WALLET_SYNTHETIC,SYNTH-CUSTOMER-000349
SYNTH-INT-000350,SYNTH-ORDER-000350,2026-01-14T02:16:18Z,2107.51,EUR,REFUNDED,TRANSFER_SYNTHETIC,SYNTH-CUSTOMER-000350
SYNTH-INT-000351,SYNTH-ORDER-000351,2026-01-01T04:10:49Z,2406.64,GBP,CAPTURED,CARD_SYNTHETIC,SYNTH-CUSTOMER-000351
SYNTH-INT-000352,SYNTH-ORDER-000352,2026-01-02T06:36:08Z,2119.72,USD,CAPTURED,WALLET_SYNTHETIC,SYNTH-CUSTOMER-000352
SYNTH-INT-000353,SYNTH-ORDER-000353,2026-01-03T09:29:47Z,874.64,USD,CAPTURED,TRANSFER_SYNTHETIC,SYNTH-CUSTOMER-000353
SYNTH-INT-000354,SYNTH-ORDER-000354,2026-01-04T10:53:52Z,513.55,USD,CAPTURED,CARD_SYNTHETIC,SYNTH-CUSTOMER-000354
SYNTH-INT-000355,SYNTH-ORDER-000355,2026-01-05T13:42:21Z,2481.96,USD,CAPTURED,WALLET_SYNTHETIC,SYNTH-CUSTOMER-000355
SYNTH-INT-000356,SYNTH-ORDER-000356,2026-01-06T15:33:11Z,351.15,USD,CAPTURED,TRANSFER_SYNTHETIC,SYNTH-CUSTOMER-000356
SYNTH-INT-000357,SYNTH-ORDER-000357,2026-01-07T17:42:13Z,1680.45,USD,CAPTURED,CARD_SYNTHETIC,SYNTH-CUSTOMER-000357
SYNTH-INT-000358,SYNTH-ORDER-000358,2026-01-08T20:18:56Z,1514.28,USD,CAPTURED,WALLET_SYNTHETIC,SYNTH-CUSTOMER-000358
SYNTH-INT-000359,SYNTH-ORDER-000359,2026-01-09T22:02:41Z,536.98,USD,CAPTURED,TRANSFER_SYNTHETIC,SYNTH-CUSTOMER-000359
SYNTH-INT-000360,SYNTH-ORDER-000360,2026-01-10T00:08:04Z,2425.82,EUR,CAPTURED,CARD_SYNTHETIC,SYNTH-CUSTOMER-000360
SYNTH-INT-000361,SYNTH-ORDER-000361,2026-01-11T02:49:11Z,858.24,GBP,CAPTURED,WALLET_SYNTHETIC,SYNTH-CUSTOMER-000361
SYNTH-INT-000362,SYNTH-ORDER-000362,2026-01-12T04:25:58Z,1046.23,USD,CAPTURED,TRANSFER_SYNTHETIC,SYNTH-CUSTOMER-000362
SYNTH-INT-000363,SYNTH-ORDER-000363,2026-01-13T07:08:21Z,71.31,USD,CAPTURED,CARD_SYNTHETIC,SYNTH-CUSTOMER-000363
SYNTH-INT-000364,SYNTH-ORDER-000364,2026-01-14T09:16:50Z,221.4,USD,CAPTURED,WALLET_SYNTHETIC,SYNTH-CUSTOMER-000364
SYNTH-INT-000365,SYNTH-ORDER-000365,2026-01-01T11:46:28Z,1852.59,USD,CAPTURED,TRANSFER_SYNTHETIC,SYNTH-CUSTOMER-000365
SYNTH-INT-000366,SYNTH-ORDER-000366,2026-01-02T13:19:49Z,307.03,USD,CAPTURED,CARD_SYNTHETIC,SYNTH-CUSTOMER-000366
SYNTH-INT-000367,SYNTH-ORDER-000367,2026-01-03T16:08:49Z,1279.97,USD,PARTIALLY_REFUNDED,WALLET_SYNTHETIC,SYNTH-CUSTOMER-000367
SYNTH-INT-000368,SYNTH-ORDER-000368,2026-01-04T18:22:27Z,1354.32,USD,CAPTURED,TRANSFER_SYNTHETIC,SYNTH-CUSTOMER-000368
SYNTH-INT-000369,SYNTH-ORDER-000369,2026-01-05T19:45:12Z,1064.79,USD,CAPTURED,CARD_SYNTHETIC,SYNTH-CUSTOMER-000369
SYNTH-INT-000370,SYNTH-ORDER-000370,2026-01-06T22:17:09Z,347.85,EUR,CAPTURED,WALLET_SYNTHETIC,SYNTH-CUSTOMER-000370
SYNTH-INT-000371,SYNTH-ORDER-000371,2026-01-07T00:54:11Z,236.0,GBP,CAPTURED,TRANSFER_SYNTHETIC,SYNTH-CUSTOMER-000371
SYNTH-INT-000372,SYNTH-ORDER-000372,2026-01-08T02:45:24Z,1615.31,USD,CAPTURED,CARD_SYNTHETIC,SYNTH-CUSTOMER-000372
SYNTH-INT-000373,SYNTH-ORDER-000373,2026-01-09T04:34:57Z,2307.9,USD,CAPTURED,WALLET_SYNTHETIC,SYNTH-CUSTOMER-000373
SYNTH-INT-000374,SYNTH-ORDER-000374,2026-01-10T06:52:30Z,1852.64,USD,CAPTURED,TRANSFER_SYNTHETIC,SYNTH-CUSTOMER-000374
SYNTH-INT-000375,SYNTH-ORDER-000375,2026-01-11T08:56:07Z,1994.5,USD,CAPTURED,CARD_SYNTHETIC,SYNTH-CUSTOMER-000375
SYNTH-INT-000376,SYNTH-ORDER-000376,2026-01-12T11:20:09Z,1197.72,USD,CAPTURED,WALLET_SYNTHETIC,SYNTH-CUSTOMER-000376
SYNTH-INT-000377,SYNTH-ORDER-000377,2026-01-13T13:47:28Z,1794.02,USD,CAPTURED,TRANSFER_SYNTHETIC,SYNTH-CUSTOMER-000377
SYNTH-INT-000378,SYNTH-ORDER-000378,2026-01-14T15:42:04Z,2300.46,USD,CAPTURED,CARD_SYNTHETIC,SYNTH-CUSTOMER-000378
SYNTH-INT-000379,SYNTH-ORDER-000379,2026-01-01T18:00:12Z,771.88,USD,CAPTURED,WALLET_SYNTHETIC,SYNTH-CUSTOMER-000379
SYNTH-INT-000380,SYNTH-ORDER-000380,2026-01-02T20:00:53Z,69.66,EUR,CAPTURED,TRANSFER_SYNTHETIC,SYNTH-CUSTOMER-000380
SYNTH-INT-000381,SYNTH-ORDER-000381,2026-01-03T22:46:33Z,837.41,GBP,CAPTURED,CARD_SYNTHETIC,SYNTH-CUSTOMER-000381
SYNTH-INT-000382,SYNTH-ORDER-000382,2026-01-04T01:07:32Z,1695.16,USD,PARTIALLY_REFUNDED,WALLET_SYNTHETIC,SYNTH-CUSTOMER-000382
SYNTH-INT-000383,SYNTH-ORDER-000383,2026-01-05T03:15:49Z,2305.9,USD,CAPTURED,TRANSFER_SYNTHETIC,SYNTH-CUSTOMER-000383
SYNTH-INT-000384,SYNTH-ORDER-000384,2026-01-06T04:56:06Z,2390.87,USD,CAPTURED,CARD_SYNTHETIC,SYNTH-CUSTOMER-000384
SYNTH-INT-000385,SYNTH-ORDER-000385,2026-01-07T07:18:25Z,1039.07,USD,CAPTURED,WALLET_SYNTHETIC,SYNTH-CUSTOMER-000385
SYNTH-INT-000386,SYNTH-ORDER-000386,2026-01-08T09:48:22Z,276.97,USD,CAPTURED,TRANSFER_SYNTHETIC,SYNTH-CUSTOMER-000386
SYNTH-INT-000387,SYNTH-ORDER-000387,2026-01-09T11:22:05Z,2373.16,USD,CAPTURED,CARD_SYNTHETIC,SYNTH-CUSTOMER-000387
SYNTH-INT-000388,SYNTH-ORDER-000388,2026-01-10T14:06:15Z,1141.77,USD,CAPTURED,WALLET_SYNTHETIC,SYNTH-CUSTOMER-000388
SYNTH-INT-000389,SYNTH-ORDER-000389,2026-01-11T16:09:47Z,1995.24,USD,CAPTURED,TRANSFER_SYNTHETIC,SYNTH-CUSTOMER-000389
SYNTH-INT-000390,SYNTH-ORDER-000390,2026-01-12T17:54:20Z,533.07,EUR,CAPTURED,CARD_SYNTHETIC,SYNTH-CUSTOMER-000390
SYNTH-INT-000391,SYNTH-ORDER-000391,2026-01-13T20:11:55Z,804.62,GBP,CAPTURED,WALLET_SYNTHETIC,SYNTH-CUSTOMER-000391
SYNTH-INT-000392,SYNTH-ORDER-000392,2026-01-14T23:08:31Z,1488.85,USD,CAPTURED,TRANSFER_SYNTHETIC,SYNTH-CUSTOMER-000392
SYNTH-INT-000393,SYNTH-ORDER-000393,2026-01-01T00:47:42Z,498.35,USD,CAPTURED,CARD_SYNTHETIC,SYNTH-CUSTOMER-000393
SYNTH-INT-000394,SYNTH-ORDER-000394,2026-01-02T03:05:07Z,1055.67,USD,CAPTURED,WALLET_SYNTHETIC,SYNTH-CUSTOMER-000394
SYNTH-INT-000395,SYNTH-ORDER-000395,2026-01-03T05:16:12Z,2364.77,USD,CAPTURED,TRANSFER_SYNTHETIC,SYNTH-CUSTOMER-000395
SYNTH-INT-000396,SYNTH-ORDER-000396,2026-01-04T07:07:05Z,1056.45,USD,CAPTURED,CARD_SYNTHETIC,SYNTH-CUSTOMER-000396
SYNTH-INT-000396,SYNTH-ORDER-000396,2026-01-04T07:07:05Z,1056.45,USD,CAPTURED,CARD_SYNTHETIC,SYNTH-CUSTOMER-000396
SYNTH-INT-000397,SYNTH-ORDER-000397,2026-01-05T10:16:08Z,20.72,USD,CAPTURED,WALLET_SYNTHETIC,SYNTH-CUSTOMER-000397
SYNTH-INT-000398,SYNTH-ORDER-000398,2026-01-06T11:49:17Z,1134.61,USD,CAPTURED,TRANSFER_SYNTHETIC,SYNTH-CUSTOMER-000398
SYNTH-INT-000399,SYNTH-ORDER-000399,2026-01-07T14:27:52Z,1377.91,USD,CAPTURED,CARD_SYNTHETIC,SYNTH-CUSTOMER-000399
SYNTH-INT-000400,SYNTH-ORDER-000400,2026-01-08T16:41:00Z,84.97,EUR,PARTIALLY_REFUNDED,WALLET_SYNTHETIC,SYNTH-CUSTOMER-000400
SYNTH-INT-000401,SYNTH-ORDER-000401,2026-01-09T18:42:08Z,842.79,GBP,CAPTURED,TRANSFER_SYNTHETIC,SYNTH-CUSTOMER-000401
SYNTH-INT-000402,SYNTH-ORDER-000402,2026-01-10T20:42:04Z,1265.61,USD,CAPTURED,CARD_SYNTHETIC,SYNTH-CUSTOMER-000402
SYNTH-INT-000403,SYNTH-ORDER-000403,2026-01-11T22:58:26Z,908.71,USD,CAPTURED,WALLET_SYNTHETIC,SYNTH-CUSTOMER-000403
SYNTH-INT-000404,SYNTH-ORDER-000404,2026-01-12T01:04:50Z,2174.16,USD,CAPTURED,TRANSFER_SYNTHETIC,SYNTH-CUSTOMER-000404
SYNTH-INT-000405,SYNTH-ORDER-000405,2026-01-13T03:11:47Z,768.12,USD,CAPTURED,CARD_SYNTHETIC,SYNTH-CUSTOMER-000405
SYNTH-INT-000406,SYNTH-ORDER-000406,2026-01-14T05:19:33Z,48.65,USD,CAPTURED,WALLET_SYNTHETIC,SYNTH-CUSTOMER-000406
SYNTH-INT-000407,SYNTH-ORDER-000407,2026-01-01T07:20:38Z,1830.48,USD,CAPTURED,TRANSFER_SYNTHETIC,SYNTH-CUSTOMER-000407
SYNTH-INT-000408,SYNTH-ORDER-000408,2026-01-02T09:29:17Z,2431.43,USD,CAPTURED,CARD_SYNTHETIC,SYNTH-CUSTOMER-000408
SYNTH-INT-000409,SYNTH-ORDER-000409,2026-01-03T12:05:47Z,317.68,USD,CAPTURED,WALLET_SYNTHETIC,SYNTH-CUSTOMER-000409
SYNTH-INT-000410,SYNTH-ORDER-000410,2026-01-04T14:03:33Z,611.23,EUR,CAPTURED,TRANSFER_SYNTHETIC,SYNTH-CUSTOMER-000410
SYNTH-INT-000411,SYNTH-ORDER-000411,2026-01-05T16:47:16Z,805.49,GBP,CAPTURED,CARD_SYNTHETIC,SYNTH-CUSTOMER-000411
SYNTH-INT-000412,SYNTH-ORDER-000412,2026-01-06T19:16:40Z,773.75,USD,CAPTURED,WALLET_SYNTHETIC,SYNTH-CUSTOMER-000412
SYNTH-INT-000413,SYNTH-ORDER-000413,2026-01-07T20:55:33Z,1027.02,USD,CAPTURED,TRANSFER_SYNTHETIC,SYNTH-CUSTOMER-000413
SYNTH-INT-000414,SYNTH-ORDER-000414,2026-01-08T22:56:37Z,454.34,USD,CAPTURED,CARD_SYNTHETIC,SYNTH-CUSTOMER-000414
SYNTH-INT-000415,SYNTH-ORDER-000415,2026-01-09T00:54:53Z,1572.78,USD,CAPTURED,WALLET_SYNTHETIC,SYNTH-CUSTOMER-000415
SYNTH-INT-000416,SYNTH-ORDER-000416,2026-01-10T03:19:08Z,157.3,USD,CAPTURED,TRANSFER_SYNTHETIC,SYNTH-CUSTOMER-000416
SYNTH-INT-000417,SYNTH-ORDER-000417,2026-01-11T06:05:06Z,1890.06,USD,CAPTURED,CARD_SYNTHETIC,SYNTH-CUSTOMER-000417
SYNTH-INT-000418,SYNTH-ORDER-000418,2026-01-12T07:30:44Z,2138.48,USD,CAPTURED,WALLET_SYNTHETIC,SYNTH-CUSTOMER-000418
SYNTH-INT-000419,SYNTH-ORDER-000419,2026-01-13T09:55:26Z,1578.53,USD,CAPTURED,TRANSFER_SYNTHETIC,SYNTH-CUSTOMER-000419
SYNTH-INT-000420,SYNTH-ORDER-000420,2026-01-14T12:16:42Z,937.27,EUR,CAPTURED,CARD_SYNTHETIC,SYNTH-CUSTOMER-000420
SYNTH-INT-000421,SYNTH-ORDER-000421,2026-01-01T14:14:39Z,595.5,GBP,CAPTURED,WALLET_SYNTHETIC,SYNTH-CUSTOMER-000421
SYNTH-INT-000422,SYNTH-ORDER-000422,2026-01-02T16:47:03Z,1001.59,USD,CAPTURED,TRANSFER_SYNTHETIC,SYNTH-CUSTOMER-000422
SYNTH-INT-000423,SYNTH-ORDER-000423,2026-01-03T18:51:30Z,395.55,USD,CAPTURED,CARD_SYNTHETIC,SYNTH-CUSTOMER-000423
SYNTH-INT-000424,SYNTH-ORDER-000424,2026-01-04T20:46:14Z,1404.64,USD,CAPTURED,WALLET_SYNTHETIC,SYNTH-CUSTOMER-000424
SYNTH-INT-000425,SYNTH-ORDER-000425,2026-01-05T23:18:38Z,2033.45,USD,CAPTURED,TRANSFER_SYNTHETIC,SYNTH-CUSTOMER-000425
SYNTH-INT-000426,SYNTH-ORDER-000426,2026-01-06T01:33:08Z,1717.99,USD,CAPTURED,CARD_SYNTHETIC,SYNTH-CUSTOMER-000426
SYNTH-INT-000427,SYNTH-ORDER-000427,2026-01-07T03:36:15Z,1222.37,USD,CAPTURED,WALLET_SYNTHETIC,SYNTH-CUSTOMER-000427
SYNTH-INT-000428,SYNTH-ORDER-000428,2026-01-08T06:27:09Z,921.96,USD,CAPTURED,TRANSFER_SYNTHETIC,SYNTH-CUSTOMER-000428
SYNTH-INT-000429,SYNTH-ORDER-000429,2026-01-09T07:41:24Z,1991.44,USD,CAPTURED,CARD_SYNTHETIC,SYNTH-CUSTOMER-000429
SYNTH-INT-000430,SYNTH-ORDER-000430,2026-01-10T10:34:46Z,1821.97,EUR,CAPTURED,WALLET_SYNTHETIC,SYNTH-CUSTOMER-000430
SYNTH-INT-000431,SYNTH-ORDER-000431,2026-01-11T12:54:47Z,1218.07,GBP,PARTIALLY_REFUNDED,TRANSFER_SYNTHETIC,SYNTH-CUSTOMER-000431
SYNTH-INT-000432,SYNTH-ORDER-000432,2026-01-12T15:12:33Z,19.22,USD,CAPTURED,CARD_SYNTHETIC,SYNTH-CUSTOMER-000432
SYNTH-INT-000433,SYNTH-ORDER-000433,2026-01-13T17:19:08Z,566.23,USD,CAPTURED,WALLET_SYNTHETIC,SYNTH-CUSTOMER-000433
SYNTH-INT-000434,SYNTH-ORDER-000434,2026-01-14T19:34:19Z,1576.75,USD,CAPTURED,TRANSFER_SYNTHETIC,SYNTH-CUSTOMER-000434
SYNTH-INT-000435,SYNTH-ORDER-000435,2026-01-01T21:51:24Z,1642.79,USD,CAPTURED,CARD_SYNTHETIC,SYNTH-CUSTOMER-000435
SYNTH-INT-000436,SYNTH-ORDER-000436,2026-01-02T23:24:13Z,1600.98,USD,CAPTURED,WALLET_SYNTHETIC,SYNTH-CUSTOMER-000436
SYNTH-INT-000437,SYNTH-ORDER-000437,2026-01-03T01:59:22Z,1925.14,USD,CAPTURED,TRANSFER_SYNTHETIC,SYNTH-CUSTOMER-000437
SYNTH-INT-000438,SYNTH-ORDER-000438,2026-01-04T03:51:41Z,2374.63,USD,CAPTURED,CARD_SYNTHETIC,SYNTH-CUSTOMER-000438
SYNTH-INT-000439,SYNTH-ORDER-000439,2026-01-05T06:14:39Z,822.81,USD,REFUNDED,WALLET_SYNTHETIC,SYNTH-CUSTOMER-000439
SYNTH-INT-000440,SYNTH-ORDER-000440,2026-01-06T08:33:35Z,1814.6,EUR,CAPTURED,TRANSFER_SYNTHETIC,SYNTH-CUSTOMER-000440
SYNTH-INT-000441,SYNTH-ORDER-000441,2026-01-07T10:45:20Z,1656.51,GBP,CAPTURED,CARD_SYNTHETIC,SYNTH-CUSTOMER-000441
SYNTH-INT-000442,SYNTH-ORDER-000442,2026-01-08T12:41:26Z,1449.6,USD,CAPTURED,WALLET_SYNTHETIC,SYNTH-CUSTOMER-000442
SYNTH-INT-000443,SYNTH-ORDER-000443,2026-01-09T14:37:42Z,574.2,USD,CAPTURED,TRANSFER_SYNTHETIC,SYNTH-CUSTOMER-000443
SYNTH-INT-000444,SYNTH-ORDER-000444,2026-01-10T17:23:40Z,808.18,USD,CAPTURED,CARD_SYNTHETIC,SYNTH-CUSTOMER-000444
SYNTH-INT-000445,SYNTH-ORDER-000445,2026-01-11T19:50:51Z,884.84,USD,PARTIALLY_REFUNDED,WALLET_SYNTHETIC,SYNTH-CUSTOMER-000445
SYNTH-INT-000446,SYNTH-ORDER-000446,2026-01-12T21:19:36Z,1112.86,USD,CAPTURED,TRANSFER_SYNTHETIC,SYNTH-CUSTOMER-000446
SYNTH-INT-000447,SYNTH-ORDER-000447,2026-01-13T23:22:28Z,556.37,USD,CAPTURED,CARD_SYNTHETIC,SYNTH-CUSTOMER-000447
SYNTH-INT-000448,SYNTH-ORDER-000448,2026-01-14T01:33:30Z,900.24,USD,CAPTURED,WALLET_SYNTHETIC,SYNTH-CUSTOMER-000448
SYNTH-INT-000449,SYNTH-ORDER-000449,2026-01-01T04:39:36Z,1858.89,USD,CAPTURED,TRANSFER_SYNTHETIC,SYNTH-CUSTOMER-000449
SYNTH-INT-000450,SYNTH-ORDER-000450,2026-01-02T06:37:11Z,1273.35,EUR,CAPTURED,CARD_SYNTHETIC,SYNTH-CUSTOMER-000450
SYNTH-INT-000451,SYNTH-ORDER-000451,2026-01-03T08:07:41Z,2247.93,GBP,CAPTURED,WALLET_SYNTHETIC,SYNTH-CUSTOMER-000451
SYNTH-INT-000452,SYNTH-ORDER-000452,2026-01-04T10:19:04Z,1470.58,USD,CAPTURED,TRANSFER_SYNTHETIC,SYNTH-CUSTOMER-000452
SYNTH-INT-000453,SYNTH-ORDER-000453,2026-01-05T13:01:25Z,1029.44,USD,CAPTURED,CARD_SYNTHETIC,SYNTH-CUSTOMER-000453
SYNTH-INT-000454,SYNTH-ORDER-000454,2026-01-06T15:23:45Z,2163.97,USD,CAPTURED,WALLET_SYNTHETIC,SYNTH-CUSTOMER-000454
SYNTH-INT-000455,SYNTH-ORDER-000455,2026-01-07T17:36:07Z,2090.86,USD,CAPTURED,TRANSFER_SYNTHETIC,SYNTH-CUSTOMER-000455
SYNTH-INT-000456,SYNTH-ORDER-000456,2026-01-08T19:34:14Z,2498.21,USD,CAPTURED,CARD_SYNTHETIC,SYNTH-CUSTOMER-000456
SYNTH-INT-000457,SYNTH-ORDER-000457,2026-01-09T22:05:21Z,182.84,USD,CAPTURED,WALLET_SYNTHETIC,SYNTH-CUSTOMER-000457
SYNTH-INT-000458,SYNTH-ORDER-000458,2026-01-10T00:20:45Z,1488.52,USD,CAPTURED,TRANSFER_SYNTHETIC,SYNTH-CUSTOMER-000458
SYNTH-INT-000459,SYNTH-ORDER-000459,2026-01-11T02:10:46Z,2153.53,USD,CAPTURED,CARD_SYNTHETIC,SYNTH-CUSTOMER-000459
SYNTH-INT-000460,SYNTH-ORDER-000460,2026-01-12T04:04:48Z,1421.68,EUR,CAPTURED,WALLET_SYNTHETIC,SYNTH-CUSTOMER-000460
SYNTH-INT-000461,SYNTH-ORDER-000461,2026-01-13T06:26:27Z,1306.41,GBP,CAPTURED,TRANSFER_SYNTHETIC,SYNTH-CUSTOMER-000461
SYNTH-INT-000462,SYNTH-ORDER-000462,2026-01-14T08:33:28Z,304.59,USD,CAPTURED,CARD_SYNTHETIC,SYNTH-CUSTOMER-000462
SYNTH-INT-000463,SYNTH-ORDER-000463,2026-01-01T10:46:04Z,2167.57,USD,CAPTURED,WALLET_SYNTHETIC,SYNTH-CUSTOMER-000463
SYNTH-INT-000464,SYNTH-ORDER-000464,2026-01-02T13:08:49Z,306.08,USD,CAPTURED,TRANSFER_SYNTHETIC,SYNTH-CUSTOMER-000464
SYNTH-INT-000465,SYNTH-ORDER-000465,2026-01-03T15:22:22Z,809.07,USD,CAPTURED,CARD_SYNTHETIC,SYNTH-CUSTOMER-000465
SYNTH-INT-000466,SYNTH-ORDER-000466,2026-01-04T17:17:50Z,2138.76,USD,CAPTURED,WALLET_SYNTHETIC,SYNTH-CUSTOMER-000466
SYNTH-INT-000467,SYNTH-ORDER-000467,2026-01-05T20:08:29Z,313.99,USD,CAPTURED,TRANSFER_SYNTHETIC,SYNTH-CUSTOMER-000467
SYNTH-INT-000468,SYNTH-ORDER-000468,2026-01-06T21:28:21Z,1823.14,USD,CAPTURED,CARD_SYNTHETIC,SYNTH-CUSTOMER-000468
SYNTH-INT-000469,SYNTH-ORDER-000469,2026-01-07T00:30:24Z,722.27,USD,REFUNDED,WALLET_SYNTHETIC,SYNTH-CUSTOMER-000469
SYNTH-INT-000470,SYNTH-ORDER-000470,2026-01-08T02:03:44Z,363.72,EUR,CAPTURED,TRANSFER_SYNTHETIC,SYNTH-CUSTOMER-000470
SYNTH-INT-000471,SYNTH-ORDER-000471,2026-01-09T04:52:19Z,2499.05,GBP,CAPTURED,CARD_SYNTHETIC,SYNTH-CUSTOMER-000471
SYNTH-INT-000472,SYNTH-ORDER-000472,2026-01-10T06:54:30Z,1134.32,USD,CAPTURED,WALLET_SYNTHETIC,SYNTH-CUSTOMER-000472
SYNTH-INT-000473,SYNTH-ORDER-000473,2026-01-11T08:42:59Z,597.31,USD,CAPTURED,TRANSFER_SYNTHETIC,SYNTH-CUSTOMER-000473
SYNTH-INT-000474,SYNTH-ORDER-000474,2026-01-12T11:19:29Z,1371.03,USD,CAPTURED,CARD_SYNTHETIC,SYNTH-CUSTOMER-000474
SYNTH-INT-000475,SYNTH-ORDER-000475,2026-01-13T13:18:09Z,1228.15,USD,CAPTURED,WALLET_SYNTHETIC,SYNTH-CUSTOMER-000475
SYNTH-INT-000476,SYNTH-ORDER-000476,2026-01-14T15:24:42Z,952.14,USD,REFUNDED,TRANSFER_SYNTHETIC,SYNTH-CUSTOMER-000476
SYNTH-INT-000477,SYNTH-ORDER-000477,2026-01-01T18:00:27Z,491.27,USD,CAPTURED,CARD_SYNTHETIC,SYNTH-CUSTOMER-000477
SYNTH-INT-000478,SYNTH-ORDER-000478,2026-01-02T19:46:05Z,2014.85,USD,CAPTURED,WALLET_SYNTHETIC,SYNTH-CUSTOMER-000478
SYNTH-INT-000479,SYNTH-ORDER-000479,2026-01-03T22:21:41Z,1331.4,USD,CAPTURED,TRANSFER_SYNTHETIC,SYNTH-CUSTOMER-000479
SYNTH-INT-000480,SYNTH-ORDER-000480,2026-01-04T00:04:44Z,585.12,EUR,CAPTURED,CARD_SYNTHETIC,SYNTH-CUSTOMER-000480
SYNTH-INT-000481,SYNTH-ORDER-000481,2026-01-05T03:00:32Z,1823.83,GBP,CAPTURED,WALLET_SYNTHETIC,SYNTH-CUSTOMER-000481
SYNTH-INT-000482,SYNTH-ORDER-000482,2026-01-06T05:00:09Z,719.73,USD,CAPTURED,TRANSFER_SYNTHETIC,SYNTH-CUSTOMER-000482
SYNTH-INT-000483,SYNTH-ORDER-000483,2026-01-07T06:38:50Z,1083.48,USD,CAPTURED,CARD_SYNTHETIC,SYNTH-CUSTOMER-000483
SYNTH-INT-000484,SYNTH-ORDER-000484,2026-01-08T08:44:28Z,894.83,USD,CAPTURED,WALLET_SYNTHETIC,SYNTH-CUSTOMER-000484
SYNTH-INT-000485,SYNTH-ORDER-000485,2026-01-09T11:02:54Z,1227.35,USD,CAPTURED,TRANSFER_SYNTHETIC,SYNTH-CUSTOMER-000485
SYNTH-INT-000486,SYNTH-ORDER-000486,2026-01-10T13:37:33Z,1111.55,USD,CAPTURED,CARD_SYNTHETIC,SYNTH-CUSTOMER-000486
SYNTH-INT-000487,SYNTH-ORDER-000487,2026-01-11T16:01:00Z,1066.55,USD,PARTIALLY_REFUNDED,WALLET_SYNTHETIC,SYNTH-CUSTOMER-000487
SYNTH-INT-000488,SYNTH-ORDER-000488,2026-01-12T18:26:37Z,2273.65,USD,CAPTURED,TRANSFER_SYNTHETIC,SYNTH-CUSTOMER-000488
SYNTH-INT-000489,SYNTH-ORDER-000489,2026-01-13T19:58:37Z,1878.14,USD,CAPTURED,CARD_SYNTHETIC,SYNTH-CUSTOMER-000489
SYNTH-INT-000490,SYNTH-ORDER-000490,2026-01-14T22:35:34Z,1907.21,EUR,CAPTURED,WALLET_SYNTHETIC,SYNTH-CUSTOMER-000490
SYNTH-INT-000491,SYNTH-ORDER-000491,2026-01-01T00:17:29Z,2096.26,GBP,CAPTURED,TRANSFER_SYNTHETIC,SYNTH-CUSTOMER-000491
SYNTH-INT-000492,SYNTH-ORDER-000492,2026-01-02T02:34:32Z,616.87,USD,CAPTURED,CARD_SYNTHETIC,SYNTH-CUSTOMER-000492
SYNTH-INT-000493,SYNTH-ORDER-000493,2026-01-03T05:23:33Z,1810.8,USD,CAPTURED,WALLET_SYNTHETIC,SYNTH-CUSTOMER-000493
SYNTH-INT-000494,SYNTH-ORDER-000494,2026-01-04T07:38:29Z,1419.1,USD,CAPTURED,TRANSFER_SYNTHETIC,SYNTH-CUSTOMER-000494
SYNTH-INT-000495,SYNTH-ORDER-000495,2026-01-05T09:49:19Z,984.03,USD,CAPTURED,CARD_SYNTHETIC,SYNTH-CUSTOMER-000495
SYNTH-INT-000496,SYNTH-ORDER-000496,2026-01-06T11:11:19Z,1129.74,USD,CAPTURED,WALLET_SYNTHETIC,SYNTH-CUSTOMER-000496
SYNTH-INT-000497,SYNTH-ORDER-000497,2026-01-07T13:21:36Z,1283.3,USD,CAPTURED,TRANSFER_SYNTHETIC,SYNTH-CUSTOMER-000497
SYNTH-INT-000498,SYNTH-ORDER-000498,2026-01-08T15:34:02Z,577.48,USD,CAPTURED,CARD_SYNTHETIC,SYNTH-CUSTOMER-000498
SYNTH-INT-000499,SYNTH-ORDER-000499,2026-01-09T17:56:17Z,2080.63,USD,CAPTURED,WALLET_SYNTHETIC,SYNTH-CUSTOMER-000499
SYNTH-INT-000500,SYNTH-ORDER-000500,2026-01-10T20:30:24Z,2159.43,EUR,CAPTURED,TRANSFER_SYNTHETIC,SYNTH-CUSTOMER-000500
SYNTH-INT-000501,SYNTH-ORDER-000501,2026-01-11T22:18:26Z,1122.44,GBP,CAPTURED,CARD_SYNTHETIC,SYNTH-CUSTOMER-000501
SYNTH-INT-000502,SYNTH-ORDER-000502,2026-01-12T00:21:55Z,895.0,USD,CAPTURED,WALLET_SYNTHETIC,SYNTH-CUSTOMER-000502
SYNTH-INT-000503,SYNTH-ORDER-000503,2026-01-13T02:43:34Z,2491.76,USD,CAPTURED,TRANSFER_SYNTHETIC,SYNTH-CUSTOMER-000503
SYNTH-INT-000504,SYNTH-ORDER-000504,2026-01-14T05:23:37Z,2339.18,USD,CAPTURED,CARD_SYNTHETIC,SYNTH-CUSTOMER-000504
SYNTH-INT-000505,SYNTH-ORDER-000505,2026-01-01T07:25:45Z,676.71,USD,CAPTURED,WALLET_SYNTHETIC,SYNTH-CUSTOMER-000505
SYNTH-INT-000506,SYNTH-ORDER-000506,2026-01-02T09:12:38Z,471.67,USD,CAPTURED,TRANSFER_SYNTHETIC,SYNTH-CUSTOMER-000506
SYNTH-INT-000507,SYNTH-ORDER-000507,2026-01-03T12:13:37Z,1422.47,USD,CAPTURED,CARD_SYNTHETIC,SYNTH-CUSTOMER-000507
SYNTH-INT-000508,SYNTH-ORDER-000508,2026-01-04T13:36:01Z,1694.06,USD,CAPTURED,WALLET_SYNTHETIC,SYNTH-CUSTOMER-000508
SYNTH-INT-000509,SYNTH-ORDER-000509,2026-01-05T15:56:17Z,1080.84,USD,CAPTURED,TRANSFER_SYNTHETIC,SYNTH-CUSTOMER-000509
SYNTH-INT-000510,SYNTH-ORDER-000510,2026-01-06T18:35:17Z,924.9,EUR,CAPTURED,CARD_SYNTHETIC,SYNTH-CUSTOMER-000510
SYNTH-INT-000511,SYNTH-ORDER-000511,2026-01-07T20:39:06Z,814.76,GBP,CAPTURED,WALLET_SYNTHETIC,SYNTH-CUSTOMER-000511
SYNTH-INT-000512,SYNTH-ORDER-000512,2026-01-08T23:06:44Z,1931.09,USD,CAPTURED,TRANSFER_SYNTHETIC,SYNTH-CUSTOMER-000512
SYNTH-INT-000513,SYNTH-ORDER-000513,2026-01-09T00:35:58Z,1834.13,USD,CAPTURED,CARD_SYNTHETIC,SYNTH-CUSTOMER-000513
SYNTH-INT-000514,SYNTH-ORDER-000514,2026-01-10T02:54:36Z,1811.31,USD,CAPTURED,WALLET_SYNTHETIC,SYNTH-CUSTOMER-000514
SYNTH-INT-000515,SYNTH-ORDER-000515,2026-01-11T05:17:40Z,1135.72,USD,CAPTURED,TRANSFER_SYNTHETIC,SYNTH-CUSTOMER-000515
SYNTH-INT-000516,SYNTH-ORDER-000516,2026-01-12T08:01:47Z,409.76,USD,CAPTURED,CARD_SYNTHETIC,SYNTH-CUSTOMER-000516
SYNTH-INT-000517,SYNTH-ORDER-000517,2026-01-13T09:57:50Z,773.07,USD,CAPTURED,WALLET_SYNTHETIC,SYNTH-CUSTOMER-000517
SYNTH-INT-000518,SYNTH-ORDER-000518,2026-01-14T12:20:11Z,1175.85,USD,REFUNDED,TRANSFER_SYNTHETIC,SYNTH-CUSTOMER-000518
SYNTH-INT-000519,SYNTH-ORDER-000519,2026-01-01T13:39:32Z,2341.44,USD,CAPTURED,CARD_SYNTHETIC,SYNTH-CUSTOMER-000519
SYNTH-INT-000519,SYNTH-ORDER-000519,2026-01-01T13:39:32Z,2341.44,USD,CAPTURED,CARD_SYNTHETIC,SYNTH-CUSTOMER-000519
SYNTH-INT-000520,SYNTH-ORDER-000520,2026-01-02T15:51:55Z,673.28,EUR,CAPTURED,WALLET_SYNTHETIC,SYNTH-CUSTOMER-000520
SYNTH-INT-000521,SYNTH-ORDER-000521,2026-01-03T18:11:32Z,1814.1,GBP,CAPTURED,TRANSFER_SYNTHETIC,SYNTH-CUSTOMER-000521
SYNTH-INT-000522,SYNTH-ORDER-000522,2026-01-04T20:23:33Z,508.29,USD,CAPTURED,CARD_SYNTHETIC,SYNTH-CUSTOMER-000522
SYNTH-INT-000523,SYNTH-ORDER-000523,2026-01-05T22:31:23Z,228.86,USD,CAPTURED,WALLET_SYNTHETIC,SYNTH-CUSTOMER-000523
SYNTH-INT-000524,SYNTH-ORDER-000524,2026-01-06T01:15:33Z,1181.33,USD,CAPTURED,TRANSFER_SYNTHETIC,SYNTH-CUSTOMER-000524
SYNTH-INT-000525,SYNTH-ORDER-000525,2026-01-07T03:18:32Z,1132.89,USD,CAPTURED,CARD_SYNTHETIC,SYNTH-CUSTOMER-000525
SYNTH-INT-000526,SYNTH-ORDER-000526,2026-01-08T05:04:01Z,2280.55,USD,CAPTURED,WALLET_SYNTHETIC,SYNTH-CUSTOMER-000526
SYNTH-INT-000527,SYNTH-ORDER-000527,2026-01-09T07:49:20Z,1883.5,USD,CAPTURED,TRANSFER_SYNTHETIC,SYNTH-CUSTOMER-000527
SYNTH-INT-000528,SYNTH-ORDER-000528,2026-01-10T09:41:27Z,2427.46,USD,CAPTURED,CARD_SYNTHETIC,SYNTH-CUSTOMER-000528
SYNTH-INT-000529,SYNTH-ORDER-000529,2026-01-11T11:47:55Z,979.63,USD,CAPTURED,WALLET_SYNTHETIC,SYNTH-CUSTOMER-000529
SYNTH-INT-000530,SYNTH-ORDER-000530,2026-01-12T14:33:02Z,1587.87,EUR,CAPTURED,TRANSFER_SYNTHETIC,SYNTH-CUSTOMER-000530
SYNTH-INT-000531,SYNTH-ORDER-000531,2026-01-13T16:58:37Z,883.1,GBP,CAPTURED,CARD_SYNTHETIC,SYNTH-CUSTOMER-000531
SYNTH-INT-000532,SYNTH-ORDER-000532,2026-01-14T18:51:51Z,2283.86,USD,CAPTURED,WALLET_SYNTHETIC,SYNTH-CUSTOMER-000532
SYNTH-INT-000533,SYNTH-ORDER-000533,2026-01-01T21:04:42Z,962.37,USD,CAPTURED,TRANSFER_SYNTHETIC,SYNTH-CUSTOMER-000533
SYNTH-INT-000534,SYNTH-ORDER-000534,2026-01-02T23:22:10Z,1620.21,USD,CAPTURED,CARD_SYNTHETIC,SYNTH-CUSTOMER-000534
SYNTH-INT-000535,SYNTH-ORDER-000535,2026-01-03T00:56:35Z,876.95,USD,CAPTURED,WALLET_SYNTHETIC,SYNTH-CUSTOMER-000535
SYNTH-INT-000536,SYNTH-ORDER-000536,2026-01-04T03:53:56Z,1158.08,USD,CAPTURED,TRANSFER_SYNTHETIC,SYNTH-CUSTOMER-000536
SYNTH-INT-000537,SYNTH-ORDER-000537,2026-01-05T05:57:45Z,2204.52,USD,CAPTURED,CARD_SYNTHETIC,SYNTH-CUSTOMER-000537
SYNTH-INT-000538,SYNTH-ORDER-000538,2026-01-06T08:21:20Z,2263.18,USD,CAPTURED,WALLET_SYNTHETIC,SYNTH-CUSTOMER-000538
SYNTH-INT-000539,SYNTH-ORDER-000539,2026-01-07T10:14:34Z,2388.07,USD,CAPTURED,TRANSFER_SYNTHETIC,SYNTH-CUSTOMER-000539
SYNTH-INT-000540,SYNTH-ORDER-000540,2026-01-08T11:54:12Z,2284.62,EUR,CAPTURED,CARD_SYNTHETIC,SYNTH-CUSTOMER-000540
SYNTH-INT-000541,SYNTH-ORDER-000541,2026-01-09T14:57:50Z,1321.87,GBP,CAPTURED,WALLET_SYNTHETIC,SYNTH-CUSTOMER-000541
SYNTH-INT-000542,SYNTH-ORDER-000542,2026-01-10T17:02:17Z,1256.48,USD,CAPTURED,TRANSFER_SYNTHETIC,SYNTH-CUSTOMER-000542
SYNTH-INT-000543,SYNTH-ORDER-000543,2026-01-11T18:49:57Z,1530.72,USD,CAPTURED,CARD_SYNTHETIC,SYNTH-CUSTOMER-000543
SYNTH-INT-000544,SYNTH-ORDER-000544,2026-01-12T21:07:15Z,805.35,USD,CAPTURED,WALLET_SYNTHETIC,SYNTH-CUSTOMER-000544
SYNTH-INT-000545,SYNTH-ORDER-000545,2026-01-13T23:21:49Z,2441.18,USD,CAPTURED,TRANSFER_SYNTHETIC,SYNTH-CUSTOMER-000545
SYNTH-INT-000546,SYNTH-ORDER-000546,2026-01-14T01:14:05Z,1171.99,USD,CAPTURED,CARD_SYNTHETIC,SYNTH-CUSTOMER-000546
SYNTH-INT-000547,SYNTH-ORDER-000547,2026-01-01T04:09:44Z,1358.04,USD,CAPTURED,WALLET_SYNTHETIC,SYNTH-CUSTOMER-000547
SYNTH-INT-000548,SYNTH-ORDER-000548,2026-01-02T05:42:35Z,703.32,USD,CAPTURED,TRANSFER_SYNTHETIC,SYNTH-CUSTOMER-000548
SYNTH-INT-000549,SYNTH-ORDER-000549,2026-01-03T08:36:46Z,1849.68,USD,CAPTURED,CARD_SYNTHETIC,SYNTH-CUSTOMER-000549
SYNTH-INT-000550,SYNTH-ORDER-000550,2026-01-04T09:52:53Z,1265.25,EUR,CAPTURED,WALLET_SYNTHETIC,SYNTH-CUSTOMER-000550
SYNTH-INT-000551,SYNTH-ORDER-000551,2026-01-05T12:28:01Z,1121.67,GBP,CAPTURED,TRANSFER_SYNTHETIC,SYNTH-CUSTOMER-000551
SYNTH-INT-000552,SYNTH-ORDER-000552,2026-01-06T14:17:09Z,2005.44,USD,CAPTURED,CARD_SYNTHETIC,SYNTH-CUSTOMER-000552
SYNTH-INT-000553,SYNTH-ORDER-000553,2026-01-07T17:16:58Z,2104.71,USD,CAPTURED,WALLET_SYNTHETIC,SYNTH-CUSTOMER-000553
SYNTH-INT-000554,SYNTH-ORDER-000554,2026-01-08T18:58:41Z,1397.38,USD,CAPTURED,TRANSFER_SYNTHETIC,SYNTH-CUSTOMER-000554
SYNTH-INT-000555,SYNTH-ORDER-000555,2026-01-09T21:42:07Z,2419.94,USD,CAPTURED,CARD_SYNTHETIC,SYNTH-CUSTOMER-000555
SYNTH-INT-000556,SYNTH-ORDER-000556,2026-01-10T23:24:36Z,1679.42,USD,CAPTURED,WALLET_SYNTHETIC,SYNTH-CUSTOMER-000556
SYNTH-INT-000557,SYNTH-ORDER-000557,2026-01-11T02:14:24Z,331.94,USD,CAPTURED,TRANSFER_SYNTHETIC,SYNTH-CUSTOMER-000557
SYNTH-INT-000558,SYNTH-ORDER-000558,2026-01-12T03:59:06Z,289.46,USD,CAPTURED,CARD_SYNTHETIC,SYNTH-CUSTOMER-000558
SYNTH-INT-000559,SYNTH-ORDER-000559,2026-01-13T06:17:19Z,2332.38,USD,CAPTURED,WALLET_SYNTHETIC,SYNTH-CUSTOMER-000559
SYNTH-INT-000560,SYNTH-ORDER-000560,2026-01-14T08:17:53Z,674.55,EUR,CAPTURED,TRANSFER_SYNTHETIC,SYNTH-CUSTOMER-000560
SYNTH-INT-000561,SYNTH-ORDER-000561,2026-01-01T10:57:00Z,1393.3,GBP,CAPTURED,CARD_SYNTHETIC,SYNTH-CUSTOMER-000561
SYNTH-INT-000562,SYNTH-ORDER-000562,2026-01-02T12:24:22Z,1311.0,USD,CAPTURED,WALLET_SYNTHETIC,SYNTH-CUSTOMER-000562
SYNTH-INT-000562,SYNTH-ORDER-000562,2026-01-02T12:24:22Z,1311.0,USD,CAPTURED,WALLET_SYNTHETIC,SYNTH-CUSTOMER-000562
SYNTH-INT-000563,SYNTH-ORDER-000563,2026-01-03T15:10:21Z,370.67,USD,CAPTURED,TRANSFER_SYNTHETIC,SYNTH-CUSTOMER-000563
SYNTH-INT-000564,SYNTH-ORDER-000564,2026-01-04T17:25:51Z,557.15,USD,CAPTURED,CARD_SYNTHETIC,SYNTH-CUSTOMER-000564
SYNTH-INT-000565,SYNTH-ORDER-000565,2026-01-05T19:03:02Z,1010.54,USD,CAPTURED,WALLET_SYNTHETIC,SYNTH-CUSTOMER-000565
SYNTH-INT-000566,SYNTH-ORDER-000566,2026-01-06T21:13:13Z,1494.4,USD,CAPTURED,TRANSFER_SYNTHETIC,SYNTH-CUSTOMER-000566
SYNTH-INT-000567,SYNTH-ORDER-000567,2026-01-07T23:41:33Z,1738.63,USD,CAPTURED,CARD_SYNTHETIC,SYNTH-CUSTOMER-000567
SYNTH-INT-000568,SYNTH-ORDER-000568,2026-01-08T01:58:15Z,2070.07,USD,CAPTURED,WALLET_SYNTHETIC,SYNTH-CUSTOMER-000568
SYNTH-INT-000569,SYNTH-ORDER-000569,2026-01-09T04:33:32Z,2385.57,USD,CAPTURED,TRANSFER_SYNTHETIC,SYNTH-CUSTOMER-000569
SYNTH-INT-000570,SYNTH-ORDER-000570,2026-01-10T06:11:20Z,1810.31,EUR,CAPTURED,CARD_SYNTHETIC,SYNTH-CUSTOMER-000570
SYNTH-INT-000571,SYNTH-ORDER-000571,2026-01-11T08:47:01Z,1693.55,GBP,CAPTURED,WALLET_SYNTHETIC,SYNTH-CUSTOMER-000571
SYNTH-INT-000572,SYNTH-ORDER-000572,2026-01-12T10:31:25Z,1845.31,USD,CAPTURED,TRANSFER_SYNTHETIC,SYNTH-CUSTOMER-000572
SYNTH-INT-000573,SYNTH-ORDER-000573,2026-01-13T13:10:52Z,916.87,USD,CAPTURED,CARD_SYNTHETIC,SYNTH-CUSTOMER-000573
SYNTH-INT-000574,SYNTH-ORDER-000574,2026-01-14T14:45:19Z,1926.29,USD,CAPTURED,WALLET_SYNTHETIC,SYNTH-CUSTOMER-000574
SYNTH-INT-000575,SYNTH-ORDER-000575,2026-01-01T17:36:42Z,55.6,USD,CAPTURED,TRANSFER_SYNTHETIC,SYNTH-CUSTOMER-000575
SYNTH-INT-000576,SYNTH-ORDER-000576,2026-01-02T19:04:40Z,214.83,USD,CAPTURED,CARD_SYNTHETIC,SYNTH-CUSTOMER-000576
SYNTH-INT-000577,SYNTH-ORDER-000577,2026-01-03T21:26:27Z,582.35,USD,CAPTURED,WALLET_SYNTHETIC,SYNTH-CUSTOMER-000577
SYNTH-INT-000578,SYNTH-ORDER-000578,2026-01-04T00:07:44Z,1524.39,USD,CAPTURED,TRANSFER_SYNTHETIC,SYNTH-CUSTOMER-000578
SYNTH-INT-000579,SYNTH-ORDER-000579,2026-01-05T02:27:39Z,1385.87,USD,CAPTURED,CARD_SYNTHETIC,SYNTH-CUSTOMER-000579
SYNTH-INT-000580,SYNTH-ORDER-000580,2026-01-06T04:29:36Z,196.4,EUR,CAPTURED,WALLET_SYNTHETIC,SYNTH-CUSTOMER-000580
SYNTH-INT-000581,SYNTH-ORDER-000581,2026-01-07T06:39:10Z,310.01,GBP,CAPTURED,TRANSFER_SYNTHETIC,SYNTH-CUSTOMER-000581
SYNTH-INT-000582,SYNTH-ORDER-000582,2026-01-08T08:22:59Z,2030.37,USD,CAPTURED,CARD_SYNTHETIC,SYNTH-CUSTOMER-000582
SYNTH-INT-000583,SYNTH-ORDER-000583,2026-01-09T10:39:44Z,1042.35,USD,CAPTURED,WALLET_SYNTHETIC,SYNTH-CUSTOMER-000583
SYNTH-INT-000584,SYNTH-ORDER-000584,2026-01-10T13:27:35Z,1252.4,USD,CAPTURED,TRANSFER_SYNTHETIC,SYNTH-CUSTOMER-000584
SYNTH-INT-000585,SYNTH-ORDER-000585,2026-01-11T15:21:39Z,1404.41,USD,CAPTURED,CARD_SYNTHETIC,SYNTH-CUSTOMER-000585
SYNTH-INT-000586,SYNTH-ORDER-000586,2026-01-12T17:57:23Z,1821.7,USD,CAPTURED,WALLET_SYNTHETIC,SYNTH-CUSTOMER-000586
SYNTH-INT-000587,SYNTH-ORDER-000587,2026-01-13T19:44:01Z,1001.13,USD,CAPTURED,TRANSFER_SYNTHETIC,SYNTH-CUSTOMER-000587
SYNTH-INT-000588,SYNTH-ORDER-000588,2026-01-14T21:46:24Z,2272.72,USD,CAPTURED,CARD_SYNTHETIC,SYNTH-CUSTOMER-000588
SYNTH-INT-000589,SYNTH-ORDER-000589,2026-01-01T00:37:04Z,2290.28,USD,CAPTURED,WALLET_SYNTHETIC,SYNTH-CUSTOMER-000589
SYNTH-INT-000590,SYNTH-ORDER-000590,2026-01-02T02:08:28Z,1626.72,EUR,CAPTURED,TRANSFER_SYNTHETIC,SYNTH-CUSTOMER-000590
SYNTH-INT-000591,SYNTH-ORDER-000591,2026-01-03T05:01:29Z,674.9,GBP,CAPTURED,CARD_SYNTHETIC,SYNTH-CUSTOMER-000591
SYNTH-INT-000592,SYNTH-ORDER-000592,2026-01-04T07:14:00Z,960.49,USD,CAPTURED,WALLET_SYNTHETIC,SYNTH-CUSTOMER-000592
SYNTH-INT-000593,SYNTH-ORDER-000593,2026-01-05T09:10:23Z,606.83,USD,CAPTURED,TRANSFER_SYNTHETIC,SYNTH-CUSTOMER-000593
SYNTH-INT-000594,SYNTH-ORDER-000594,2026-01-06T10:53:15Z,660.26,USD,CAPTURED,CARD_SYNTHETIC,SYNTH-CUSTOMER-000594
SYNTH-INT-000595,SYNTH-ORDER-000595,2026-01-07T13:01:46Z,150.6,USD,CAPTURED,WALLET_SYNTHETIC,SYNTH-CUSTOMER-000595
SYNTH-INT-000596,SYNTH-ORDER-000596,2026-01-08T15:44:50Z,1245.53,USD,CAPTURED,TRANSFER_SYNTHETIC,SYNTH-CUSTOMER-000596
SYNTH-INT-000597,SYNTH-ORDER-000597,2026-01-09T17:20:44Z,1302.35,USD,CAPTURED,CARD_SYNTHETIC,SYNTH-CUSTOMER-000597
SYNTH-INT-000598,SYNTH-ORDER-000598,2026-01-10T19:30:57Z,92.71,USD,CAPTURED,WALLET_SYNTHETIC,SYNTH-CUSTOMER-000598
SYNTH-INT-000599,SYNTH-ORDER-000599,2026-01-11T22:35:13Z,21.8,USD,CAPTURED,TRANSFER_SYNTHETIC,SYNTH-CUSTOMER-000599
SYNTH-INT-000600,SYNTH-ORDER-000600,2026-01-12T00:24:16Z,26.36,EUR,CAPTURED,CARD_SYNTHETIC,SYNTH-CUSTOMER-000600
SYNTH-INT-000601,SYNTH-ORDER-000601,2026-01-13T02:22:16Z,1466.25,GBP,CAPTURED,WALLET_SYNTHETIC,SYNTH-CUSTOMER-000601
SYNTH-INT-000602,SYNTH-ORDER-000602,2026-01-14T04:15:52Z,1804.93,USD,CAPTURED,TRANSFER_SYNTHETIC,SYNTH-CUSTOMER-000602
SYNTH-INT-000603,SYNTH-ORDER-000603,2026-01-01T06:35:52Z,868.26,USD,CAPTURED,CARD_SYNTHETIC,SYNTH-CUSTOMER-000603
SYNTH-INT-000604,SYNTH-ORDER-000604,2026-01-02T09:19:40Z,55.83,USD,CAPTURED,WALLET_SYNTHETIC,SYNTH-CUSTOMER-000604
SYNTH-INT-000605,SYNTH-ORDER-000605,2026-01-03T11:10:52Z,2036.82,USD,CAPTURED,TRANSFER_SYNTHETIC,SYNTH-CUSTOMER-000605
SYNTH-INT-000606,SYNTH-ORDER-000606,2026-01-04T13:21:44Z,2310.2,USD,CAPTURED,CARD_SYNTHETIC,SYNTH-CUSTOMER-000606
SYNTH-INT-000607,SYNTH-ORDER-000607,2026-01-05T15:47:09Z,80.77,USD,CAPTURED,WALLET_SYNTHETIC,SYNTH-CUSTOMER-000607
SYNTH-INT-000608,SYNTH-ORDER-000608,2026-01-06T18:17:25Z,1103.14,USD,PARTIALLY_REFUNDED,TRANSFER_SYNTHETIC,SYNTH-CUSTOMER-000608
SYNTH-INT-000609,SYNTH-ORDER-000609,2026-01-07T20:12:43Z,994.14,USD,CAPTURED,CARD_SYNTHETIC,SYNTH-CUSTOMER-000609
SYNTH-INT-000610,SYNTH-ORDER-000610,2026-01-08T21:53:31Z,1262.3,EUR,CAPTURED,WALLET_SYNTHETIC,SYNTH-CUSTOMER-000610
SYNTH-INT-000611,SYNTH-ORDER-000611,2026-01-09T00:19:32Z,603.08,GBP,CAPTURED,TRANSFER_SYNTHETIC,SYNTH-CUSTOMER-000611
SYNTH-INT-000612,SYNTH-ORDER-000612,2026-01-10T02:57:25Z,2034.74,USD,CAPTURED,CARD_SYNTHETIC,SYNTH-CUSTOMER-000612
SYNTH-INT-000613,SYNTH-ORDER-000613,2026-01-11T04:53:40Z,344.54,USD,CAPTURED,WALLET_SYNTHETIC,SYNTH-CUSTOMER-000613
SYNTH-INT-000614,SYNTH-ORDER-000614,2026-01-12T07:02:36Z,1430.55,USD,CAPTURED,TRANSFER_SYNTHETIC,SYNTH-CUSTOMER-000614
SYNTH-INT-000615,SYNTH-ORDER-000615,2026-01-13T09:32:07Z,2224.55,USD,CAPTURED,CARD_SYNTHETIC,SYNTH-CUSTOMER-000615
SYNTH-INT-000616,SYNTH-ORDER-000616,2026-01-14T11:43:30Z,262.08,USD,CAPTURED,WALLET_SYNTHETIC,SYNTH-CUSTOMER-000616
SYNTH-INT-000617,SYNTH-ORDER-000617,2026-01-01T13:40:22Z,1601.97,USD,CAPTURED,TRANSFER_SYNTHETIC,SYNTH-CUSTOMER-000617
SYNTH-INT-000618,SYNTH-ORDER-000618,2026-01-02T15:39:29Z,2423.31,USD,CAPTURED,CARD_SYNTHETIC,SYNTH-CUSTOMER-000618
SYNTH-INT-000619,SYNTH-ORDER-000619,2026-01-03T18:11:29Z,329.07,USD,CAPTURED,WALLET_SYNTHETIC,SYNTH-CUSTOMER-000619
SYNTH-INT-000620,SYNTH-ORDER-000620,2026-01-04T20:48:26Z,651.76,EUR,CAPTURED,TRANSFER_SYNTHETIC,SYNTH-CUSTOMER-000620
SYNTH-INT-000621,SYNTH-ORDER-000621,2026-01-05T22:57:28Z,911.79,GBP,CAPTURED,CARD_SYNTHETIC,SYNTH-CUSTOMER-000621
SYNTH-INT-000622,SYNTH-ORDER-000622,2026-01-06T01:02:36Z,80.38,USD,CAPTURED,WALLET_SYNTHETIC,SYNTH-CUSTOMER-000622
SYNTH-INT-000623,SYNTH-ORDER-000623,2026-01-07T02:34:44Z,1880.6,USD,CAPTURED,TRANSFER_SYNTHETIC,SYNTH-CUSTOMER-000623
SYNTH-INT-000624,SYNTH-ORDER-000624,2026-01-08T05:09:07Z,876.28,USD,CAPTURED,CARD_SYNTHETIC,SYNTH-CUSTOMER-000624
SYNTH-INT-000625,SYNTH-ORDER-000625,2026-01-09T06:51:53Z,934.88,USD,CAPTURED,WALLET_SYNTHETIC,SYNTH-CUSTOMER-000625
SYNTH-INT-000626,SYNTH-ORDER-000626,2026-01-10T09:09:47Z,376.75,USD,CAPTURED,TRANSFER_SYNTHETIC,SYNTH-CUSTOMER-000626
SYNTH-INT-000627,SYNTH-ORDER-000627,2026-01-11T11:35:32Z,2000.87,USD,CAPTURED,CARD_SYNTHETIC,SYNTH-CUSTOMER-000627
SYNTH-INT-000628,SYNTH-ORDER-000628,2026-01-12T13:35:15Z,2363.73,USD,CAPTURED,WALLET_SYNTHETIC,SYNTH-CUSTOMER-000628
SYNTH-INT-000629,SYNTH-ORDER-000629,2026-01-13T15:56:00Z,955.41,USD,CAPTURED,TRANSFER_SYNTHETIC,SYNTH-CUSTOMER-000629
SYNTH-INT-000630,SYNTH-ORDER-000630,2026-01-14T18:10:22Z,20.78,EUR,CAPTURED,CARD_SYNTHETIC,SYNTH-CUSTOMER-000630
SYNTH-INT-000631,SYNTH-ORDER-000631,2026-01-01T20:12:35Z,1803.21,GBP,CAPTURED,WALLET_SYNTHETIC,SYNTH-CUSTOMER-000631
SYNTH-INT-000632,SYNTH-ORDER-000632,2026-01-02T22:37:16Z,1728.99,USD,CAPTURED,TRANSFER_SYNTHETIC,SYNTH-CUSTOMER-000632
SYNTH-INT-000633,SYNTH-ORDER-000633,2026-01-03T01:16:19Z,2419.88,USD,CAPTURED,CARD_SYNTHETIC,SYNTH-CUSTOMER-000633
SYNTH-INT-000634,SYNTH-ORDER-000634,2026-01-04T02:50:25Z,172.49,USD,CAPTURED,WALLET_SYNTHETIC,SYNTH-CUSTOMER-000634
SYNTH-INT-000635,SYNTH-ORDER-000635,2026-01-05T05:34:24Z,1950.81,USD,CAPTURED,TRANSFER_SYNTHETIC,SYNTH-CUSTOMER-000635
SYNTH-INT-000636,SYNTH-ORDER-000636,2026-01-06T07:30:04Z,976.84,USD,CAPTURED,CARD_SYNTHETIC,SYNTH-CUSTOMER-000636
SYNTH-INT-000637,SYNTH-ORDER-000637,2026-01-07T09:41:48Z,2438.5,USD,CAPTURED,WALLET_SYNTHETIC,SYNTH-CUSTOMER-000637
SYNTH-INT-000638,SYNTH-ORDER-000638,2026-01-08T12:15:46Z,706.29,USD,CAPTURED,TRANSFER_SYNTHETIC,SYNTH-CUSTOMER-000638
SYNTH-INT-000639,SYNTH-ORDER-000639,2026-01-09T14:08:22Z,1795.33,USD,CAPTURED,CARD_SYNTHETIC,SYNTH-CUSTOMER-000639
SYNTH-INT-000640,SYNTH-ORDER-000640,2026-01-10T15:51:02Z,625.12,EUR,CAPTURED,WALLET_SYNTHETIC,SYNTH-CUSTOMER-000640
SYNTH-INT-000641,SYNTH-ORDER-000641,2026-01-11T18:09:22Z,2353.55,GBP,CAPTURED,TRANSFER_SYNTHETIC,SYNTH-CUSTOMER-000641
SYNTH-INT-000642,SYNTH-ORDER-000642,2026-01-12T20:17:42Z,1595.97,USD,CAPTURED,CARD_SYNTHETIC,SYNTH-CUSTOMER-000642
SYNTH-INT-000643,SYNTH-ORDER-000643,2026-01-13T23:17:38Z,1491.55,USD,CAPTURED,WALLET_SYNTHETIC,SYNTH-CUSTOMER-000643
SYNTH-INT-000644,SYNTH-ORDER-000644,2026-01-14T01:16:22Z,1402.73,USD,CAPTURED,TRANSFER_SYNTHETIC,SYNTH-CUSTOMER-000644
SYNTH-INT-000645,SYNTH-ORDER-000645,2026-01-01T03:08:42Z,330.24,USD,CAPTURED,CARD_SYNTHETIC,SYNTH-CUSTOMER-000645
SYNTH-INT-000646,SYNTH-ORDER-000646,2026-01-02T05:52:06Z,117.83,USD,CAPTURED,WALLET_SYNTHETIC,SYNTH-CUSTOMER-000646
SYNTH-INT-000647,SYNTH-ORDER-000647,2026-01-03T07:34:49Z,1154.48,USD,CAPTURED,TRANSFER_SYNTHETIC,SYNTH-CUSTOMER-000647
SYNTH-INT-000648,SYNTH-ORDER-000648,2026-01-04T10:12:08Z,539.03,USD,CAPTURED,CARD_SYNTHETIC,SYNTH-CUSTOMER-000648
SYNTH-INT-000649,SYNTH-ORDER-000649,2026-01-05T11:56:34Z,1979.31,USD,CAPTURED,WALLET_SYNTHETIC,SYNTH-CUSTOMER-000649
SYNTH-INT-000650,SYNTH-ORDER-000650,2026-01-06T14:27:08Z,180.96,EUR,CAPTURED,TRANSFER_SYNTHETIC,SYNTH-CUSTOMER-000650
SYNTH-INT-000651,SYNTH-ORDER-000651,2026-01-07T16:09:27Z,1295.5,GBP,CAPTURED,CARD_SYNTHETIC,SYNTH-CUSTOMER-000651
SYNTH-INT-000652,SYNTH-ORDER-000652,2026-01-08T18:32:51Z,2134.33,USD,CAPTURED,WALLET_SYNTHETIC,SYNTH-CUSTOMER-000652
SYNTH-INT-000653,SYNTH-ORDER-000653,2026-01-09T20:42:25Z,1703.09,USD,CAPTURED,TRANSFER_SYNTHETIC,SYNTH-CUSTOMER-000653
SYNTH-INT-000654,SYNTH-ORDER-000654,2026-01-10T23:18:40Z,1588.41,USD,CAPTURED,CARD_SYNTHETIC,SYNTH-CUSTOMER-000654
SYNTH-INT-000655,SYNTH-ORDER-000655,2026-01-11T01:41:36Z,8.43,USD,CAPTURED,WALLET_SYNTHETIC,SYNTH-CUSTOMER-000655
SYNTH-INT-000656,SYNTH-ORDER-000656,2026-01-12T04:00:39Z,2393.37,USD,CAPTURED,TRANSFER_SYNTHETIC,SYNTH-CUSTOMER-000656
SYNTH-INT-000657,SYNTH-ORDER-000657,2026-01-13T05:48:54Z,2317.99,USD,CAPTURED,CARD_SYNTHETIC,SYNTH-CUSTOMER-000657
SYNTH-INT-000658,SYNTH-ORDER-000658,2026-01-14T07:39:31Z,685.82,USD,CAPTURED,WALLET_SYNTHETIC,SYNTH-CUSTOMER-000658
SYNTH-INT-000659,SYNTH-ORDER-000659,2026-01-01T09:49:17Z,133.14,USD,CAPTURED,TRANSFER_SYNTHETIC,SYNTH-CUSTOMER-000659
SYNTH-INT-000660,SYNTH-ORDER-000660,2026-01-02T12:01:53Z,291.95,EUR,CAPTURED,CARD_SYNTHETIC,SYNTH-CUSTOMER-000660
SYNTH-INT-000661,SYNTH-ORDER-000661,2026-01-03T14:57:22Z,1320.42,GBP,CAPTURED,WALLET_SYNTHETIC,SYNTH-CUSTOMER-000661
SYNTH-INT-000662,SYNTH-ORDER-000662,2026-01-04T16:45:32Z,15.06,USD,CAPTURED,TRANSFER_SYNTHETIC,SYNTH-CUSTOMER-000662
SYNTH-INT-000662,SYNTH-ORDER-000662,2026-01-04T16:45:32Z,15.06,USD,CAPTURED,TRANSFER_SYNTHETIC,SYNTH-CUSTOMER-000662
SYNTH-INT-000663,SYNTH-ORDER-000663,2026-01-05T18:34:23Z,1809.81,USD,CAPTURED,CARD_SYNTHETIC,SYNTH-CUSTOMER-000663
SYNTH-INT-000664,SYNTH-ORDER-000664,2026-01-06T21:33:24Z,1568.45,USD,CAPTURED,WALLET_SYNTHETIC,SYNTH-CUSTOMER-000664
SYNTH-INT-000665,SYNTH-ORDER-000665,2026-01-07T23:36:48Z,951.4,USD,CAPTURED,TRANSFER_SYNTHETIC,SYNTH-CUSTOMER-000665
SYNTH-INT-000666,SYNTH-ORDER-000666,2026-01-08T01:14:25Z,1549.39,USD,CAPTURED,CARD_SYNTHETIC,SYNTH-CUSTOMER-000666
SYNTH-INT-000667,SYNTH-ORDER-000667,2026-01-09T03:38:43Z,2210.02,USD,CAPTURED,WALLET_SYNTHETIC,SYNTH-CUSTOMER-000667
SYNTH-INT-000668,SYNTH-ORDER-000668,2026-01-10T06:00:53Z,116.71,USD,CAPTURED,TRANSFER_SYNTHETIC,SYNTH-CUSTOMER-000668
SYNTH-INT-000669,SYNTH-ORDER-000669,2026-01-11T07:55:44Z,2128.05,USD,CAPTURED,CARD_SYNTHETIC,SYNTH-CUSTOMER-000669
SYNTH-INT-000670,SYNTH-ORDER-000670,2026-01-12T10:39:29Z,2408.99,EUR,CAPTURED,WALLET_SYNTHETIC,SYNTH-CUSTOMER-000670
SYNTH-INT-000671,SYNTH-ORDER-000671,2026-01-13T12:07:57Z,111.56,GBP,CAPTURED,TRANSFER_SYNTHETIC,SYNTH-CUSTOMER-000671
SYNTH-INT-000672,SYNTH-ORDER-000672,2026-01-14T14:31:18Z,2162.87,USD,CAPTURED,CARD_SYNTHETIC,SYNTH-CUSTOMER-000672
SYNTH-INT-000673,SYNTH-ORDER-000673,2026-01-01T16:48:26Z,704.84,USD,CAPTURED,WALLET_SYNTHETIC,SYNTH-CUSTOMER-000673
SYNTH-INT-000674,SYNTH-ORDER-000674,2026-01-02T19:14:16Z,2390.73,USD,CAPTURED,TRANSFER_SYNTHETIC,SYNTH-CUSTOMER-000674
SYNTH-INT-000675,SYNTH-ORDER-000675,2026-01-03T21:25:58Z,1922.93,USD,CAPTURED,CARD_SYNTHETIC,SYNTH-CUSTOMER-000675
SYNTH-INT-000676,SYNTH-ORDER-000676,2026-01-04T23:52:31Z,88.44,USD,CAPTURED,WALLET_SYNTHETIC,SYNTH-CUSTOMER-000676
SYNTH-INT-000677,SYNTH-ORDER-000677,2026-01-05T01:54:57Z,233.87,USD,CAPTURED,TRANSFER_SYNTHETIC,SYNTH-CUSTOMER-000677
SYNTH-INT-000678,SYNTH-ORDER-000678,2026-01-06T04:20:28Z,1849.91,USD,CAPTURED,CARD_SYNTHETIC,SYNTH-CUSTOMER-000678
SYNTH-INT-000679,SYNTH-ORDER-000679,2026-01-07T06:12:30Z,789.77,USD,CAPTURED,WALLET_SYNTHETIC,SYNTH-CUSTOMER-000679
SYNTH-INT-000680,SYNTH-ORDER-000680,2026-01-08T08:32:52Z,2164.17,EUR,CAPTURED,TRANSFER_SYNTHETIC,SYNTH-CUSTOMER-000680
SYNTH-INT-000681,SYNTH-ORDER-000681,2026-01-09T10:31:16Z,571.66,GBP,CAPTURED,CARD_SYNTHETIC,SYNTH-CUSTOMER-000681
SYNTH-INT-000682,SYNTH-ORDER-000682,2026-01-10T12:29:35Z,1670.89,USD,CAPTURED,WALLET_SYNTHETIC,SYNTH-CUSTOMER-000682
SYNTH-INT-000683,SYNTH-ORDER-000683,2026-01-11T14:39:17Z,1425.31,USD,CAPTURED,TRANSFER_SYNTHETIC,SYNTH-CUSTOMER-000683
SYNTH-INT-000684,SYNTH-ORDER-000684,2026-01-12T16:50:26Z,684.67,USD,CAPTURED,CARD_SYNTHETIC,SYNTH-CUSTOMER-000684
SYNTH-INT-000685,SYNTH-ORDER-000685,2026-01-13T18:54:55Z,725.68,USD,CAPTURED,WALLET_SYNTHETIC,SYNTH-CUSTOMER-000685
SYNTH-INT-000686,SYNTH-ORDER-000686,2026-01-14T21:19:32Z,1457.74,USD,CAPTURED,TRANSFER_SYNTHETIC,SYNTH-CUSTOMER-000686
SYNTH-INT-000687,SYNTH-ORDER-000687,2026-01-01T23:23:41Z,373.47,USD,CAPTURED,CARD_SYNTHETIC,SYNTH-CUSTOMER-000687
SYNTH-INT-000688,SYNTH-ORDER-000688,2026-01-02T02:02:57Z,710.36,USD,CAPTURED,WALLET_SYNTHETIC,SYNTH-CUSTOMER-000688
SYNTH-INT-000689,SYNTH-ORDER-000689,2026-01-03T04:22:23Z,713.36,USD,REFUNDED,TRANSFER_SYNTHETIC,SYNTH-CUSTOMER-000689
SYNTH-INT-000690,SYNTH-ORDER-000690,2026-01-04T06:21:29Z,554.65,EUR,CAPTURED,CARD_SYNTHETIC,SYNTH-CUSTOMER-000690
SYNTH-INT-000691,SYNTH-ORDER-000691,2026-01-05T08:21:49Z,645.59,GBP,CAPTURED,WALLET_SYNTHETIC,SYNTH-CUSTOMER-000691
SYNTH-INT-000692,SYNTH-ORDER-000692,2026-01-06T10:36:04Z,645.11,USD,CAPTURED,TRANSFER_SYNTHETIC,SYNTH-CUSTOMER-000692
SYNTH-INT-000693,SYNTH-ORDER-000693,2026-01-07T13:00:56Z,885.44,USD,CAPTURED,CARD_SYNTHETIC,SYNTH-CUSTOMER-000693
SYNTH-INT-000694,SYNTH-ORDER-000694,2026-01-08T15:34:37Z,1112.48,USD,CAPTURED,WALLET_SYNTHETIC,SYNTH-CUSTOMER-000694
SYNTH-INT-000695,SYNTH-ORDER-000695,2026-01-09T17:34:30Z,1255.19,USD,CAPTURED,TRANSFER_SYNTHETIC,SYNTH-CUSTOMER-000695
SYNTH-INT-000696,SYNTH-ORDER-000696,2026-01-10T19:43:16Z,1049.61,USD,CAPTURED,CARD_SYNTHETIC,SYNTH-CUSTOMER-000696
SYNTH-INT-000697,SYNTH-ORDER-000697,2026-01-11T21:22:19Z,1013.91,USD,CAPTURED,WALLET_SYNTHETIC,SYNTH-CUSTOMER-000697
SYNTH-INT-000698,SYNTH-ORDER-000698,2026-01-12T00:20:04Z,2418.23,USD,CAPTURED,TRANSFER_SYNTHETIC,SYNTH-CUSTOMER-000698
SYNTH-INT-000699,SYNTH-ORDER-000699,2026-01-13T02:08:07Z,865.91,USD,CAPTURED,CARD_SYNTHETIC,SYNTH-CUSTOMER-000699
SYNTH-INT-000700,SYNTH-ORDER-000700,2026-01-14T03:53:08Z,925.49,EUR,CAPTURED,WALLET_SYNTHETIC,SYNTH-CUSTOMER-000700
SYNTH-INT-000701,SYNTH-ORDER-000701,2026-01-01T06:17:01Z,760.58,GBP,CAPTURED,TRANSFER_SYNTHETIC,SYNTH-CUSTOMER-000701
SYNTH-INT-000702,SYNTH-ORDER-000702,2026-01-02T08:22:10Z,2117.76,USD,PARTIALLY_REFUNDED,CARD_SYNTHETIC,SYNTH-CUSTOMER-000702
SYNTH-INT-000703,SYNTH-ORDER-000703,2026-01-03T10:43:14Z,2115.19,USD,CAPTURED,WALLET_SYNTHETIC,SYNTH-CUSTOMER-000703
SYNTH-INT-000704,SYNTH-ORDER-000704,2026-01-04T13:18:23Z,1313.01,USD,CAPTURED,TRANSFER_SYNTHETIC,SYNTH-CUSTOMER-000704
SYNTH-INT-000705,SYNTH-ORDER-000705,2026-01-05T15:20:47Z,2243.47,USD,CAPTURED,CARD_SYNTHETIC,SYNTH-CUSTOMER-000705
SYNTH-INT-000706,SYNTH-ORDER-000706,2026-01-06T17:57:12Z,1137.75,USD,CAPTURED,WALLET_SYNTHETIC,SYNTH-CUSTOMER-000706
SYNTH-INT-000707,SYNTH-ORDER-000707,2026-01-07T19:38:02Z,1027.43,USD,CAPTURED,TRANSFER_SYNTHETIC,SYNTH-CUSTOMER-000707
SYNTH-INT-000708,SYNTH-ORDER-000708,2026-01-08T21:54:39Z,2099.73,USD,CAPTURED,CARD_SYNTHETIC,SYNTH-CUSTOMER-000708
SYNTH-INT-000709,SYNTH-ORDER-000709,2026-01-09T00:35:12Z,330.75,USD,CAPTURED,WALLET_SYNTHETIC,SYNTH-CUSTOMER-000709
SYNTH-INT-000710,SYNTH-ORDER-000710,2026-01-10T01:51:15Z,1380.06,EUR,CAPTURED,TRANSFER_SYNTHETIC,SYNTH-CUSTOMER-000710
SYNTH-INT-000711,SYNTH-ORDER-000711,2026-01-11T04:55:23Z,90.09,GBP,CAPTURED,CARD_SYNTHETIC,SYNTH-CUSTOMER-000711
SYNTH-INT-000712,SYNTH-ORDER-000712,2026-01-12T06:19:37Z,1446.39,USD,CAPTURED,WALLET_SYNTHETIC,SYNTH-CUSTOMER-000712
SYNTH-INT-000713,SYNTH-ORDER-000713,2026-01-13T08:49:54Z,1226.19,USD,CAPTURED,TRANSFER_SYNTHETIC,SYNTH-CUSTOMER-000713
SYNTH-INT-000714,SYNTH-ORDER-000714,2026-01-14T10:56:10Z,1190.67,USD,CAPTURED,CARD_SYNTHETIC,SYNTH-CUSTOMER-000714
SYNTH-INT-000715,SYNTH-ORDER-000715,2026-01-01T13:38:51Z,1897.98,USD,CAPTURED,WALLET_SYNTHETIC,SYNTH-CUSTOMER-000715
SYNTH-INT-000716,SYNTH-ORDER-000716,2026-01-02T15:02:58Z,1386.77,USD,CAPTURED,TRANSFER_SYNTHETIC,SYNTH-CUSTOMER-000716
SYNTH-INT-000717,SYNTH-ORDER-000717,2026-01-03T17:55:09Z,1070.52,USD,CAPTURED,CARD_SYNTHETIC,SYNTH-CUSTOMER-000717
SYNTH-INT-000718,SYNTH-ORDER-000718,2026-01-04T20:14:34Z,2367.43,USD,CAPTURED,WALLET_SYNTHETIC,SYNTH-CUSTOMER-000718
SYNTH-INT-000719,SYNTH-ORDER-000719,2026-01-05T22:25:38Z,330.37,USD,CAPTURED,TRANSFER_SYNTHETIC,SYNTH-CUSTOMER-000719
SYNTH-INT-000720,SYNTH-ORDER-000720,2026-01-06T00:30:20Z,2422.17,EUR,CAPTURED,CARD_SYNTHETIC,SYNTH-CUSTOMER-000720
SYNTH-INT-000721,SYNTH-ORDER-000721,2026-01-07T02:14:09Z,426.47,GBP,CAPTURED,WALLET_SYNTHETIC,SYNTH-CUSTOMER-000721
SYNTH-INT-000722,SYNTH-ORDER-000722,2026-01-08T04:31:11Z,1675.32,USD,CAPTURED,TRANSFER_SYNTHETIC,SYNTH-CUSTOMER-000722
SYNTH-INT-000723,SYNTH-ORDER-000723,2026-01-09T07:09:55Z,1727.71,USD,CAPTURED,CARD_SYNTHETIC,SYNTH-CUSTOMER-000723
SYNTH-INT-000724,SYNTH-ORDER-000724,2026-01-10T09:15:36Z,1419.42,USD,CAPTURED,WALLET_SYNTHETIC,SYNTH-CUSTOMER-000724
SYNTH-INT-000725,SYNTH-ORDER-000725,2026-01-11T10:55:24Z,831.32,USD,CAPTURED,TRANSFER_SYNTHETIC,SYNTH-CUSTOMER-000725
SYNTH-INT-000726,SYNTH-ORDER-000726,2026-01-12T13:41:10Z,1585.31,USD,CAPTURED,CARD_SYNTHETIC,SYNTH-CUSTOMER-000726
SYNTH-INT-000727,SYNTH-ORDER-000727,2026-01-13T15:27:32Z,2236.93,USD,CAPTURED,WALLET_SYNTHETIC,SYNTH-CUSTOMER-000727
SYNTH-INT-000728,SYNTH-ORDER-000728,2026-01-14T18:05:04Z,372.63,USD,CAPTURED,TRANSFER_SYNTHETIC,SYNTH-CUSTOMER-000728
SYNTH-INT-000729,SYNTH-ORDER-000729,2026-01-01T20:06:12Z,2263.95,USD,CAPTURED,CARD_SYNTHETIC,SYNTH-CUSTOMER-000729
SYNTH-INT-000730,SYNTH-ORDER-000730,2026-01-02T21:51:35Z,950.01,EUR,CAPTURED,WALLET_SYNTHETIC,SYNTH-CUSTOMER-000730
SYNTH-INT-000731,SYNTH-ORDER-000731,2026-01-03T00:07:54Z,831.77,GBP,CAPTURED,TRANSFER_SYNTHETIC,SYNTH-CUSTOMER-000731
SYNTH-INT-000732,SYNTH-ORDER-000732,2026-01-04T02:42:14Z,1085.8,USD,CAPTURED,CARD_SYNTHETIC,SYNTH-CUSTOMER-000732
SYNTH-INT-000733,SYNTH-ORDER-000733,2026-01-05T04:41:02Z,767.13,USD,CAPTURED,WALLET_SYNTHETIC,SYNTH-CUSTOMER-000733
SYNTH-INT-000734,SYNTH-ORDER-000734,2026-01-06T06:51:35Z,1903.02,USD,CAPTURED,TRANSFER_SYNTHETIC,SYNTH-CUSTOMER-000734
SYNTH-INT-000735,SYNTH-ORDER-000735,2026-01-07T09:10:14Z,1893.86,USD,CAPTURED,CARD_SYNTHETIC,SYNTH-CUSTOMER-000735
SYNTH-INT-000736,SYNTH-ORDER-000736,2026-01-08T11:06:42Z,2118.54,USD,CAPTURED,WALLET_SYNTHETIC,SYNTH-CUSTOMER-000736
SYNTH-INT-000737,SYNTH-ORDER-000737,2026-01-09T14:00:59Z,934.22,USD,CAPTURED,TRANSFER_SYNTHETIC,SYNTH-CUSTOMER-000737
SYNTH-INT-000738,SYNTH-ORDER-000738,2026-01-10T15:31:15Z,621.07,USD,CAPTURED,CARD_SYNTHETIC,SYNTH-CUSTOMER-000738
SYNTH-INT-000739,SYNTH-ORDER-000739,2026-01-11T18:21:13Z,1733.0,USD,CAPTURED,WALLET_SYNTHETIC,SYNTH-CUSTOMER-000739
SYNTH-INT-000740,SYNTH-ORDER-000740,2026-01-12T20:41:58Z,455.6,EUR,CAPTURED,TRANSFER_SYNTHETIC,SYNTH-CUSTOMER-000740
SYNTH-INT-000741,SYNTH-ORDER-000741,2026-01-13T22:15:48Z,1922.81,GBP,CAPTURED,CARD_SYNTHETIC,SYNTH-CUSTOMER-000741
SYNTH-INT-000742,SYNTH-ORDER-000742,2026-01-14T00:32:46Z,2144.38,USD,CAPTURED,WALLET_SYNTHETIC,SYNTH-CUSTOMER-000742
SYNTH-INT-000743,SYNTH-ORDER-000743,2026-01-01T02:38:51Z,242.59,USD,CAPTURED,TRANSFER_SYNTHETIC,SYNTH-CUSTOMER-000743
SYNTH-INT-000744,SYNTH-ORDER-000744,2026-01-02T05:19:40Z,1040.11,USD,CAPTURED,CARD_SYNTHETIC,SYNTH-CUSTOMER-000744
SYNTH-INT-000745,SYNTH-ORDER-000745,2026-01-03T06:52:33Z,815.25,USD,CAPTURED,WALLET_SYNTHETIC,SYNTH-CUSTOMER-000745
SYNTH-INT-000746,SYNTH-ORDER-000746,2026-01-04T09:35:02Z,764.09,USD,REFUNDED,TRANSFER_SYNTHETIC,SYNTH-CUSTOMER-000746
SYNTH-INT-000747,SYNTH-ORDER-000747,2026-01-05T11:56:37Z,994.4,USD,CAPTURED,CARD_SYNTHETIC,SYNTH-CUSTOMER-000747
SYNTH-INT-000748,SYNTH-ORDER-000748,2026-01-06T13:31:56Z,1499.32,USD,CAPTURED,WALLET_SYNTHETIC,SYNTH-CUSTOMER-000748
SYNTH-INT-000749,SYNTH-ORDER-000749,2026-01-07T16:18:29Z,760.04,USD,CAPTURED,TRANSFER_SYNTHETIC,SYNTH-CUSTOMER-000749
SYNTH-INT-000750,SYNTH-ORDER-000750,2026-01-08T18:18:43Z,153.87,EUR,CAPTURED,CARD_SYNTHETIC,SYNTH-CUSTOMER-000750
SYNTH-INT-000751,SYNTH-ORDER-000751,2026-01-09T20:16:13Z,1070.48,GBP,REFUNDED,WALLET_SYNTHETIC,SYNTH-CUSTOMER-000751
SYNTH-INT-000752,SYNTH-ORDER-000752,2026-01-10T22:49:31Z,693.13,USD,CAPTURED,TRANSFER_SYNTHETIC,SYNTH-CUSTOMER-000752
SYNTH-INT-000753,SYNTH-ORDER-000753,2026-01-11T01:02:24Z,83.36,USD,CAPTURED,CARD_SYNTHETIC,SYNTH-CUSTOMER-000753
SYNTH-INT-000754,SYNTH-ORDER-000754,2026-01-12T02:51:26Z,1081.39,USD,CAPTURED,WALLET_SYNTHETIC,SYNTH-CUSTOMER-000754
SYNTH-INT-000755,SYNTH-ORDER-000755,2026-01-13T05:26:03Z,1712.52,USD,CAPTURED,TRANSFER_SYNTHETIC,SYNTH-CUSTOMER-000755
SYNTH-INT-000756,SYNTH-ORDER-000756,2026-01-14T07:05:46Z,1273.19,USD,CAPTURED,CARD_SYNTHETIC,SYNTH-CUSTOMER-000756
SYNTH-INT-000757,SYNTH-ORDER-000757,2026-01-01T09:43:01Z,311.19,USD,CAPTURED,WALLET_SYNTHETIC,SYNTH-CUSTOMER-000757
SYNTH-INT-000758,SYNTH-ORDER-000758,2026-01-02T11:24:47Z,993.75,USD,CAPTURED,TRANSFER_SYNTHETIC,SYNTH-CUSTOMER-000758
SYNTH-INT-000759,SYNTH-ORDER-000759,2026-01-03T14:08:53Z,1958.41,USD,CAPTURED,CARD_SYNTHETIC,SYNTH-CUSTOMER-000759
SYNTH-INT-000760,SYNTH-ORDER-000760,2026-01-04T16:06:07Z,82.57,EUR,CAPTURED,WALLET_SYNTHETIC,SYNTH-CUSTOMER-000760
SYNTH-INT-000761,SYNTH-ORDER-000761,2026-01-05T18:12:37Z,2322.26,GBP,CAPTURED,TRANSFER_SYNTHETIC,SYNTH-CUSTOMER-000761
SYNTH-INT-000762,SYNTH-ORDER-000762,2026-01-06T20:47:20Z,1351.59,USD,CAPTURED,CARD_SYNTHETIC,SYNTH-CUSTOMER-000762
SYNTH-INT-000763,SYNTH-ORDER-000763,2026-01-07T23:05:17Z,51.36,USD,CAPTURED,WALLET_SYNTHETIC,SYNTH-CUSTOMER-000763
SYNTH-INT-000764,SYNTH-ORDER-000764,2026-01-08T01:24:32Z,1484.46,USD,CAPTURED,TRANSFER_SYNTHETIC,SYNTH-CUSTOMER-000764
SYNTH-INT-000765,SYNTH-ORDER-000765,2026-01-09T03:03:53Z,1933.98,USD,CAPTURED,CARD_SYNTHETIC,SYNTH-CUSTOMER-000765
SYNTH-INT-000766,SYNTH-ORDER-000766,2026-01-10T05:57:58Z,1989.9,USD,CAPTURED,WALLET_SYNTHETIC,SYNTH-CUSTOMER-000766
SYNTH-INT-000767,SYNTH-ORDER-000767,2026-01-11T07:43:34Z,191.22,USD,CAPTURED,TRANSFER_SYNTHETIC,SYNTH-CUSTOMER-000767
SYNTH-INT-000768,SYNTH-ORDER-000768,2026-01-12T10:20:09Z,1271.51,USD,CAPTURED,CARD_SYNTHETIC,SYNTH-CUSTOMER-000768
SYNTH-INT-000769,SYNTH-ORDER-000769,2026-01-13T12:21:05Z,2241.6,USD,CAPTURED,WALLET_SYNTHETIC,SYNTH-CUSTOMER-000769
SYNTH-INT-000770,SYNTH-ORDER-000770,2026-01-14T14:20:20Z,1258.02,EUR,CAPTURED,TRANSFER_SYNTHETIC,SYNTH-CUSTOMER-000770
SYNTH-INT-000771,SYNTH-ORDER-000771,2026-01-01T16:10:03Z,2393.19,GBP,CAPTURED,CARD_SYNTHETIC,SYNTH-CUSTOMER-000771
SYNTH-INT-000772,SYNTH-ORDER-000772,2026-01-02T18:22:32Z,198.13,USD,CAPTURED,WALLET_SYNTHETIC,SYNTH-CUSTOMER-000772
SYNTH-INT-000773,SYNTH-ORDER-000773,2026-01-03T21:10:41Z,838.92,USD,CAPTURED,TRANSFER_SYNTHETIC,SYNTH-CUSTOMER-000773
SYNTH-INT-000774,SYNTH-ORDER-000774,2026-01-04T23:07:50Z,226.38,USD,CAPTURED,CARD_SYNTHETIC,SYNTH-CUSTOMER-000774
SYNTH-INT-000775,SYNTH-ORDER-000775,2026-01-05T01:28:30Z,1911.75,USD,CAPTURED,WALLET_SYNTHETIC,SYNTH-CUSTOMER-000775
SYNTH-INT-000776,SYNTH-ORDER-000776,2026-01-06T03:31:28Z,953.64,USD,CAPTURED,TRANSFER_SYNTHETIC,SYNTH-CUSTOMER-000776
SYNTH-INT-000777,SYNTH-ORDER-000777,2026-01-07T05:58:45Z,1436.31,USD,CAPTURED,CARD_SYNTHETIC,SYNTH-CUSTOMER-000777
SYNTH-INT-000778,SYNTH-ORDER-000778,2026-01-08T07:50:28Z,83.03,USD,CAPTURED,WALLET_SYNTHETIC,SYNTH-CUSTOMER-000778
SYNTH-INT-000779,SYNTH-ORDER-000779,2026-01-09T10:19:24Z,1865.8,USD,CAPTURED,TRANSFER_SYNTHETIC,SYNTH-CUSTOMER-000779
SYNTH-INT-000780,SYNTH-ORDER-000780,2026-01-10T11:47:26Z,980.17,EUR,CAPTURED,CARD_SYNTHETIC,SYNTH-CUSTOMER-000780
SYNTH-INT-000781,SYNTH-ORDER-000781,2026-01-11T14:29:36Z,914.15,GBP,CAPTURED,WALLET_SYNTHETIC,SYNTH-CUSTOMER-000781
SYNTH-INT-000782,SYNTH-ORDER-000782,2026-01-12T16:54:25Z,1652.33,USD,CAPTURED,TRANSFER_SYNTHETIC,SYNTH-CUSTOMER-000782
SYNTH-INT-000783,SYNTH-ORDER-000783,2026-01-13T19:20:07Z,1721.03,USD,CAPTURED,CARD_SYNTHETIC,SYNTH-CUSTOMER-000783
SYNTH-INT-000784,SYNTH-ORDER-000784,2026-01-14T21:02:06Z,907.35,USD,CAPTURED,WALLET_SYNTHETIC,SYNTH-CUSTOMER-000784
SYNTH-INT-000785,SYNTH-ORDER-000785,2026-01-01T23:04:01Z,130.83,USD,CAPTURED,TRANSFER_SYNTHETIC,SYNTH-CUSTOMER-000785
SYNTH-INT-000786,SYNTH-ORDER-000786,2026-01-02T01:34:22Z,2061.0,USD,CAPTURED,CARD_SYNTHETIC,SYNTH-CUSTOMER-000786
SYNTH-INT-000787,SYNTH-ORDER-000787,2026-01-03T03:14:26Z,1029.48,USD,CAPTURED,WALLET_SYNTHETIC,SYNTH-CUSTOMER-000787
SYNTH-INT-000788,SYNTH-ORDER-000788,2026-01-04T05:36:26Z,1113.27,USD,CAPTURED,TRANSFER_SYNTHETIC,SYNTH-CUSTOMER-000788
SYNTH-INT-000789,SYNTH-ORDER-000789,2026-01-05T07:57:20Z,150.96,USD,CAPTURED,CARD_SYNTHETIC,SYNTH-CUSTOMER-000789
SYNTH-INT-000790,SYNTH-ORDER-000790,2026-01-06T10:42:00Z,2271.13,EUR,CAPTURED,WALLET_SYNTHETIC,SYNTH-CUSTOMER-000790
SYNTH-INT-000791,SYNTH-ORDER-000791,2026-01-07T12:25:41Z,1173.0,GBP,CAPTURED,TRANSFER_SYNTHETIC,SYNTH-CUSTOMER-000791
SYNTH-INT-000792,SYNTH-ORDER-000792,2026-01-08T14:38:03Z,872.3,USD,CAPTURED,CARD_SYNTHETIC,SYNTH-CUSTOMER-000792
SYNTH-INT-000793,SYNTH-ORDER-000793,2026-01-09T16:22:52Z,744.72,USD,CAPTURED,WALLET_SYNTHETIC,SYNTH-CUSTOMER-000793
SYNTH-INT-000794,SYNTH-ORDER-000794,2026-01-10T18:37:27Z,88.33,USD,CAPTURED,TRANSFER_SYNTHETIC,SYNTH-CUSTOMER-000794
SYNTH-INT-000795,SYNTH-ORDER-000795,2026-01-11T21:36:04Z,2092.82,USD,REFUNDED,CARD_SYNTHETIC,SYNTH-CUSTOMER-000795
SYNTH-INT-000796,SYNTH-ORDER-000796,2026-01-12T23:16:27Z,758.82,USD,CAPTURED,WALLET_SYNTHETIC,SYNTH-CUSTOMER-000796
SYNTH-INT-000797,SYNTH-ORDER-000797,2026-01-13T01:32:06Z,308.99,USD,CAPTURED,TRANSFER_SYNTHETIC,SYNTH-CUSTOMER-000797
SYNTH-INT-000798,SYNTH-ORDER-000798,2026-01-14T03:55:27Z,1562.03,USD,CAPTURED,CARD_SYNTHETIC,SYNTH-CUSTOMER-000798
SYNTH-INT-000799,SYNTH-ORDER-000799,2026-01-01T05:37:15Z,649.36,USD,CAPTURED,WALLET_SYNTHETIC,SYNTH-CUSTOMER-000799
SYNTH-INT-000800,SYNTH-ORDER-000800,2026-01-02T08:23:20Z,239.12,EUR,CAPTURED,TRANSFER_SYNTHETIC,SYNTH-CUSTOMER-000800
SYNTH-INT-000801,SYNTH-ORDER-000801,2026-01-03T10:08:00Z,364.14,GBP,CAPTURED,CARD_SYNTHETIC,SYNTH-CUSTOMER-000801
SYNTH-INT-000802,SYNTH-ORDER-000802,2026-01-04T12:49:16Z,756.77,USD,CAPTURED,WALLET_SYNTHETIC,SYNTH-CUSTOMER-000802
SYNTH-INT-000803,SYNTH-ORDER-000803,2026-01-05T15:00:06Z,1726.11,USD,CAPTURED,TRANSFER_SYNTHETIC,SYNTH-CUSTOMER-000803
SYNTH-INT-000804,SYNTH-ORDER-000804,2026-01-06T16:43:10Z,1160.32,USD,CAPTURED,CARD_SYNTHETIC,SYNTH-CUSTOMER-000804
SYNTH-INT-000805,SYNTH-ORDER-000805,2026-01-07T19:00:58Z,45.69,USD,CAPTURED,WALLET_SYNTHETIC,SYNTH-CUSTOMER-000805
SYNTH-INT-000806,SYNTH-ORDER-000806,2026-01-08T21:50:02Z,171.61,USD,CAPTURED,TRANSFER_SYNTHETIC,SYNTH-CUSTOMER-000806
SYNTH-INT-000807,SYNTH-ORDER-000807,2026-01-09T23:19:19Z,941.13,USD,CAPTURED,CARD_SYNTHETIC,SYNTH-CUSTOMER-000807
SYNTH-INT-000808,SYNTH-ORDER-000808,2026-01-10T01:55:33Z,357.63,USD,CAPTURED,WALLET_SYNTHETIC,SYNTH-CUSTOMER-000808
SYNTH-INT-000809,SYNTH-ORDER-000809,2026-01-11T03:38:14Z,667.18,USD,CAPTURED,TRANSFER_SYNTHETIC,SYNTH-CUSTOMER-000809
SYNTH-INT-000810,SYNTH-ORDER-000810,2026-01-12T06:06:23Z,2252.71,EUR,CAPTURED,CARD_SYNTHETIC,SYNTH-CUSTOMER-000810
SYNTH-INT-000811,SYNTH-ORDER-000811,2026-01-13T08:45:14Z,1384.95,GBP,CAPTURED,WALLET_SYNTHETIC,SYNTH-CUSTOMER-000811
SYNTH-INT-000812,SYNTH-ORDER-000812,2026-01-14T10:13:29Z,1222.06,USD,CAPTURED,TRANSFER_SYNTHETIC,SYNTH-CUSTOMER-000812
SYNTH-INT-000813,SYNTH-ORDER-000813,2026-01-01T13:19:26Z,451.64,USD,CAPTURED,CARD_SYNTHETIC,SYNTH-CUSTOMER-000813
SYNTH-INT-000814,SYNTH-ORDER-000814,2026-01-02T15:02:44Z,2354.9,USD,CAPTURED,WALLET_SYNTHETIC,SYNTH-CUSTOMER-000814
SYNTH-INT-000815,SYNTH-ORDER-000815,2026-01-03T17:35:36Z,1816.49,USD,CAPTURED,TRANSFER_SYNTHETIC,SYNTH-CUSTOMER-000815
SYNTH-INT-000816,SYNTH-ORDER-000816,2026-01-04T19:40:37Z,1882.71,USD,CAPTURED,CARD_SYNTHETIC,SYNTH-CUSTOMER-000816
SYNTH-INT-000817,SYNTH-ORDER-000817,2026-01-05T21:39:46Z,519.67,USD,CAPTURED,WALLET_SYNTHETIC,SYNTH-CUSTOMER-000817
SYNTH-INT-000818,SYNTH-ORDER-000818,2026-01-06T00:09:16Z,1520.71,USD,CAPTURED,TRANSFER_SYNTHETIC,SYNTH-CUSTOMER-000818
SYNTH-INT-000819,SYNTH-ORDER-000819,2026-01-07T01:47:00Z,440.96,USD,CAPTURED,CARD_SYNTHETIC,SYNTH-CUSTOMER-000819
SYNTH-INT-000820,SYNTH-ORDER-000820,2026-01-08T04:08:22Z,119.92,EUR,CAPTURED,WALLET_SYNTHETIC,SYNTH-CUSTOMER-000820
SYNTH-INT-000821,SYNTH-ORDER-000821,2026-01-09T06:01:32Z,1112.64,GBP,CAPTURED,TRANSFER_SYNTHETIC,SYNTH-CUSTOMER-000821
SYNTH-INT-000821,SYNTH-ORDER-000821,2026-01-09T06:01:32Z,1112.64,GBP,CAPTURED,TRANSFER_SYNTHETIC,SYNTH-CUSTOMER-000821
SYNTH-INT-000822,SYNTH-ORDER-000822,2026-01-10T08:46:51Z,736.05,USD,CAPTURED,CARD_SYNTHETIC,SYNTH-CUSTOMER-000822
SYNTH-INT-000823,SYNTH-ORDER-000823,2026-01-11T11:19:31Z,2262.61,USD,CAPTURED,WALLET_SYNTHETIC,SYNTH-CUSTOMER-000823
SYNTH-INT-000824,SYNTH-ORDER-000824,2026-01-12T12:36:57Z,2482.88,USD,CAPTURED,TRANSFER_SYNTHETIC,SYNTH-CUSTOMER-000824
SYNTH-INT-000825,SYNTH-ORDER-000825,2026-01-13T15:30:19Z,1609.55,USD,CAPTURED,CARD_SYNTHETIC,SYNTH-CUSTOMER-000825
SYNTH-INT-000826,SYNTH-ORDER-000826,2026-01-14T17:50:43Z,2213.24,USD,CAPTURED,WALLET_SYNTHETIC,SYNTH-CUSTOMER-000826
SYNTH-INT-000827,SYNTH-ORDER-000827,2026-01-01T19:11:03Z,1446.01,USD,CAPTURED,TRANSFER_SYNTHETIC,SYNTH-CUSTOMER-000827
SYNTH-INT-000828,SYNTH-ORDER-000828,2026-01-02T21:35:11Z,931.01,USD,CAPTURED,CARD_SYNTHETIC,SYNTH-CUSTOMER-000828
SYNTH-INT-000829,SYNTH-ORDER-000829,2026-01-03T23:45:23Z,629.83,USD,CAPTURED,WALLET_SYNTHETIC,SYNTH-CUSTOMER-000829
SYNTH-INT-000830,SYNTH-ORDER-000830,2026-01-04T02:30:37Z,498.47,EUR,CAPTURED,TRANSFER_SYNTHETIC,SYNTH-CUSTOMER-000830
SYNTH-INT-000831,SYNTH-ORDER-000831,2026-01-05T04:57:23Z,1406.05,GBP,CAPTURED,CARD_SYNTHETIC,SYNTH-CUSTOMER-000831
SYNTH-INT-000832,SYNTH-ORDER-000832,2026-01-06T06:18:25Z,2488.28,USD,CAPTURED,WALLET_SYNTHETIC,SYNTH-CUSTOMER-000832
SYNTH-INT-000833,SYNTH-ORDER-000833,2026-01-07T09:05:35Z,1228.23,USD,CAPTURED,TRANSFER_SYNTHETIC,SYNTH-CUSTOMER-000833
SYNTH-INT-000834,SYNTH-ORDER-000834,2026-01-08T11:22:55Z,513.73,USD,CAPTURED,CARD_SYNTHETIC,SYNTH-CUSTOMER-000834
SYNTH-INT-000835,SYNTH-ORDER-000835,2026-01-09T13:32:43Z,184.44,USD,CAPTURED,WALLET_SYNTHETIC,SYNTH-CUSTOMER-000835
SYNTH-INT-000836,SYNTH-ORDER-000836,2026-01-10T15:05:33Z,1596.84,USD,CAPTURED,TRANSFER_SYNTHETIC,SYNTH-CUSTOMER-000836
SYNTH-INT-000837,SYNTH-ORDER-000837,2026-01-11T17:36:28Z,2494.73,USD,CAPTURED,CARD_SYNTHETIC,SYNTH-CUSTOMER-000837
SYNTH-INT-000838,SYNTH-ORDER-000838,2026-01-12T20:11:07Z,1252.46,USD,CAPTURED,WALLET_SYNTHETIC,SYNTH-CUSTOMER-000838
SYNTH-INT-000839,SYNTH-ORDER-000839,2026-01-13T21:34:48Z,247.5,USD,CAPTURED,TRANSFER_SYNTHETIC,SYNTH-CUSTOMER-000839
SYNTH-INT-000840,SYNTH-ORDER-000840,2026-01-14T00:42:47Z,1900.31,EUR,CAPTURED,CARD_SYNTHETIC,SYNTH-CUSTOMER-000840
SYNTH-INT-000841,SYNTH-ORDER-000841,2026-01-01T02:21:40Z,2189.75,GBP,CAPTURED,WALLET_SYNTHETIC,SYNTH-CUSTOMER-000841
SYNTH-INT-000842,SYNTH-ORDER-000842,2026-01-02T04:21:51Z,979.0,USD,CAPTURED,TRANSFER_SYNTHETIC,SYNTH-CUSTOMER-000842
SYNTH-INT-000843,SYNTH-ORDER-000843,2026-01-03T06:58:00Z,2307.96,USD,CAPTURED,CARD_SYNTHETIC,SYNTH-CUSTOMER-000843
SYNTH-INT-000844,SYNTH-ORDER-000844,2026-01-04T08:55:21Z,2191.55,USD,CAPTURED,WALLET_SYNTHETIC,SYNTH-CUSTOMER-000844
SYNTH-INT-000845,SYNTH-ORDER-000845,2026-01-05T11:14:36Z,698.88,USD,CAPTURED,TRANSFER_SYNTHETIC,SYNTH-CUSTOMER-000845
SYNTH-INT-000846,SYNTH-ORDER-000846,2026-01-06T13:50:47Z,2457.91,USD,CAPTURED,CARD_SYNTHETIC,SYNTH-CUSTOMER-000846
SYNTH-INT-000847,SYNTH-ORDER-000847,2026-01-07T15:39:33Z,340.94,USD,CAPTURED,WALLET_SYNTHETIC,SYNTH-CUSTOMER-000847
SYNTH-INT-000848,SYNTH-ORDER-000848,2026-01-08T18:09:56Z,360.82,USD,CAPTURED,TRANSFER_SYNTHETIC,SYNTH-CUSTOMER-000848
SYNTH-INT-000849,SYNTH-ORDER-000849,2026-01-09T20:10:23Z,265.28,USD,CAPTURED,CARD_SYNTHETIC,SYNTH-CUSTOMER-000849
SYNTH-INT-000850,SYNTH-ORDER-000850,2026-01-10T22:37:56Z,42.48,EUR,CAPTURED,WALLET_SYNTHETIC,SYNTH-CUSTOMER-000850
SYNTH-INT-000851,SYNTH-ORDER-000851,2026-01-11T00:04:37Z,41.73,GBP,PARTIALLY_REFUNDED,TRANSFER_SYNTHETIC,SYNTH-CUSTOMER-000851
SYNTH-INT-000852,SYNTH-ORDER-000852,2026-01-12T02:21:07Z,63.11,USD,CAPTURED,CARD_SYNTHETIC,SYNTH-CUSTOMER-000852
SYNTH-INT-000853,SYNTH-ORDER-000853,2026-01-13T04:51:22Z,1748.28,USD,CAPTURED,WALLET_SYNTHETIC,SYNTH-CUSTOMER-000853
SYNTH-INT-000854,SYNTH-ORDER-000854,2026-01-14T07:10:12Z,594.07,USD,CAPTURED,TRANSFER_SYNTHETIC,SYNTH-CUSTOMER-000854
SYNTH-INT-000855,SYNTH-ORDER-000855,2026-01-01T08:55:28Z,2094.7,USD,CAPTURED,CARD_SYNTHETIC,SYNTH-CUSTOMER-000855
SYNTH-INT-000856,SYNTH-ORDER-000856,2026-01-02T11:15:05Z,798.51,USD,CAPTURED,WALLET_SYNTHETIC,SYNTH-CUSTOMER-000856
SYNTH-INT-000857,SYNTH-ORDER-000857,2026-01-03T13:44:28Z,2321.09,USD,CAPTURED,TRANSFER_SYNTHETIC,SYNTH-CUSTOMER-000857
SYNTH-INT-000858,SYNTH-ORDER-000858,2026-01-04T15:27:29Z,2148.77,USD,CAPTURED,CARD_SYNTHETIC,SYNTH-CUSTOMER-000858
SYNTH-INT-000859,SYNTH-ORDER-000859,2026-01-05T17:51:15Z,1021.65,USD,CAPTURED,WALLET_SYNTHETIC,SYNTH-CUSTOMER-000859
SYNTH-INT-000860,SYNTH-ORDER-000860,2026-01-06T19:56:25Z,2088.59,EUR,CAPTURED,TRANSFER_SYNTHETIC,SYNTH-CUSTOMER-000860
SYNTH-INT-000861,SYNTH-ORDER-000861,2026-01-07T22:53:20Z,2103.84,GBP,CAPTURED,CARD_SYNTHETIC,SYNTH-CUSTOMER-000861
SYNTH-INT-000862,SYNTH-ORDER-000862,2026-01-08T00:39:27Z,635.57,USD,CAPTURED,WALLET_SYNTHETIC,SYNTH-CUSTOMER-000862
SYNTH-INT-000863,SYNTH-ORDER-000863,2026-01-09T02:25:34Z,421.29,USD,CAPTURED,TRANSFER_SYNTHETIC,SYNTH-CUSTOMER-000863
SYNTH-INT-000864,SYNTH-ORDER-000864,2026-01-10T05:28:06Z,2129.65,USD,CAPTURED,CARD_SYNTHETIC,SYNTH-CUSTOMER-000864
SYNTH-INT-000865,SYNTH-ORDER-000865,2026-01-11T07:02:32Z,1845.84,USD,CAPTURED,WALLET_SYNTHETIC,SYNTH-CUSTOMER-000865
SYNTH-INT-000866,SYNTH-ORDER-000866,2026-01-12T09:26:14Z,1148.5,USD,CAPTURED,TRANSFER_SYNTHETIC,SYNTH-CUSTOMER-000866
SYNTH-INT-000867,SYNTH-ORDER-000867,2026-01-13T11:11:28Z,785.53,USD,CAPTURED,CARD_SYNTHETIC,SYNTH-CUSTOMER-000867
SYNTH-INT-000867,SYNTH-ORDER-000867,2026-01-13T11:11:28Z,785.53,USD,CAPTURED,CARD_SYNTHETIC,SYNTH-CUSTOMER-000867
SYNTH-INT-000868,SYNTH-ORDER-000868,2026-01-14T13:53:14Z,1896.81,USD,CAPTURED,WALLET_SYNTHETIC,SYNTH-CUSTOMER-000868
SYNTH-INT-000869,SYNTH-ORDER-000869,2026-01-01T16:21:07Z,2480.9,USD,CAPTURED,TRANSFER_SYNTHETIC,SYNTH-CUSTOMER-000869
SYNTH-INT-000870,SYNTH-ORDER-000870,2026-01-02T18:31:01Z,2369.58,EUR,CAPTURED,CARD_SYNTHETIC,SYNTH-CUSTOMER-000870
SYNTH-INT-000871,SYNTH-ORDER-000871,2026-01-03T20:51:10Z,2348.33,GBP,PARTIALLY_REFUNDED,WALLET_SYNTHETIC,SYNTH-CUSTOMER-000871
SYNTH-INT-000872,SYNTH-ORDER-000872,2026-01-04T22:45:22Z,2330.98,USD,CAPTURED,TRANSFER_SYNTHETIC,SYNTH-CUSTOMER-000872
SYNTH-INT-000873,SYNTH-ORDER-000873,2026-01-05T01:17:09Z,335.56,USD,CAPTURED,CARD_SYNTHETIC,SYNTH-CUSTOMER-000873
SYNTH-INT-000874,SYNTH-ORDER-000874,2026-01-06T03:20:34Z,1215.7,USD,CAPTURED,WALLET_SYNTHETIC,SYNTH-CUSTOMER-000874
SYNTH-INT-000875,SYNTH-ORDER-000875,2026-01-07T05:32:08Z,1605.02,USD,CAPTURED,TRANSFER_SYNTHETIC,SYNTH-CUSTOMER-000875
SYNTH-INT-000876,SYNTH-ORDER-000876,2026-01-08T07:06:14Z,557.58,USD,CAPTURED,CARD_SYNTHETIC,SYNTH-CUSTOMER-000876
SYNTH-INT-000877,SYNTH-ORDER-000877,2026-01-09T09:40:58Z,2168.86,USD,CAPTURED,WALLET_SYNTHETIC,SYNTH-CUSTOMER-000877
SYNTH-INT-000878,SYNTH-ORDER-000878,2026-01-10T11:47:56Z,394.83,USD,CAPTURED,TRANSFER_SYNTHETIC,SYNTH-CUSTOMER-000878
SYNTH-INT-000879,SYNTH-ORDER-000879,2026-01-11T14:08:30Z,85.57,USD,CAPTURED,CARD_SYNTHETIC,SYNTH-CUSTOMER-000879
SYNTH-INT-000880,SYNTH-ORDER-000880,2026-01-12T15:57:03Z,113.44,EUR,CAPTURED,WALLET_SYNTHETIC,SYNTH-CUSTOMER-000880
SYNTH-INT-000881,SYNTH-ORDER-000881,2026-01-13T18:27:38Z,1001.11,GBP,PARTIALLY_REFUNDED,TRANSFER_SYNTHETIC,SYNTH-CUSTOMER-000881
SYNTH-INT-000882,SYNTH-ORDER-000882,2026-01-14T20:50:11Z,2223.6,USD,CAPTURED,CARD_SYNTHETIC,SYNTH-CUSTOMER-000882
SYNTH-INT-000883,SYNTH-ORDER-000883,2026-01-01T23:01:43Z,1823.75,USD,CAPTURED,WALLET_SYNTHETIC,SYNTH-CUSTOMER-000883
SYNTH-INT-000884,SYNTH-ORDER-000884,2026-01-02T01:15:48Z,735.46,USD,CAPTURED,TRANSFER_SYNTHETIC,SYNTH-CUSTOMER-000884
SYNTH-INT-000885,SYNTH-ORDER-000885,2026-01-03T03:35:48Z,2045.81,USD,CAPTURED,CARD_SYNTHETIC,SYNTH-CUSTOMER-000885
SYNTH-INT-000886,SYNTH-ORDER-000886,2026-01-04T05:21:44Z,1843.92,USD,CAPTURED,WALLET_SYNTHETIC,SYNTH-CUSTOMER-000886
SYNTH-INT-000887,SYNTH-ORDER-000887,2026-01-05T07:14:57Z,1964.34,USD,CAPTURED,TRANSFER_SYNTHETIC,SYNTH-CUSTOMER-000887
SYNTH-INT-000888,SYNTH-ORDER-000888,2026-01-06T09:42:00Z,993.25,USD,CAPTURED,CARD_SYNTHETIC,SYNTH-CUSTOMER-000888
SYNTH-INT-000889,SYNTH-ORDER-000889,2026-01-07T12:20:14Z,974.31,USD,CAPTURED,WALLET_SYNTHETIC,SYNTH-CUSTOMER-000889
SYNTH-INT-000890,SYNTH-ORDER-000890,2026-01-08T14:10:11Z,511.71,EUR,CAPTURED,TRANSFER_SYNTHETIC,SYNTH-CUSTOMER-000890
SYNTH-INT-000891,SYNTH-ORDER-000891,2026-01-09T16:06:34Z,1864.24,GBP,CAPTURED,CARD_SYNTHETIC,SYNTH-CUSTOMER-000891
SYNTH-INT-000892,SYNTH-ORDER-000892,2026-01-10T18:39:43Z,1935.98,USD,CAPTURED,WALLET_SYNTHETIC,SYNTH-CUSTOMER-000892
SYNTH-INT-000893,SYNTH-ORDER-000893,2026-01-11T21:19:16Z,1808.05,USD,CAPTURED,TRANSFER_SYNTHETIC,SYNTH-CUSTOMER-000893
SYNTH-INT-000894,SYNTH-ORDER-000894,2026-01-12T23:21:26Z,2447.95,USD,CAPTURED,CARD_SYNTHETIC,SYNTH-CUSTOMER-000894
SYNTH-INT-000895,SYNTH-ORDER-000895,2026-01-13T01:22:41Z,646.74,USD,CAPTURED,WALLET_SYNTHETIC,SYNTH-CUSTOMER-000895
SYNTH-INT-000896,SYNTH-ORDER-000896,2026-01-14T03:28:42Z,1530.95,USD,CAPTURED,TRANSFER_SYNTHETIC,SYNTH-CUSTOMER-000896
SYNTH-INT-000896,SYNTH-ORDER-000896,2026-01-14T03:28:42Z,1530.95,USD,CAPTURED,TRANSFER_SYNTHETIC,SYNTH-CUSTOMER-000896
SYNTH-INT-000897,SYNTH-ORDER-000897,2026-01-01T06:00:36Z,373.69,USD,CAPTURED,CARD_SYNTHETIC,SYNTH-CUSTOMER-000897
SYNTH-INT-000898,SYNTH-ORDER-000898,2026-01-02T07:21:05Z,2370.52,USD,REFUNDED,WALLET_SYNTHETIC,SYNTH-CUSTOMER-000898
SYNTH-INT-000899,SYNTH-ORDER-000899,2026-01-03T10:31:28Z,1460.54,USD,CAPTURED,TRANSFER_SYNTHETIC,SYNTH-CUSTOMER-000899
SYNTH-INT-000900,SYNTH-ORDER-000900,2026-01-04T12:07:23Z,1267.34,EUR,CAPTURED,CARD_SYNTHETIC,SYNTH-CUSTOMER-000900
SYNTH-INT-000901,SYNTH-ORDER-000901,2026-01-05T13:58:55Z,2112.72,GBP,CAPTURED,WALLET_SYNTHETIC,SYNTH-CUSTOMER-000901
SYNTH-INT-000902,SYNTH-ORDER-000902,2026-01-06T16:24:13Z,699.68,USD,CAPTURED,TRANSFER_SYNTHETIC,SYNTH-CUSTOMER-000902
SYNTH-INT-000903,SYNTH-ORDER-000903,2026-01-07T18:53:49Z,1213.06,USD,CAPTURED,CARD_SYNTHETIC,SYNTH-CUSTOMER-000903
SYNTH-INT-000904,SYNTH-ORDER-000904,2026-01-08T20:38:36Z,1255.8,USD,CAPTURED,WALLET_SYNTHETIC,SYNTH-CUSTOMER-000904
SYNTH-INT-000905,SYNTH-ORDER-000905,2026-01-09T22:46:42Z,1351.66,USD,CAPTURED,TRANSFER_SYNTHETIC,SYNTH-CUSTOMER-000905
SYNTH-INT-000906,SYNTH-ORDER-000906,2026-01-10T01:15:59Z,1863.47,USD,CAPTURED,CARD_SYNTHETIC,SYNTH-CUSTOMER-000906
SYNTH-INT-000907,SYNTH-ORDER-000907,2026-01-11T03:58:47Z,998.64,USD,CAPTURED,WALLET_SYNTHETIC,SYNTH-CUSTOMER-000907
SYNTH-INT-000908,SYNTH-ORDER-000908,2026-01-12T06:15:54Z,2177.55,USD,CAPTURED,TRANSFER_SYNTHETIC,SYNTH-CUSTOMER-000908
SYNTH-INT-000909,SYNTH-ORDER-000909,2026-01-13T08:23:48Z,1129.57,USD,CAPTURED,CARD_SYNTHETIC,SYNTH-CUSTOMER-000909
SYNTH-INT-000910,SYNTH-ORDER-000910,2026-01-14T10:19:53Z,862.82,EUR,CAPTURED,WALLET_SYNTHETIC,SYNTH-CUSTOMER-000910
SYNTH-INT-000911,SYNTH-ORDER-000911,2026-01-01T12:32:44Z,796.22,GBP,CAPTURED,TRANSFER_SYNTHETIC,SYNTH-CUSTOMER-000911
SYNTH-INT-000912,SYNTH-ORDER-000912,2026-01-02T14:15:41Z,664.89,USD,PARTIALLY_REFUNDED,CARD_SYNTHETIC,SYNTH-CUSTOMER-000912
SYNTH-INT-000913,SYNTH-ORDER-000913,2026-01-03T16:59:06Z,2126.34,USD,CAPTURED,WALLET_SYNTHETIC,SYNTH-CUSTOMER-000913
SYNTH-INT-000914,SYNTH-ORDER-000914,2026-01-04T19:03:29Z,192.78,USD,CAPTURED,TRANSFER_SYNTHETIC,SYNTH-CUSTOMER-000914
SYNTH-INT-000915,SYNTH-ORDER-000915,2026-01-05T20:54:11Z,1999.24,USD,CAPTURED,CARD_SYNTHETIC,SYNTH-CUSTOMER-000915
SYNTH-INT-000916,SYNTH-ORDER-000916,2026-01-06T23:14:14Z,720.22,USD,CAPTURED,WALLET_SYNTHETIC,SYNTH-CUSTOMER-000916
SYNTH-INT-000917,SYNTH-ORDER-000917,2026-01-07T02:08:06Z,1380.99,USD,CAPTURED,TRANSFER_SYNTHETIC,SYNTH-CUSTOMER-000917
SYNTH-INT-000918,SYNTH-ORDER-000918,2026-01-08T03:38:59Z,1523.19,USD,CAPTURED,CARD_SYNTHETIC,SYNTH-CUSTOMER-000918
SYNTH-INT-000919,SYNTH-ORDER-000919,2026-01-09T06:15:35Z,2028.85,USD,CAPTURED,WALLET_SYNTHETIC,SYNTH-CUSTOMER-000919
SYNTH-INT-000920,SYNTH-ORDER-000920,2026-01-10T08:30:56Z,1344.26,EUR,CAPTURED,TRANSFER_SYNTHETIC,SYNTH-CUSTOMER-000920
SYNTH-INT-000921,SYNTH-ORDER-000921,2026-01-11T10:38:29Z,1562.2,GBP,CAPTURED,CARD_SYNTHETIC,SYNTH-CUSTOMER-000921
SYNTH-INT-000922,SYNTH-ORDER-000922,2026-01-12T12:47:21Z,1660.32,USD,CAPTURED,WALLET_SYNTHETIC,SYNTH-CUSTOMER-000922
SYNTH-INT-000923,SYNTH-ORDER-000923,2026-01-13T14:59:44Z,2303.59,USD,CAPTURED,TRANSFER_SYNTHETIC,SYNTH-CUSTOMER-000923
SYNTH-INT-000924,SYNTH-ORDER-000924,2026-01-14T17:08:18Z,692.78,USD,CAPTURED,CARD_SYNTHETIC,SYNTH-CUSTOMER-000924
SYNTH-INT-000925,SYNTH-ORDER-000925,2026-01-01T18:49:58Z,1412.34,USD,CAPTURED,WALLET_SYNTHETIC,SYNTH-CUSTOMER-000925
SYNTH-INT-000926,SYNTH-ORDER-000926,2026-01-02T21:29:34Z,1743.14,USD,CAPTURED,TRANSFER_SYNTHETIC,SYNTH-CUSTOMER-000926
SYNTH-INT-000927,SYNTH-ORDER-000927,2026-01-03T23:44:42Z,898.59,USD,CAPTURED,CARD_SYNTHETIC,SYNTH-CUSTOMER-000927
SYNTH-INT-000928,SYNTH-ORDER-000928,2026-01-04T01:49:35Z,1025.76,USD,CAPTURED,WALLET_SYNTHETIC,SYNTH-CUSTOMER-000928
SYNTH-INT-000929,SYNTH-ORDER-000929,2026-01-05T04:01:48Z,701.47,USD,REFUNDED,TRANSFER_SYNTHETIC,SYNTH-CUSTOMER-000929
SYNTH-INT-000930,SYNTH-ORDER-000930,2026-01-06T06:34:06Z,1223.0,EUR,CAPTURED,CARD_SYNTHETIC,SYNTH-CUSTOMER-000930
SYNTH-INT-000931,SYNTH-ORDER-000931,2026-01-07T08:31:40Z,673.63,GBP,CAPTURED,WALLET_SYNTHETIC,SYNTH-CUSTOMER-000931
SYNTH-INT-000932,SYNTH-ORDER-000932,2026-01-08T10:53:43Z,1154.96,USD,CAPTURED,TRANSFER_SYNTHETIC,SYNTH-CUSTOMER-000932
SYNTH-INT-000933,SYNTH-ORDER-000933,2026-01-09T13:05:50Z,221.56,USD,CAPTURED,CARD_SYNTHETIC,SYNTH-CUSTOMER-000933
SYNTH-INT-000934,SYNTH-ORDER-000934,2026-01-10T15:17:02Z,311.74,USD,CAPTURED,WALLET_SYNTHETIC,SYNTH-CUSTOMER-000934
SYNTH-INT-000935,SYNTH-ORDER-000935,2026-01-11T17:32:20Z,329.74,USD,CAPTURED,TRANSFER_SYNTHETIC,SYNTH-CUSTOMER-000935
SYNTH-INT-000936,SYNTH-ORDER-000936,2026-01-12T19:31:16Z,769.31,USD,CAPTURED,CARD_SYNTHETIC,SYNTH-CUSTOMER-000936
SYNTH-INT-000937,SYNTH-ORDER-000937,2026-01-13T21:33:59Z,1694.21,USD,CAPTURED,WALLET_SYNTHETIC,SYNTH-CUSTOMER-000937
SYNTH-INT-000938,SYNTH-ORDER-000938,2026-01-14T23:51:45Z,1881.46,USD,CAPTURED,TRANSFER_SYNTHETIC,SYNTH-CUSTOMER-000938
SYNTH-INT-000939,SYNTH-ORDER-000939,2026-01-01T02:17:44Z,1049.93,USD,CAPTURED,CARD_SYNTHETIC,SYNTH-CUSTOMER-000939
SYNTH-INT-000940,SYNTH-ORDER-000940,2026-01-02T04:27:19Z,1592.93,EUR,CAPTURED,WALLET_SYNTHETIC,SYNTH-CUSTOMER-000940
SYNTH-INT-000941,SYNTH-ORDER-000941,2026-01-03T06:30:56Z,411.28,GBP,CAPTURED,TRANSFER_SYNTHETIC,SYNTH-CUSTOMER-000941
SYNTH-INT-000942,SYNTH-ORDER-000942,2026-01-04T08:32:03Z,2486.57,USD,CAPTURED,CARD_SYNTHETIC,SYNTH-CUSTOMER-000942
SYNTH-INT-000943,SYNTH-ORDER-000943,2026-01-05T10:41:57Z,716.63,USD,CAPTURED,WALLET_SYNTHETIC,SYNTH-CUSTOMER-000943
SYNTH-INT-000944,SYNTH-ORDER-000944,2026-01-06T12:46:47Z,1844.5,USD,CAPTURED,TRANSFER_SYNTHETIC,SYNTH-CUSTOMER-000944
SYNTH-INT-000945,SYNTH-ORDER-000945,2026-01-07T14:56:34Z,148.65,USD,CAPTURED,CARD_SYNTHETIC,SYNTH-CUSTOMER-000945
SYNTH-INT-000946,SYNTH-ORDER-000946,2026-01-08T17:32:36Z,2473.92,USD,CAPTURED,WALLET_SYNTHETIC,SYNTH-CUSTOMER-000946
SYNTH-INT-000947,SYNTH-ORDER-000947,2026-01-09T19:48:46Z,41.4,USD,CAPTURED,TRANSFER_SYNTHETIC,SYNTH-CUSTOMER-000947
SYNTH-INT-000948,SYNTH-ORDER-000948,2026-01-10T22:06:57Z,2400.18,USD,CAPTURED,CARD_SYNTHETIC,SYNTH-CUSTOMER-000948
SYNTH-INT-000949,SYNTH-ORDER-000949,2026-01-11T00:18:04Z,2383.04,USD,CAPTURED,WALLET_SYNTHETIC,SYNTH-CUSTOMER-000949
SYNTH-INT-000950,SYNTH-ORDER-000950,2026-01-12T02:07:13Z,2473.9,EUR,CAPTURED,TRANSFER_SYNTHETIC,SYNTH-CUSTOMER-000950
SYNTH-INT-000951,SYNTH-ORDER-000951,2026-01-13T04:38:37Z,2058.73,GBP,CAPTURED,CARD_SYNTHETIC,SYNTH-CUSTOMER-000951
SYNTH-INT-000952,SYNTH-ORDER-000952,2026-01-14T07:03:50Z,2423.0,USD,CAPTURED,WALLET_SYNTHETIC,SYNTH-CUSTOMER-000952
SYNTH-INT-000953,SYNTH-ORDER-000953,2026-01-01T08:49:27Z,849.21,USD,CAPTURED,TRANSFER_SYNTHETIC,SYNTH-CUSTOMER-000953
SYNTH-INT-000954,SYNTH-ORDER-000954,2026-01-02T10:39:12Z,191.72,USD,CAPTURED,CARD_SYNTHETIC,SYNTH-CUSTOMER-000954
SYNTH-INT-000955,SYNTH-ORDER-000955,2026-01-03T13:40:19Z,1615.86,USD,CAPTURED,WALLET_SYNTHETIC,SYNTH-CUSTOMER-000955
SYNTH-INT-000956,SYNTH-ORDER-000956,2026-01-04T15:31:12Z,1709.24,USD,CAPTURED,TRANSFER_SYNTHETIC,SYNTH-CUSTOMER-000956
SYNTH-INT-000957,SYNTH-ORDER-000957,2026-01-05T17:14:57Z,815.7,USD,CAPTURED,CARD_SYNTHETIC,SYNTH-CUSTOMER-000957
SYNTH-INT-000958,SYNTH-ORDER-000958,2026-01-06T20:19:43Z,1060.39,USD,CAPTURED,WALLET_SYNTHETIC,SYNTH-CUSTOMER-000958
SYNTH-INT-000959,SYNTH-ORDER-000959,2026-01-07T22:03:18Z,1660.49,USD,CAPTURED,TRANSFER_SYNTHETIC,SYNTH-CUSTOMER-000959
SYNTH-INT-000960,SYNTH-ORDER-000960,2026-01-08T23:54:14Z,333.63,EUR,CAPTURED,CARD_SYNTHETIC,SYNTH-CUSTOMER-000960
SYNTH-INT-000961,SYNTH-ORDER-000961,2026-01-09T02:35:54Z,296.55,GBP,CAPTURED,WALLET_SYNTHETIC,SYNTH-CUSTOMER-000961
SYNTH-INT-000962,SYNTH-ORDER-000962,2026-01-10T04:13:06Z,1142.16,USD,CAPTURED,TRANSFER_SYNTHETIC,SYNTH-CUSTOMER-000962
SYNTH-INT-000963,SYNTH-ORDER-000963,2026-01-11T07:17:53Z,30.89,USD,CAPTURED,CARD_SYNTHETIC,SYNTH-CUSTOMER-000963
SYNTH-INT-000964,SYNTH-ORDER-000964,2026-01-12T09:09:35Z,2370.34,USD,CAPTURED,WALLET_SYNTHETIC,SYNTH-CUSTOMER-000964
SYNTH-INT-000965,SYNTH-ORDER-000965,2026-01-13T10:52:25Z,1976.69,USD,CAPTURED,TRANSFER_SYNTHETIC,SYNTH-CUSTOMER-000965
SYNTH-INT-000966,SYNTH-ORDER-000966,2026-01-14T13:41:54Z,1501.12,USD,CAPTURED,CARD_SYNTHETIC,SYNTH-CUSTOMER-000966
SYNTH-INT-000967,SYNTH-ORDER-000967,2026-01-01T15:28:15Z,406.11,USD,CAPTURED,WALLET_SYNTHETIC,SYNTH-CUSTOMER-000967
SYNTH-INT-000968,SYNTH-ORDER-000968,2026-01-02T17:44:23Z,2055.44,USD,CAPTURED,TRANSFER_SYNTHETIC,SYNTH-CUSTOMER-000968
SYNTH-INT-000969,SYNTH-ORDER-000969,2026-01-03T19:53:01Z,1466.89,USD,CAPTURED,CARD_SYNTHETIC,SYNTH-CUSTOMER-000969
SYNTH-INT-000970,SYNTH-ORDER-000970,2026-01-04T21:53:44Z,1956.65,EUR,CAPTURED,WALLET_SYNTHETIC,SYNTH-CUSTOMER-000970
SYNTH-INT-000971,SYNTH-ORDER-000971,2026-01-05T23:56:10Z,345.23,GBP,CAPTURED,TRANSFER_SYNTHETIC,SYNTH-CUSTOMER-000971
SYNTH-INT-000972,SYNTH-ORDER-000972,2026-01-06T02:48:34Z,458.25,USD,CAPTURED,CARD_SYNTHETIC,SYNTH-CUSTOMER-000972
SYNTH-INT-000973,SYNTH-ORDER-000973,2026-01-07T04:54:46Z,1404.71,USD,CAPTURED,WALLET_SYNTHETIC,SYNTH-CUSTOMER-000973
SYNTH-INT-000974,SYNTH-ORDER-000974,2026-01-08T07:06:05Z,1977.38,USD,CAPTURED,TRANSFER_SYNTHETIC,SYNTH-CUSTOMER-000974
SYNTH-INT-000975,SYNTH-ORDER-000975,2026-01-09T09:17:09Z,1668.19,USD,CAPTURED,CARD_SYNTHETIC,SYNTH-CUSTOMER-000975
SYNTH-INT-000976,SYNTH-ORDER-000976,2026-01-10T11:31:35Z,621.58,USD,CAPTURED,WALLET_SYNTHETIC,SYNTH-CUSTOMER-000976
SYNTH-INT-000977,SYNTH-ORDER-000977,2026-01-11T13:34:32Z,2334.73,USD,CAPTURED,TRANSFER_SYNTHETIC,SYNTH-CUSTOMER-000977
SYNTH-INT-000978,SYNTH-ORDER-000978,2026-01-12T15:39:21Z,1327.88,USD,CAPTURED,CARD_SYNTHETIC,SYNTH-CUSTOMER-000978
SYNTH-INT-000979,SYNTH-ORDER-000979,2026-01-13T18:20:22Z,2187.69,USD,CAPTURED,WALLET_SYNTHETIC,SYNTH-CUSTOMER-000979
SYNTH-INT-000980,SYNTH-ORDER-000980,2026-01-14T20:38:17Z,971.85,EUR,CAPTURED,TRANSFER_SYNTHETIC,SYNTH-CUSTOMER-000980
SYNTH-INT-000981,SYNTH-ORDER-000981,2026-01-01T22:51:11Z,1487.31,GBP,CAPTURED,CARD_SYNTHETIC,SYNTH-CUSTOMER-000981
SYNTH-INT-000982,SYNTH-ORDER-000982,2026-01-02T01:00:20Z,2170.72,USD,CAPTURED,WALLET_SYNTHETIC,SYNTH-CUSTOMER-000982
SYNTH-INT-000983,SYNTH-ORDER-000983,2026-01-03T02:56:36Z,2353.33,USD,CAPTURED,TRANSFER_SYNTHETIC,SYNTH-CUSTOMER-000983
SYNTH-INT-000984,SYNTH-ORDER-000984,2026-01-04T04:47:07Z,299.7,USD,CAPTURED,CARD_SYNTHETIC,SYNTH-CUSTOMER-000984
SYNTH-INT-000985,SYNTH-ORDER-000985,2026-01-05T06:49:15Z,2499.8,USD,CAPTURED,WALLET_SYNTHETIC,SYNTH-CUSTOMER-000985
SYNTH-INT-000986,SYNTH-ORDER-000986,2026-01-06T09:01:43Z,303.46,USD,CAPTURED,TRANSFER_SYNTHETIC,SYNTH-CUSTOMER-000986
SYNTH-INT-000987,SYNTH-ORDER-000987,2026-01-07T11:43:38Z,1780.67,USD,CAPTURED,CARD_SYNTHETIC,SYNTH-CUSTOMER-000987
SYNTH-INT-000988,SYNTH-ORDER-000988,2026-01-08T13:22:11Z,990.99,USD,CAPTURED,WALLET_SYNTHETIC,SYNTH-CUSTOMER-000988
SYNTH-INT-000989,SYNTH-ORDER-000989,2026-01-09T15:49:08Z,1495.87,USD,PARTIALLY_REFUNDED,TRANSFER_SYNTHETIC,SYNTH-CUSTOMER-000989
SYNTH-INT-000990,SYNTH-ORDER-000990,2026-01-10T18:31:58Z,2151.51,EUR,CAPTURED,CARD_SYNTHETIC,SYNTH-CUSTOMER-000990
SYNTH-INT-000991,SYNTH-ORDER-000991,2026-01-11T20:29:30Z,977.86,GBP,CAPTURED,WALLET_SYNTHETIC,SYNTH-CUSTOMER-000991
SYNTH-INT-000992,SYNTH-ORDER-000992,2026-01-12T22:58:10Z,2225.95,USD,CAPTURED,TRANSFER_SYNTHETIC,SYNTH-CUSTOMER-000992
SYNTH-INT-000993,SYNTH-ORDER-000993,2026-01-13T00:43:05Z,969.94,USD,CAPTURED,CARD_SYNTHETIC,SYNTH-CUSTOMER-000993
SYNTH-INT-000994,SYNTH-ORDER-000994,2026-01-14T03:02:40Z,548.24,USD,CAPTURED,WALLET_SYNTHETIC,SYNTH-CUSTOMER-000994
SYNTH-INT-000995,SYNTH-ORDER-000995,2026-01-01T04:57:26Z,1906.98,USD,REFUNDED,TRANSFER_SYNTHETIC,SYNTH-CUSTOMER-000995
SYNTH-INT-000996,SYNTH-ORDER-000996,2026-01-02T07:22:11Z,1177.99,USD,CAPTURED,CARD_SYNTHETIC,SYNTH-CUSTOMER-000996
SYNTH-INT-000997,SYNTH-ORDER-000997,2026-01-03T09:11:37Z,1860.07,USD,CAPTURED,WALLET_SYNTHETIC,SYNTH-CUSTOMER-000997
SYNTH-INT-000998,SYNTH-ORDER-000998,2026-01-04T12:17:39Z,1051.23,USD,CAPTURED,TRANSFER_SYNTHETIC,SYNTH-CUSTOMER-000998
SYNTH-INT-000999,SYNTH-ORDER-000999,2026-01-05T13:44:06Z,2350.64,USD,CAPTURED,CARD_SYNTHETIC,SYNTH-CUSTOMER-000999
SYNTH-INT-001000,SYNTH-ORDER-001000,2026-01-06T16:27:19Z,1943.93,EUR,CAPTURED,WALLET_SYNTHETIC,SYNTH-CUSTOMER-001000
