processor_transaction_id,merchant_order_id,processor_event_type,processor_event_time,gross_amount,fee_amount,net_amount,currency,settlement_batch_id,processor_status
SYNTH-PROC-000001,SYNTH-ORDER-000001,CAPTURE,2026-01-01T02:37:44Z,1278.74,37.38,1241.36,GBP,SYNTH-BATCH-GBP-2026-01-03-0000,SETTLED
SYNTH-PROC-000002,SYNTH-ORDER-000002,CAPTURE,2026-01-02T05:18:40Z,959.03,28.11,930.92,USD,SYNTH-BATCH-USD-2026-01-04-0000,SETTLED
SYNTH-PROC-000003,SYNTH-ORDER-000003,CAPTURE,2026-01-03T07:14:48Z,1304.44,38.13,1266.31,USD,SYNTH-BATCH-USD-2026-01-05-0000,SETTLED
SYNTH-PROC-000004,SYNTH-ORDER-000004,CAPTURE,2026-01-04T09:10:30Z,1506.47,43.99,1462.48,USD,SYNTH-BATCH-USD-2026-01-06-0000,SETTLED
SYNTH-PROC-000005,SYNTH-ORDER-000005,CAPTURE,2026-01-05T11:18:02Z,2052.98,59.84,1993.14,USD,SYNTH-BATCH-LATE-000005,SETTLED
SYNTH-PROC-000006,SYNTH-ORDER-000006,CAPTURE,2026-01-06T14:12:17Z,2487.43,72.44,2414.99,USD,SYNTH-BATCH-USD-2026-01-08-0000,SETTLED
SYNTH-PROC-000007,SYNTH-ORDER-000007,CAPTURE,2026-01-07T15:46:20Z,765.03,22.49,742.54,USD,SYNTH-BATCH-USD-2026-01-09-0000,SETTLED
SYNTH-PROC-000008,SYNTH-ORDER-000008,CAPTURE,2026-01-08T18:30:17Z,2425.32,70.63,2354.69,USD,SYNTH-BATCH-USD-2026-01-10-0000,SETTLED
SYNTH-PROC-000009,SYNTH-ORDER-000009,CAPTURE,2026-01-09T20:45:01Z,335.41,10.03,325.38,USD,SYNTH-BATCH-USD-2026-01-11-0000,SETTLED
SYNTH-PROC-000010,SYNTH-ORDER-000010,CAPTURE,2026-01-10T22:48:14Z,2485.50,72.38,2413.12,EUR,SYNTH-BATCH-EUR-2026-01-12-0000,SETTLED
SYNTH-PROC-000011,SYNTH-ORDER-000011,CAPTURE,2026-01-11T00:58:49Z,2445.44,71.22,2374.22,GBP,SYNTH-BATCH-GBP-2026-01-13-0000,SETTLED
SYNTH-PROC-000012,SYNTH-ORDER-000012,CAPTURE,2026-01-12T03:18:12Z,2081.43,61.03,2020.4,USD,SYNTH-BATCH-USD-2026-01-14-0000,SETTLED
SYNTH-PROC-000013,SYNTH-ORDER-000013,CAPTURE,2026-01-13T05:05:39Z,913.23,26.78,886.45,USD,SYNTH-BATCH-USD-2026-01-15-0000,SETTLED
SYNTH-PROC-000014,SYNTH-ORDER-000014,CAPTURE,2026-01-14T07:06:01Z,337.01,10.07,326.94,USD,SYNTH-BATCH-USD-2026-01-16-0000,SETTLED
SYNTH-PROC-000015,SYNTH-ORDER-000015,CAPTURE,2026-01-01T09:48:10Z,2300.72,67.02,2233.7,USD,SYNTH-BATCH-USD-2026-01-03-0000,SETTLED
SYNTH-PROC-000017,SYNTH-ORDER-000017,CAPTURE,2026-01-03T13:41:42Z,761.14,22.37,738.77,USD,SYNTH-BATCH-USD-2026-01-05-0000,SETTLED
SYNTH-PROC-000018,SYNTH-ORDER-000018,CAPTURE,2026-01-04T16:43:03Z,1163.21,34.03,1129.18,USD,SYNTH-BATCH-USD-2026-01-06-0000,SETTLED
SYNTH-PROC-000019,SYNTH-ORDER-000019,CAPTURE,2026-01-05T18:52:37Z,1073.80,31.44,1042.36,USD,SYNTH-BATCH-USD-2026-01-07-0000,SETTLED
SYNTH-PROC-000020,SYNTH-ORDER-000020,CAPTURE,2026-01-06T20:29:42Z,48.73,1.71,47.02,EUR,SYNTH-BATCH-EUR-2026-01-08-0000,SETTLED
SYNTH-PROC-000021,SYNTH-ORDER-000021,CAPTURE,2026-01-07T22:32:47Z,729.25,21.45,707.8,GBP,SYNTH-BATCH-GBP-2026-01-09-0000,SETTLED
SYNTH-PROC-000022,SYNTH-ORDER-000022,CAPTURE,2026-01-08T00:38:02Z,1387.06,40.52,1346.54,USD,SYNTH-BATCH-USD-2026-01-10-0000,SETTLED
SYNTH-PROC-000023,SYNTH-ORDER-000023,CAPTURE,2026-01-09T02:51:02Z,1437.16,41.98,1395.18,USD,SYNTH-BATCH-USD-2026-01-11-0000,SETTLED
SYNTH-PROC-000023-REFUND,SYNTH-ORDER-000023,REFUND,2026-01-10T02:41:02Z,-718.58,0.0,-718.58,USD,SYNTH-BATCH-REFUND-000023,SETTLED
SYNTH-PROC-000024,SYNTH-ORDER-000024,CAPTURE,2026-01-10T05:38:03Z,1268.90,37.1,1231.8,USD,SYNTH-BATCH-USD-2026-01-12-0000,SETTLED
SYNTH-PROC-000025,SYNTH-ORDER-000025,CAPTURE,2026-01-11T07:32:22Z,1602.31,46.77,1555.54,USD,SYNTH-BATCH-USD-2026-01-13-0000,SETTLED
SYNTH-PROC-000026,SYNTH-ORDER-000026,CAPTURE,2026-01-12T09:53:38Z,2124.09,61.9,2062.19,USD,SYNTH-BATCH-USD-2026-01-14-0000,SETTLED
SYNTH-PROC-000027,SYNTH-ORDER-000027,CAPTURE,2026-01-13T11:55:06Z,2255.68,65.71,2189.97,USD,SYNTH-BATCH-USD-2026-01-15-0000,SETTLED
SYNTH-PROC-000028,SYNTH-ORDER-000028,CAPTURE,2026-01-14T14:40:33Z,1215.62,35.55,1180.07,USD,SYNTH-BATCH-USD-2026-01-16-0000,SETTLED
SYNTH-PROC-000028-REFUND,SYNTH-ORDER-000028,REFUND,2026-01-15T14:30:33Z,-607.81,0.0,-607.81,USD,SYNTH-BATCH-REFUND-000028,SETTLED
SYNTH-PROC-000029,SYNTH-ORDER-000029,CAPTURE,2026-01-01T16:45:28Z,2232.77,65.05,2167.72,USD,SYNTH-BATCH-USD-2026-01-03-0000,SETTLED
SYNTH-PROC-000030,SYNTH-ORDER-000030,CAPTURE,2026-01-02T18:26:47Z,1815.34,52.94,1762.4,EUR,SYNTH-BATCH-DUPLICATE-000030,SETTLED
SYNTH-PROC-000031,SYNTH-ORDER-000031,CAPTURE,2026-01-03T20:34:20Z,571.97,16.89,555.08,USD,SYNTH-BATCH-CURRENCY-000031,SETTLED
SYNTH-PROC-000032,SYNTH-ORDER-000032,CAPTURE,2026-01-04T22:39:57Z,1173.13,34.32,1138.81,USD,SYNTH-BATCH-USD-2026-01-06-0000,SETTLED
SYNTH-PROC-000033,SYNTH-ORDER-000033,CAPTURE,2026-01-05T00:51:28Z,1959.72,57.13,1902.59,USD,SYNTH-BATCH-USD-2026-01-07-0000,SETTLED
SYNTH-PROC-000034,SYNTH-ORDER-000034,CAPTURE,2026-01-06T03:20:33Z,1682.53,49.09,1633.44,USD,SYNTH-BATCH-USD-2026-01-08-0000,SETTLED
SYNTH-PROC-000035,SYNTH-ORDER-000035,CAPTURE,2026-01-07T05:52:56Z,440.56,13.08,427.48,USD,SYNTH-BATCH-LATE-000035,SETTLED
SYNTH-PROC-000036,SYNTH-ORDER-000036,CAPTURE,2026-01-08T07:22:57Z,1204.12,35.22,1168.9,USD,SYNTH-BATCH-USD-2026-01-10-0000,SETTLED
SYNTH-PROC-000037,SYNTH-ORDER-000037,CAPTURE,2026-01-09T10:25:45Z,1174.22,34.35,1139.87,USD,SYNTH-BATCH-USD-2026-01-11-0000,SETTLED
SYNTH-PROC-000038,SYNTH-ORDER-000038,CAPTURE,2026-01-10T12:34:56Z,1871.76,54.58,1817.18,USD,SYNTH-BATCH-USD-2026-01-12-0000,SETTLED
SYNTH-PROC-000039,SYNTH-ORDER-000039,CAPTURE,2026-01-11T14:01:28Z,722.00,21.24,700.76,USD,SYNTH-BATCH-USD-2026-01-13-0000,SETTLED
SYNTH-PROC-000040,SYNTH-ORDER-000040,CAPTURE,2026-01-12T16:59:57Z,445.09,13.21,431.88,EUR,SYNTH-BATCH-EUR-2026-01-14-0000,SETTLED
SYNTH-PROC-000041,SYNTH-ORDER-000041,CAPTURE,2026-01-13T18:32:29Z,2333.15,67.96,2265.19,USD,SYNTH-BATCH-CURRENCY-000041,SETTLED
SYNTH-PROC-000042,SYNTH-ORDER-000042,CAPTURE,2026-01-14T20:42:55Z,802.72,23.58,779.14,USD,SYNTH-BATCH-USD-2026-01-16-0000,SETTLED
SYNTH-PROC-000042,SYNTH-ORDER-000042,CAPTURE,2026-01-14T20:42:55Z,802.72,23.58,779.14,USD,SYNTH-BATCH-USD-2026-01-16-0000,SETTLED
SYNTH-PROC-000043,SYNTH-ORDER-000043,CAPTURE,2026-01-01T23:27:38Z,596.11,17.59,578.52,USD,SYNTH-BATCH-USD-2026-01-03-0000,SETTLED
SYNTH-PROC-000044,SYNTH-ORDER-000044,CAPTURE,2026-01-02T01:32:38Z,888.02,26.05,861.97,USD,SYNTH-BATCH-USD-2026-01-04-0000,SETTLED
SYNTH-PROC-000045,SYNTH-ORDER-000045,CAPTURE,2026-01-03T03:57:12Z,308.61,9.25,299.36,USD,SYNTH-BATCH-USD-2026-01-05-0000,SETTLED
SYNTH-PROC-000046,SYNTH-ORDER-000046,CAPTURE,2026-01-04T05:29:49Z,1365.15,39.89,1325.26,EUR,SYNTH-BATCH-CURRENCY-000046,SETTLED
SYNTH-PROC-000047,SYNTH-ORDER-000047,CAPTURE,2026-01-05T08:26:41Z,2191.81,63.86,2127.95,USD,SYNTH-BATCH-USD-2026-01-07-0000,SETTLED
SYNTH-PROC-000048,SYNTH-ORDER-000048,CAPTURE,2026-01-06T10:37:06Z,460.95,13.67,447.28,USD,SYNTH-BATCH-USD-2026-01-08-0000,SETTLED
SYNTH-PROC-000049,SYNTH-ORDER-000049,CAPTURE,2026-01-07T12:21:49Z,1040.18,30.47,1009.71,USD,SYNTH-BATCH-USD-2026-01-09-0000,SETTLED
SYNTH-PROC-000050,SYNTH-ORDER-000050,CAPTURE,2026-01-08T14:43:46Z,89.08,2.88,86.2,EUR,SYNTH-BATCH-EUR-2026-01-10-0000,SETTLED
SYNTH-PROC-000051,SYNTH-ORDER-000051,CAPTURE,2026-01-09T16:58:12Z,1615.84,47.16,1568.68,GBP,SYNTH-BATCH-GBP-2026-01-11-0000,SETTLED
SYNTH-PROC-000052,SYNTH-ORDER-000052,CAPTURE,2026-01-10T19:28:37Z,212.38,6.46,205.92,USD,SYNTH-BATCH-USD-2026-01-12-0000,SETTLED
SYNTH-PROC-000053,SYNTH-ORDER-000053,CAPTURE,2026-01-11T20:56:02Z,2297.97,66.94,2231.03,USD,SYNTH-BATCH-USD-2026-01-13-0000,SETTLED
SYNTH-PROC-000054,SYNTH-ORDER-000054,CAPTURE,2026-01-12T23:51:58Z,1077.69,31.55,1046.14,USD,SYNTH-BATCH-USD-2026-01-14-0000,SETTLED
SYNTH-PROC-000055,SYNTH-ORDER-000055,CAPTURE,2026-01-13T01:56:27Z,1653.82,48.26,1605.56,USD,SYNTH-BATCH-USD-2026-01-15-0000,SETTLED
SYNTH-PROC-000056,SYNTH-ORDER-000056,CAPTURE,2026-01-14T04:05:31Z,1581.67,46.17,1535.5,USD,SYNTH-BATCH-USD-2026-01-16-0000,SETTLED
SYNTH-PROC-000057,SYNTH-ORDER-000057,CAPTURE,2026-01-01T06:18:05Z,277.33,8.34,268.99,USD,SYNTH-BATCH-DUPLICATE-000057,SETTLED
SYNTH-PROC-000058,SYNTH-ORDER-000058,CAPTURE,2026-01-02T08:41:40Z,1903.21,55.49,1847.72,USD,SYNTH-BATCH-USD-2026-01-04-0000,SETTLED
SYNTH-PROC-000059,SYNTH-ORDER-000059,CAPTURE,2026-01-03T10:21:50Z,2495.80,72.68,2423.12,USD,SYNTH-BATCH-USD-2026-01-05-0000,SETTLED
SYNTH-PROC-000060,SYNTH-ORDER-000060,CAPTURE,2026-01-04T12:52:13Z,714.24,21.01,693.23,EUR,SYNTH-BATCH-EUR-2026-01-06-0000,SETTLED
SYNTH-PROC-000061,SYNTH-ORDER-000061,CAPTURE,2026-01-05T15:03:18Z,1271.68,37.18,1234.5,GBP,SYNTH-BATCH-GBP-2026-01-07-0000,SETTLED
SYNTH-PROC-000062,SYNTH-ORDER-000062,CAPTURE,2026-01-06T17:17:53Z,1839.72,53.65,1786.07,USD,SYNTH-BATCH-USD-2026-01-08-0000,SETTLED
SYNTH-PROC-000063,SYNTH-ORDER-000063,CAPTURE,2026-01-07T19:44:32Z,2472.32,72.0,2400.32,USD,SYNTH-BATCH-USD-2026-01-09-0000,SETTLED
SYNTH-PROC-000064,SYNTH-ORDER-000064,CAPTURE,2026-01-08T21:54:20Z,133.00,4.16,128.84,USD,SYNTH-BATCH-USD-2026-01-10-0000,SETTLED
SYNTH-PROC-000065,SYNTH-ORDER-000065,CAPTURE,2026-01-09T23:28:42Z,1473.40,43.03,1430.37,USD,SYNTH-BATCH-USD-2026-01-11-0000,SETTLED
SYNTH-PROC-000066,SYNTH-ORDER-000066,CAPTURE,2026-01-10T02:09:08Z,1256.12,36.73,1219.39,USD,SYNTH-BATCH-USD-2026-01-12-0000,SETTLED
SYNTH-PROC-000067,SYNTH-ORDER-000067,CAPTURE,2026-01-11T04:11:43Z,99.91,3.2,96.71,USD,SYNTH-BATCH-USD-2026-01-13-0000,SETTLED
SYNTH-PROC-000068,SYNTH-ORDER-000068,CAPTURE,2026-01-12T05:58:19Z,770.25,22.64,747.61,USD,SYNTH-BATCH-USD-2026-01-14-0000,SETTLED
SYNTH-PROC-000069,SYNTH-ORDER-000069,CAPTURE,2026-01-13T08:51:30Z,532.47,15.74,516.73,USD,SYNTH-BATCH-USD-2026-01-15-0000,SETTLED
SYNTH-PROC-000070,SYNTH-ORDER-000070,CAPTURE,2026-01-14T10:51:44Z,378.23,11.27,366.96,EUR,SYNTH-BATCH-EUR-2026-01-16-0000,SETTLED
SYNTH-PROC-000071,SYNTH-ORDER-000071,CAPTURE,2026-01-01T13:15:22Z,132.62,4.15,128.47,GBP,SYNTH-BATCH-GBP-2026-01-03-0000,SETTLED
SYNTH-PROC-000072,SYNTH-ORDER-000072,CAPTURE,2026-01-02T15:28:18Z,625.42,18.44,606.98,EUR,SYNTH-BATCH-CURRENCY-000072,SETTLED
SYNTH-PROC-000073,SYNTH-ORDER-000073,CAPTURE,2026-01-03T17:39:28Z,1889.05,55.08,1833.97,USD,SYNTH-BATCH-USD-2026-01-05-0000,SETTLED
SYNTH-PROC-000074,SYNTH-ORDER-000074,CAPTURE,2026-01-04T19:14:46Z,538.35,15.91,522.44,USD,SYNTH-BATCH-USD-2026-01-06-0000,SETTLED
SYNTH-PROC-000075,SYNTH-ORDER-000075,CAPTURE,2026-01-05T21:14:47Z,370.45,11.04,359.41,USD,SYNTH-BATCH-USD-2026-01-07-0000,SETTLED
SYNTH-PROC-000076,SYNTH-ORDER-000076,CAPTURE,2026-01-06T23:34:51Z,119.49,3.77,115.72,USD,SYNTH-BATCH-USD-2026-01-08-0000,SETTLED
SYNTH-PROC-000077,SYNTH-ORDER-000077,CAPTURE,2026-01-07T02:09:52Z,1805.83,52.67,1753.16,USD,SYNTH-BATCH-USD-2026-01-09-0000,SETTLED
SYNTH-PROC-000078,SYNTH-ORDER-000078,CAPTURE,2026-01-08T04:27:42Z,970.87,28.46,942.41,USD,SYNTH-BATCH-USD-2026-01-10-0000,SETTLED
SYNTH-PROC-000079,SYNTH-ORDER-000079,CAPTURE,2026-01-09T06:00:25Z,317.72,9.51,308.21,USD,SYNTH-BATCH-USD-2026-01-11-0000,SETTLED
SYNTH-PROC-000079,SYNTH-ORDER-000079,CAPTURE,2026-01-09T06:00:25Z,317.72,9.51,308.21,USD,SYNTH-BATCH-USD-2026-01-11-0000,SETTLED
SYNTH-PROC-000080,SYNTH-ORDER-000080,CAPTURE,2026-01-10T09:05:18Z,418.48,12.44,406.04,EUR,SYNTH-BATCH-EUR-2026-01-12-0000,SETTLED
SYNTH-PROC-000081,SYNTH-ORDER-000081,CAPTURE,2026-01-11T10:52:06Z,1853.19,54.04,1799.15,GBP,SYNTH-BATCH-GBP-2026-01-13-0000,SETTLED
SYNTH-PROC-000083,SYNTH-ORDER-000083,CAPTURE,2026-01-13T14:59:54Z,1566.81,45.74,1521.07,USD,SYNTH-BATCH-USD-2026-01-15-0000,SETTLED
SYNTH-PROC-000084,SYNTH-ORDER-000084,CAPTURE,2026-01-14T17:22:29Z,1437.79,42.0,1395.79,USD,SYNTH-BATCH-USD-2026-01-16-0000,SETTLED
SYNTH-PROC-000085,SYNTH-ORDER-000085,CAPTURE,2026-01-01T19:54:10Z,1706.24,49.78,1656.46,USD,SYNTH-BATCH-USD-2026-01-03-0000,SETTLED
SYNTH-PROC-000086,SYNTH-ORDER-000086,CAPTURE,2026-01-02T21:52:39Z,2382.24,69.38,2312.86,USD,SYNTH-BATCH-USD-2026-01-04-0000,SETTLED
SYNTH-PROC-000087,SYNTH-ORDER-000087,CAPTURE,2026-01-03T00:25:47Z,467.12,13.85,453.27,USD,SYNTH-BATCH-USD-2026-01-05-0000,SETTLED
SYNTH-PROC-000088,SYNTH-ORDER-000088,CAPTURE,2026-01-04T02:02:29Z,1359.12,39.71,1319.41,USD,SYNTH-BATCH-USD-2026-01-06-0000,SETTLED
SYNTH-PROC-000089,SYNTH-ORDER-000089,CAPTURE,2026-01-05T04:28:55Z,616.07,18.17,597.9,USD,SYNTH-BATCH-USD-2026-01-07-0000,SETTLED
SYNTH-PROC-000090,SYNTH-ORDER-000090,CAPTURE,2026-01-06T06:42:45Z,2369.81,69.02,2300.79,EUR,SYNTH-BATCH-EUR-2026-01-08-0000,SETTLED
SYNTH-PROC-000091,SYNTH-ORDER-000091,CAPTURE,2026-01-07T08:57:20Z,1918.27,55.93,1862.34,GBP,SYNTH-BATCH-GBP-2026-01-09-0000,SETTLED
SYNTH-PROC-000092,SYNTH-ORDER-000092,CAPTURE,2026-01-08T10:34:14Z,291.83,8.76,283.07,USD,SYNTH-BATCH-USD-2026-01-10-0000,SETTLED
SYNTH-PROC-000093,SYNTH-ORDER-000093,CAPTURE,2026-01-09T12:46:55Z,219.41,6.66,212.75,USD,SYNTH-BATCH-LATE-000093,SETTLED
SYNTH-PROC-000095,SYNTH-ORDER-000095,CAPTURE,2026-01-11T17:20:20Z,1608.12,46.94,1561.18,USD,SYNTH-BATCH-USD-2026-01-13-0000,SETTLED
SYNTH-PROC-000096,SYNTH-ORDER-000096,CAPTURE,2026-01-12T19:55:48Z,1065.94,31.21,1034.73,USD,SYNTH-BATCH-USD-2026-01-14-0000,SETTLED
SYNTH-PROC-000097,SYNTH-ORDER-000097,CAPTURE,2026-01-13T21:37:34Z,1337.96,39.1,1298.86,USD,SYNTH-BATCH-USD-2026-01-15-0000,SETTLED
SYNTH-PROC-000098,SYNTH-ORDER-000098,CAPTURE,2026-01-14T00:10:17Z,141.67,4.41,137.26,USD,SYNTH-BATCH-LATE-000098,SETTLED
SYNTH-PROC-000099,SYNTH-ORDER-000099,CAPTURE,2026-01-01T02:25:49Z,2255.06,65.7,2189.36,USD,SYNTH-BATCH-USD-2026-01-03-0000,SETTLED
SYNTH-PROC-000100,SYNTH-ORDER-000100,CAPTURE,2026-01-02T04:10:06Z,2258.32,65.79,2192.53,EUR,SYNTH-BATCH-EUR-2026-01-04-0000,SETTLED
SYNTH-PROC-000101,SYNTH-ORDER-000101,CAPTURE,2026-01-03T07:18:25Z,1533.65,44.78,1488.87,GBP,SYNTH-BATCH-GBP-2026-01-05-0000,SETTLED
SYNTH-PROC-000102,SYNTH-ORDER-000102,CAPTURE,2026-01-04T09:13:20Z,1165.13,34.09,1131.04,USD,SYNTH-BATCH-USD-2026-01-06-0000,SETTLED
SYNTH-PROC-000103,SYNTH-ORDER-000103,CAPTURE,2026-01-05T10:57:13Z,617.96,18.22,599.74,USD,SYNTH-BATCH-USD-2026-01-07-0000,SETTLED
SYNTH-PROC-000104,SYNTH-ORDER-000104,CAPTURE,2026-01-06T13:34:17Z,442.26,13.13,429.13,USD,SYNTH-BATCH-USD-2026-01-08-0000,SETTLED
SYNTH-PROC-000105,SYNTH-ORDER-000105,CAPTURE,2026-01-07T15:21:24Z,429.04,12.74,416.3,USD,SYNTH-BATCH-USD-2026-01-09-0000,SETTLED
SYNTH-PROC-000106,SYNTH-ORDER-000106,CAPTURE,2026-01-08T18:08:06Z,1388.02,40.55,1347.47,USD,SYNTH-BATCH-USD-2026-01-10-0000,SETTLED
SYNTH-PROC-000107,SYNTH-ORDER-000107,CAPTURE,2026-01-09T20:23:30Z,1436.90,41.97,1394.93,USD,SYNTH-BATCH-USD-2026-01-11-0000,SETTLED
SYNTH-PROC-000108,SYNTH-ORDER-000108,CAPTURE,2026-01-10T22:17:20Z,296.95,8.91,288.04,USD,SYNTH-BATCH-USD-2026-01-12-0000,SETTLED
SYNTH-PROC-000109,SYNTH-ORDER-000109,CAPTURE,2026-01-11T00:35:33Z,253.02,7.64,245.38,USD,SYNTH-BATCH-USD-2026-01-13-0000,SETTLED
SYNTH-PROC-000110,SYNTH-ORDER-000110,CAPTURE,2026-01-12T02:27:20Z,790.35,23.22,767.13,EUR,SYNTH-BATCH-BANK-CURRENCY-000110,SETTLED
SYNTH-PROC-000111,SYNTH-ORDER-000111,CAPTURE,2026-01-13T04:48:21Z,610.09,17.99,592.1,GBP,SYNTH-BATCH-GBP-2026-01-15-0000,SETTLED
SYNTH-PROC-000112,SYNTH-ORDER-000112,CAPTURE,2026-01-14T07:22:24Z,1139.87,33.36,1106.51,USD,SYNTH-BATCH-USD-2026-01-16-0000,SETTLED
SYNTH-PROC-000113,SYNTH-ORDER-000113,CAPTURE,2026-01-01T09:17:13Z,1026.48,30.07,996.41,USD,SYNTH-BATCH-USD-2026-01-03-0000,SETTLED
SYNTH-PROC-000114,SYNTH-ORDER-000114,CAPTURE,2026-01-02T11:09:31Z,2481.28,72.26,2409.02,USD,SYNTH-BATCH-USD-2026-01-04-0000,SETTLED
SYNTH-PROC-000115,SYNTH-ORDER-000115,CAPTURE,2026-01-03T13:55:42Z,213.00,6.48,206.52,USD,SYNTH-BATCH-USD-2026-01-05-0000,SETTLED
SYNTH-PROC-000116,SYNTH-ORDER-000116,CAPTURE,2026-01-04T15:30:50Z,1262.99,36.93,1226.06,USD,SYNTH-BATCH-USD-2026-01-06-0000,SETTLED
SYNTH-PROC-000117,SYNTH-ORDER-000117,CAPTURE,2026-01-05T18:05:39Z,913.34,26.79,886.55,USD,SYNTH-BATCH-USD-2026-01-07-0000,SETTLED
SYNTH-PROC-000118,SYNTH-ORDER-000118,CAPTURE,2026-01-06T20:39:51Z,435.03,12.92,422.11,USD,SYNTH-BATCH-USD-2026-01-08-0000,SETTLED
SYNTH-PROC-000119,SYNTH-ORDER-000119,CAPTURE,2026-01-07T22:29:17Z,2354.68,68.59,2286.09,USD,SYNTH-BATCH-USD-2026-01-09-0000,SETTLED
SYNTH-PROC-000120,SYNTH-ORDER-000120,CAPTURE,2026-01-08T00:11:40Z,1548.83,45.22,1503.61,EUR,SYNTH-BATCH-EUR-2026-01-10-0000,SETTLED
SYNTH-PROC-000120-REFUND,SYNTH-ORDER-000120,REFUND,2026-01-09T00:01:40Z,-774.42,0.0,-774.42,EUR,SYNTH-BATCH-REFUND-000120,SETTLED
SYNTH-PROC-000121,SYNTH-ORDER-000121,CAPTURE,2026-01-09T03:18:33Z,1232.52,36.04,1196.48,GBP,SYNTH-BATCH-GBP-2026-01-11-0000,SETTLED
SYNTH-PROC-000122,SYNTH-ORDER-000122,CAPTURE,2026-01-10T05:26:30Z,1204.08,35.22,1168.86,USD,SYNTH-BATCH-USD-2026-01-12-0000,SETTLED
SYNTH-PROC-000123,SYNTH-ORDER-000123,CAPTURE,2026-01-11T06:45:49Z,1571.94,45.89,1526.05,USD,SYNTH-BATCH-USD-2026-01-13-0000,SETTLED
SYNTH-PROC-000124,SYNTH-ORDER-000124,CAPTURE,2026-01-12T09:22:35Z,902.00,26.46,875.54,USD,SYNTH-BATCH-USD-2026-01-14-0000,SETTLED
SYNTH-PROC-000125,SYNTH-ORDER-000125,CAPTURE,2026-01-13T11:50:13Z,1684.38,49.15,1635.23,USD,SYNTH-BATCH-USD-2026-01-15-0000,SETTLED
SYNTH-PROC-000126,SYNTH-ORDER-000126,CAPTURE,2026-01-14T13:30:08Z,1071.68,31.38,1040.3,USD,SYNTH-BATCH-USD-2026-01-16-0000,SETTLED
SYNTH-PROC-000127,SYNTH-ORDER-000127,CAPTURE,2026-01-01T15:50:08Z,2424.68,70.62,2354.06,USD,SYNTH-BATCH-USD-2026-01-03-0000,SETTLED
SYNTH-PROC-000128,SYNTH-ORDER-000128,CAPTURE,2026-01-02T18:12:47Z,613.62,18.09,595.53,USD,SYNTH-BATCH-USD-2026-01-04-0000,SETTLED
SYNTH-PROC-000129,SYNTH-ORDER-000129,CAPTURE,2026-01-03T19:56:38Z,673.44,19.83,653.61,USD,SYNTH-BATCH-USD-2026-01-05-0000,SETTLED
SYNTH-PROC-000130,SYNTH-ORDER-000130,CAPTURE,2026-01-04T22:37:46Z,541.45,16.0,525.45,EUR,SYNTH-BATCH-EUR-2026-01-06-0000,SETTLED
SYNTH-PROC-000131,SYNTH-ORDER-000131,CAPTURE,2026-01-05T00:32:46Z,2113.13,61.58,2051.55,GBP,SYNTH-BATCH-GBP-2026-01-07-0000,SETTLED
SYNTH-PROC-000132,SYNTH-ORDER-000132,CAPTURE,2026-01-06T03:12:32Z,1088.03,31.85,1056.18,USD,SYNTH-BATCH-USD-2026-01-08-0000,SETTLED
SYNTH-PROC-000133,SYNTH-ORDER-000133,CAPTURE,2026-01-07T05:38:05Z,324.87,9.72,315.15,USD,SYNTH-BATCH-USD-2026-01-09-0000,SETTLED
SYNTH-PROC-000134,SYNTH-ORDER-000134,CAPTURE,2026-01-08T07:50:27Z,745.15,21.91,723.24,USD,SYNTH-BATCH-USD-2026-01-10-0000,SETTLED
SYNTH-PROC-000135,SYNTH-ORDER-000135,CAPTURE,2026-01-09T09:31:55Z,631.87,18.62,613.25,USD,SYNTH-BATCH-USD-2026-01-11-0000,SETTLED
SYNTH-PROC-000135-REFUND,SYNTH-ORDER-000135,REFUND,2026-01-10T09:21:55Z,-631.87,0.0,-631.87,USD,SYNTH-BATCH-REFUND-000135,SETTLED
SYNTH-PROC-000136,SYNTH-ORDER-000136,CAPTURE,2026-01-10T11:54:58Z,2069.58,60.32,2009.26,USD,SYNTH-BATCH-USD-2026-01-12-0000,SETTLED
SYNTH-PROC-000137,SYNTH-ORDER-000137,CAPTURE,2026-01-11T14:08:58Z,1268.04,37.07,1230.97,USD,SYNTH-BATCH-USD-2026-01-13-0000,SETTLED
SYNTH-PROC-000138,SYNTH-ORDER-000138,CAPTURE,2026-01-12T16:20:34Z,733.11,21.56,711.55,USD,SYNTH-BATCH-USD-2026-01-14-0000,SETTLED
SYNTH-PROC-000139,SYNTH-ORDER-000139,CAPTURE,2026-01-13T18:14:37Z,376.32,11.21,365.11,USD,SYNTH-BATCH-USD-2026-01-15-0000,SETTLED
SYNTH-PROC-000140,SYNTH-ORDER-000140,CAPTURE,2026-01-14T20:09:22Z,1384.34,40.45,1343.89,EUR,SYNTH-BATCH-EUR-2026-01-16-0000,SETTLED
SYNTH-PROC-000141,SYNTH-ORDER-000141,CAPTURE,2026-01-01T22:25:12Z,56.53,2.31,54.22,GBP,SYNTH-BATCH-GBP-2026-01-03-0000,SETTLED
SYNTH-PROC-000142,SYNTH-ORDER-000142,CAPTURE,2026-01-02T01:04:32Z,1571.63,45.88,1525.75,USD,SYNTH-BATCH-USD-2026-01-04-0000,SETTLED
SYNTH-PROC-000143,SYNTH-ORDER-000143,CAPTURE,2026-01-03T03:40:17Z,456.93,13.55,443.38,USD,SYNTH-BATCH-USD-2026-01-05-0000,SETTLED
SYNTH-PROC-000144,SYNTH-ORDER-000144,CAPTURE,2026-01-04T05:10:37Z,1788.40,52.16,1736.24,USD,SYNTH-BATCH-USD-2026-01-06-0000,SETTLED
SYNTH-PROC-000145,SYNTH-ORDER-000145,CAPTURE,2026-01-05T08:00:55Z,318.39,9.53,308.86,USD,SYNTH-BATCH-USD-2026-01-07-0000,SETTLED
SYNTH-PROC-000146,SYNTH-ORDER-000146,CAPTURE,2026-01-06T09:53:29Z,1472.02,42.99,1429.03,USD,SYNTH-BATCH-USD-2026-01-08-0000,SETTLED
SYNTH-PROC-000146-REFUND,SYNTH-ORDER-000146,REFUND,2026-01-07T09:43:29Z,-1472.02,0.0,-1472.02,USD,SYNTH-BATCH-REFUND-000146,SETTLED
SYNTH-PROC-000147,SYNTH-ORDER-000147,CAPTURE,2026-01-07T11:57:55Z,1304.66,38.14,1266.52,USD,SYNTH-BATCH-USD-2026-01-09-0000,SETTLED
SYNTH-PROC-000148,SYNTH-ORDER-000148,CAPTURE,2026-01-08T14:05:25Z,1711.02,49.92,1661.1,USD,SYNTH-BATCH-USD-2026-01-10-0000,SETTLED
SYNTH-PROC-000149,SYNTH-ORDER-000149,CAPTURE,2026-01-09T16:23:14Z,1122.59,32.86,1089.73,USD,SYNTH-BATCH-USD-2026-01-11-0000,SETTLED
SYNTH-PROC-000150,SYNTH-ORDER-000150,CAPTURE,2026-01-10T18:49:58Z,808.53,23.75,784.78,EUR,SYNTH-BATCH-EUR-2026-01-12-0000,SETTLED
SYNTH-PROC-000151,SYNTH-ORDER-000151,CAPTURE,2026-01-11T20:40:45Z,1210.43,35.4,1175.03,GBP,SYNTH-BATCH-GBP-2026-01-13-0000,SETTLED
SYNTH-PROC-000152,SYNTH-ORDER-000152,CAPTURE,2026-01-12T23:22:06Z,1797.62,52.43,1745.19,USD,SYNTH-BATCH-USD-2026-01-14-0000,SETTLED
SYNTH-PROC-000153,SYNTH-ORDER-000153,CAPTURE,2026-01-13T00:51:43Z,2021.47,58.92,1962.55,USD,SYNTH-BATCH-USD-2026-01-15-0000,SETTLED
SYNTH-PROC-000154,SYNTH-ORDER-000154,CAPTURE,2026-01-14T03:44:01Z,2166.52,63.13,2103.39,USD,SYNTH-BATCH-USD-2026-01-16-0000,SETTLED
SYNTH-PROC-000155,SYNTH-ORDER-000155,CAPTURE,2026-01-01T05:22:28Z,575.04,16.98,558.06,USD,SYNTH-BATCH-USD-2026-01-03-0000,SETTLED
SYNTH-PROC-000156,SYNTH-ORDER-000156,CAPTURE,2026-01-02T07:55:57Z,1054.15,30.87,1023.28,USD,SYNTH-BATCH-USD-2026-01-04-0000,SETTLED
SYNTH-PROC-000158,SYNTH-ORDER-000158,CAPTURE,2026-01-04T11:50:19Z,1756.56,51.24,1705.32,USD,SYNTH-BATCH-USD-2026-01-06-0000,SETTLED
SYNTH-PROC-000159,SYNTH-ORDER-000159,CAPTURE,2026-01-05T14:54:44Z,354.84,10.59,344.25,USD,SYNTH-BATCH-USD-2026-01-07-0000,SETTLED
SYNTH-PROC-000160,SYNTH-ORDER-000160,CAPTURE,2026-01-06T17:06:59Z,2393.91,69.72,2324.19,EUR,SYNTH-BATCH-EUR-2026-01-08-0000,SETTLED
SYNTH-PROC-000161,SYNTH-ORDER-000161,CAPTURE,2026-01-07T18:38:51Z,1265.67,37.0,1228.67,GBP,SYNTH-BATCH-GBP-2026-01-09-0000,SETTLED
SYNTH-PROC-000162,SYNTH-ORDER-000162,CAPTURE,2026-01-08T21:15:05Z,1781.21,51.96,1729.25,USD,SYNTH-BATCH-USD-2026-01-10-0000,SETTLED
SYNTH-PROC-000163,SYNTH-ORDER-000163,CAPTURE,2026-01-09T22:46:53Z,2188.05,63.75,2124.3,USD,SYNTH-BATCH-USD-2026-01-11-0000,SETTLED
SYNTH-PROC-000164,SYNTH-ORDER-000164,CAPTURE,2026-01-10T01:23:23Z,1530.61,44.69,1485.92,USD,SYNTH-BATCH-USD-2026-01-12-0000,SETTLED
SYNTH-PROC-000165,SYNTH-ORDER-000165,CAPTURE,2026-01-11T03:36:15Z,335.84,10.04,325.8,USD,SYNTH-BATCH-USD-2026-01-13-0000,SETTLED
SYNTH-PROC-000165,SYNTH-ORDER-000165,CAPTURE,2026-01-11T03:36:15Z,335.84,10.04,325.8,USD,SYNTH-BATCH-USD-2026-01-13-0000,SETTLED
SYNTH-PROC-000166,SYNTH-ORDER-000166,CAPTURE,2026-01-12T06:18:08Z,2427.50,70.7,2356.8,USD,SYNTH-BATCH-USD-2026-01-14-0000,SETTLED
SYNTH-PROC-000167,SYNTH-ORDER-000167,CAPTURE,2026-01-13T07:52:35Z,971.48,28.47,943.01,USD,SYNTH-BATCH-USD-2026-01-15-0000,SETTLED
SYNTH-PROC-000167-ALTERNATE,SYNTH-ORDER-000167,CAPTURE,2026-01-13T07:53:35Z,971.48,28.47,943.01,USD,SYNTH-BATCH-USD-2026-01-15-0000,SETTLED
SYNTH-PROC-000168,SYNTH-ORDER-000168,CAPTURE,2026-01-14T10:40:46Z,1106.70,32.39,1074.31,USD,SYNTH-BATCH-USD-2026-01-16-0000,SETTLED
SYNTH-PROC-000169,SYNTH-ORDER-000169,CAPTURE,2026-01-01T12:17:53Z,277.01,8.33,268.68,USD,SYNTH-BATCH-USD-2026-01-03-0000,SETTLED
SYNTH-PROC-000169,SYNTH-ORDER-000169,CAPTURE,2026-01-01T12:17:53Z,277.01,8.33,268.68,USD,SYNTH-BATCH-USD-2026-01-03-0000,SETTLED
SYNTH-PROC-000170,SYNTH-ORDER-000170,CAPTURE,2026-01-02T14:56:49Z,586.04,17.3,568.74,EUR,SYNTH-BATCH-EUR-2026-01-04-0000,SETTLED
SYNTH-PROC-000170-REFUND,SYNTH-ORDER-000170,REFUND,2026-01-03T14:46:49Z,-293.02,0.0,-293.02,EUR,SYNTH-BATCH-REFUND-000170,SETTLED
SYNTH-PROC-000171,SYNTH-ORDER-000171,CAPTURE,2026-01-03T17:17:04Z,227.25,6.89,220.36,GBP,SYNTH-BATCH-GBP-2026-01-05-0000,SETTLED
SYNTH-PROC-000172,SYNTH-ORDER-000172,CAPTURE,2026-01-04T18:41:39Z,123.15,3.87,119.28,USD,SYNTH-BATCH-USD-2026-01-06-0000,SETTLED
SYNTH-PROC-000173,SYNTH-ORDER-000173,CAPTURE,2026-01-05T20:52:39Z,2116.92,61.69,2055.23,USD,SYNTH-BATCH-USD-2026-01-07-0000,SETTLED
SYNTH-PROC-000174,SYNTH-ORDER-000174,CAPTURE,2026-01-06T23:27:34Z,1762.77,51.42,1711.35,USD,SYNTH-BATCH-USD-2026-01-08-0000,SETTLED
SYNTH-PROC-000175,SYNTH-ORDER-000175,CAPTURE,2026-01-07T01:21:21Z,228.95,6.94,222.01,USD,SYNTH-BATCH-USD-2026-01-09-0000,SETTLED
SYNTH-PROC-000175,SYNTH-ORDER-000175,CAPTURE,2026-01-07T01:21:21Z,228.95,6.94,222.01,USD,SYNTH-BATCH-USD-2026-01-09-0000,SETTLED
SYNTH-PROC-000176,SYNTH-ORDER-000176,CAPTURE,2026-01-08T03:52:55Z,936.29,27.82,908.47,USD,SYNTH-BATCH-USD-2026-01-10-0000,SETTLED
SYNTH-PROC-000177,SYNTH-ORDER-000177,CAPTURE,2026-01-09T06:04:08Z,2409.42,70.17,2339.25,USD,SYNTH-BATCH-USD-2026-01-11-0000,SETTLED
SYNTH-PROC-000178,SYNTH-ORDER-000178,CAPTURE,2026-01-10T07:45:45Z,846.48,24.85,821.63,USD,SYNTH-BATCH-USD-2026-01-12-0000,SETTLED
SYNTH-PROC-000179,SYNTH-ORDER-000179,CAPTURE,2026-01-11T10:08:25Z,1537.88,44.9,1492.98,USD,SYNTH-BATCH-USD-2026-01-13-0000,SETTLED
SYNTH-PROC-000180,SYNTH-ORDER-000180,CAPTURE,2026-01-12T12:34:53Z,756.46,22.24,734.22,EUR,SYNTH-BATCH-EUR-2026-01-14-0000,SETTLED
SYNTH-PROC-000181,SYNTH-ORDER-000181,CAPTURE,2026-01-13T14:21:14Z,1404.28,41.02,1363.26,GBP,SYNTH-BATCH-GBP-2026-01-15-0000,SETTLED
SYNTH-PROC-000182,SYNTH-ORDER-000182,CAPTURE,2026-01-14T16:39:27Z,990.93,29.04,961.89,USD,SYNTH-BATCH-USD-2026-01-16-0000,SETTLED
SYNTH-PROC-000183,SYNTH-ORDER-000183,CAPTURE,2026-01-01T18:48:14Z,1360.99,39.77,1321.22,USD,SYNTH-BATCH-MISSING-000183,SETTLED
SYNTH-PROC-000184,SYNTH-ORDER-000184,CAPTURE,2026-01-02T21:29:53Z,804.89,23.64,781.25,USD,SYNTH-BATCH-USD-2026-01-04-0000,SETTLED
SYNTH-PROC-000185,SYNTH-ORDER-000185,CAPTURE,2026-01-03T23:22:04Z,518.08,15.32,502.76,USD,SYNTH-BATCH-USD-2026-01-05-0000,SETTLED
SYNTH-PROC-000185-REFUND,SYNTH-ORDER-000185,REFUND,2026-01-04T23:12:04Z,-518.08,0.0,-518.08,USD,SYNTH-BATCH-REFUND-000185,SETTLED
SYNTH-PROC-000186,SYNTH-ORDER-000186,CAPTURE,2026-01-04T01:55:04Z,2048.58,59.71,1988.87,USD,SYNTH-BATCH-USD-2026-01-06-0000,SETTLED
SYNTH-PROC-000187,SYNTH-ORDER-000187,CAPTURE,2026-01-05T04:20:34Z,207.87,6.33,201.54,USD,SYNTH-BATCH-USD-2026-01-07-0000,SETTLED
SYNTH-PROC-000188,SYNTH-ORDER-000188,CAPTURE,2026-01-06T06:28:25Z,359.80,10.73,349.07,USD,SYNTH-BATCH-USD-2026-01-08-0000,SETTLED
SYNTH-PROC-000189,SYNTH-ORDER-000189,CAPTURE,2026-01-07T08:26:12Z,286.99,8.62,278.37,USD,SYNTH-BATCH-USD-2026-01-09-0000,SETTLED
SYNTH-PROC-000190,SYNTH-ORDER-000190,CAPTURE,2026-01-08T10:08:34Z,878.65,25.78,852.87,EUR,SYNTH-BATCH-EUR-2026-01-10-0000,SETTLED
SYNTH-PROC-000190-REFUND,SYNTH-ORDER-000190,REFUND,2026-01-09T09:58:34Z,-439.33,0.0,-439.33,EUR,SYNTH-BATCH-REFUND-000190,SETTLED
SYNTH-PROC-000191,SYNTH-ORDER-000191,CAPTURE,2026-01-09T12:53:22Z,1254.72,36.69,1218.03,GBP,SYNTH-BATCH-GBP-2026-01-11-0000,SETTLED
SYNTH-PROC-000192,SYNTH-ORDER-000192,CAPTURE,2026-01-10T14:47:56Z,1961.44,57.18,1904.26,USD,SYNTH-BATCH-USD-2026-01-12-0000,SETTLED
SYNTH-PROC-000193,SYNTH-ORDER-000193,CAPTURE,2026-01-11T17:40:20Z,534.15,15.79,518.36,USD,SYNTH-BATCH-MISSING-000193,SETTLED
SYNTH-PROC-000194,SYNTH-ORDER-000194,CAPTURE,2026-01-12T19:49:40Z,532.47,15.74,516.73,USD,SYNTH-BATCH-USD-2026-01-14-0000,SETTLED
SYNTH-PROC-000195,SYNTH-ORDER-000195,CAPTURE,2026-01-13T21:35:35Z,1548.97,45.22,1503.75,USD,SYNTH-BATCH-USD-2026-01-15-0000,SETTLED
SYNTH-PROC-000196,SYNTH-ORDER-000196,CAPTURE,2026-01-14T23:19:31Z,1318.53,38.54,1279.99,USD,SYNTH-BATCH-USD-2026-01-16-0000,SETTLED
SYNTH-PROC-000196,SYNTH-ORDER-000196,CAPTURE,2026-01-14T23:19:31Z,1318.53,38.54,1279.99,USD,SYNTH-BATCH-USD-2026-01-16-0000,SETTLED
SYNTH-PROC-000197,SYNTH-ORDER-000197,CAPTURE,2026-01-01T01:50:45Z,1074.40,31.46,1042.94,USD,SYNTH-BATCH-USD-2026-01-03-0000,SETTLED
SYNTH-PROC-000198,SYNTH-ORDER-000198,CAPTURE,2026-01-02T03:43:59Z,1036.15,30.35,1005.8,USD,SYNTH-BATCH-USD-2026-01-04-0000,SETTLED
SYNTH-PROC-000199,SYNTH-ORDER-000199,CAPTURE,2026-01-03T06:46:11Z,837.00,24.57,812.43,USD,SYNTH-BATCH-USD-2026-01-05-0000,SETTLED
SYNTH-PROC-000200,SYNTH-ORDER-000200,CAPTURE,2026-01-04T08:49:48Z,2394.61,69.74,2324.87,EUR,SYNTH-BATCH-BANK-CURRENCY-000200,SETTLED
SYNTH-PROC-000201,SYNTH-ORDER-000201,CAPTURE,2026-01-05T10:37:53Z,241.73,7.31,234.42,GBP,SYNTH-BATCH-GBP-2026-01-07-0000,SETTLED
SYNTH-PROC-000202,SYNTH-ORDER-000202,CAPTURE,2026-01-06T13:14:19Z,842.57,24.73,817.84,USD,SYNTH-BATCH-DUPLICATE-000202,SETTLED
SYNTH-PROC-000203,SYNTH-ORDER-000203,CAPTURE,2026-01-07T15:02:05Z,135.47,4.23,131.24,USD,SYNTH-BATCH-USD-2026-01-09-0000,SETTLED
SYNTH-PROC-000204,SYNTH-ORDER-000204,CAPTURE,2026-01-08T17:51:03Z,1964.55,57.27,1907.28,USD,SYNTH-BATCH-USD-2026-01-10-0000,SETTLED
SYNTH-PROC-000205,SYNTH-ORDER-000205,CAPTURE,2026-01-09T19:34:27Z,16.93,0.79,16.14,USD,SYNTH-BATCH-USD-2026-01-11-0000,SETTLED
SYNTH-PROC-000205-REFUND,SYNTH-ORDER-000205,REFUND,2026-01-10T19:24:27Z,-16.93,0.0,-16.93,USD,SYNTH-BATCH-REFUND-000205,SETTLED
SYNTH-PROC-000206,SYNTH-ORDER-000206,CAPTURE,2026-01-10T21:19:07Z,968.57,28.39,940.18,USD,SYNTH-BATCH-USD-2026-01-12-0000,SETTLED
SYNTH-PROC-000207,SYNTH-ORDER-000207,CAPTURE,2026-01-11T23:58:12Z,1248.75,36.51,1212.24,USD,SYNTH-BATCH-USD-2026-01-13-0000,SETTLED
SYNTH-PROC-000208,SYNTH-ORDER-000208,CAPTURE,2026-01-12T02:24:08Z,927.60,27.2,900.4,USD,SYNTH-BATCH-USD-2026-01-14-0000,SETTLED
SYNTH-PROC-000209,SYNTH-ORDER-000209,CAPTURE,2026-01-13T04:50:15Z,1670.52,48.75,1621.77,USD,SYNTH-BATCH-USD-2026-01-15-0000,SETTLED
SYNTH-PROC-000210,SYNTH-ORDER-000210,CAPTURE,2026-01-14T07:02:11Z,1813.02,52.88,1760.14,EUR,SYNTH-BATCH-EUR-2026-01-16-0000,SETTLED
SYNTH-PROC-000211,SYNTH-ORDER-000211,CAPTURE,2026-01-01T08:21:53Z,1005.75,29.47,976.28,GBP,SYNTH-BATCH-GBP-2026-01-03-0000,SETTLED
SYNTH-PROC-000212,SYNTH-ORDER-000212,CAPTURE,2026-01-02T10:41:23Z,1945.10,56.71,1888.39,USD,SYNTH-BATCH-USD-2026-01-04-0000,SETTLED
SYNTH-PROC-000213,SYNTH-ORDER-000213,CAPTURE,2026-01-03T13:41:22Z,1351.31,39.49,1311.82,USD,SYNTH-BATCH-USD-2026-01-05-0000,SETTLED
SYNTH-PROC-000213-REFUND,SYNTH-ORDER-000213,REFUND,2026-01-04T13:31:22Z,-1351.31,0.0,-1351.31,USD,SYNTH-BATCH-REFUND-000213,SETTLED
SYNTH-PROC-000214,SYNTH-ORDER-000214,CAPTURE,2026-01-04T15:31:10Z,1909.84,55.69,1854.15,USD,SYNTH-BATCH-USD-2026-01-06-0000,SETTLED
SYNTH-PROC-000215,SYNTH-ORDER-000215,CAPTURE,2026-01-05T17:32:34Z,2302.15,67.06,2235.09,USD,SYNTH-BATCH-USD-2026-01-07-0000,SETTLED
SYNTH-PROC-000216,SYNTH-ORDER-000216,CAPTURE,2026-01-06T20:09:30Z,1161.38,33.98,1127.4,USD,SYNTH-BATCH-USD-2026-01-08-0000,SETTLED
SYNTH-PROC-000217,SYNTH-ORDER-000217,CAPTURE,2026-01-07T21:42:11Z,2030.24,59.18,1971.06,USD,SYNTH-BATCH-USD-2026-01-09-0000,SETTLED
SYNTH-PROC-000218,SYNTH-ORDER-000218,CAPTURE,2026-01-08T00:23:42Z,2262.42,65.91,2196.51,USD,SYNTH-BATCH-USD-2026-01-10-0000,SETTLED
SYNTH-PROC-000219,SYNTH-ORDER-000219,CAPTURE,2026-01-09T02:08:05Z,1805.68,52.66,1753.02,USD,SYNTH-BATCH-USD-2026-01-11-0000,SETTLED
SYNTH-PROC-000220,SYNTH-ORDER-000220,CAPTURE,2026-01-10T04:57:50Z,1168.05,34.17,1133.88,EUR,SYNTH-BATCH-EUR-2026-01-12-0000,SETTLED
SYNTH-PROC-000221,SYNTH-ORDER-000221,CAPTURE,2026-01-11T06:33:14Z,1552.40,45.32,1507.08,GBP,SYNTH-BATCH-GBP-2026-01-13-0000,SETTLED
SYNTH-PROC-000222,SYNTH-ORDER-000222,CAPTURE,2026-01-12T09:16:53Z,2162.27,63.01,2099.26,USD,SYNTH-BATCH-USD-2026-01-14-0000,SETTLED
SYNTH-PROC-000223,SYNTH-ORDER-000223,CAPTURE,2026-01-13T11:37:33Z,467.89,13.87,454.02,USD,SYNTH-BATCH-USD-2026-01-15-0000,SETTLED
SYNTH-PROC-000224,SYNTH-ORDER-000224,CAPTURE,2026-01-14T13:22:09Z,127.66,4.0,123.66,USD,SYNTH-BATCH-USD-2026-01-16-0000,SETTLED
SYNTH-PROC-000224-REFUND,SYNTH-ORDER-000224,REFUND,2026-01-15T13:12:09Z,-127.66,0.0,-127.66,USD,SYNTH-BATCH-REFUND-000224,SETTLED
SYNTH-PROC-000225,SYNTH-ORDER-000225,CAPTURE,2026-01-01T15:52:25Z,1487.55,43.44,1444.11,USD,SYNTH-BATCH-USD-2026-01-03-0000,SETTLED
SYNTH-PROC-000226,SYNTH-ORDER-000226,CAPTURE,2026-01-02T17:21:15Z,1814.14,52.91,1761.23,USD,SYNTH-BATCH-USD-2026-01-04-0000,SETTLED
SYNTH-PROC-000228,SYNTH-ORDER-000228,CAPTURE,2026-01-04T22:01:21Z,234.35,7.1,227.25,USD,SYNTH-BATCH-USD-2026-01-06-0000,SETTLED
SYNTH-PROC-000229,SYNTH-ORDER-000229,CAPTURE,2026-01-05T00:43:15Z,1782.22,51.98,1730.24,USD,SYNTH-BATCH-USD-2026-01-07-0000,SETTLED
SYNTH-PROC-000230,SYNTH-ORDER-000230,CAPTURE,2026-01-06T02:59:46Z,1429.86,41.77,1388.09,EUR,SYNTH-BATCH-EUR-2026-01-08-0000,SETTLED
SYNTH-PROC-000230-REFUND,SYNTH-ORDER-000230,REFUND,2026-01-07T02:49:46Z,-714.93,0.0,-714.93,EUR,SYNTH-BATCH-REFUND-000230,SETTLED
SYNTH-PROC-000231,SYNTH-ORDER-000231,CAPTURE,2026-01-07T04:32:38Z,794.68,23.35,771.33,GBP,SYNTH-BATCH-GBP-2026-01-09-0000,SETTLED
SYNTH-PROC-000232,SYNTH-ORDER-000232,CAPTURE,2026-01-08T06:53:11Z,990.74,29.03,961.71,USD,SYNTH-BATCH-USD-2026-01-10-0000,SETTLED
SYNTH-PROC-000233,SYNTH-ORDER-000233,CAPTURE,2026-01-09T09:24:27Z,2474.58,72.06,2402.52,USD,SYNTH-BATCH-USD-2026-01-11-0000,SETTLED
SYNTH-PROC-000234,SYNTH-ORDER-000234,CAPTURE,2026-01-10T11:43:06Z,1804.63,52.63,1752.0,USD,SYNTH-BATCH-USD-2026-01-12-0000,SETTLED
SYNTH-PROC-000234,SYNTH-ORDER-000234,CAPTURE,2026-01-10T11:43:06Z,1804.63,52.63,1752.0,USD,SYNTH-BATCH-USD-2026-01-12-0000,SETTLED
SYNTH-PROC-000235,SYNTH-ORDER-000235,CAPTURE,2026-01-11T13:14:17Z,862.29,25.31,836.98,USD,SYNTH-BATCH-USD-2026-01-13-0000,SETTLED
SYNTH-PROC-000236,SYNTH-ORDER-000236,CAPTURE,2026-01-12T15:44:52Z,1951.89,56.9,1894.99,USD,SYNTH-BATCH-USD-2026-01-14-0000,SETTLED
SYNTH-PROC-000237,SYNTH-ORDER-000237,CAPTURE,2026-01-13T17:43:24Z,762.75,22.42,740.33,USD,SYNTH-BATCH-USD-2026-01-15-0000,SETTLED
SYNTH-PROC-000238,SYNTH-ORDER-000238,CAPTURE,2026-01-14T20:36:12Z,407.05,12.1,394.95,USD,SYNTH-BATCH-USD-2026-01-16-0000,SETTLED
SYNTH-PROC-000239,SYNTH-ORDER-000239,CAPTURE,2026-01-01T22:34:36Z,1936.57,56.46,1880.11,USD,SYNTH-BATCH-USD-2026-01-03-0000,SETTLED
SYNTH-PROC-000240,SYNTH-ORDER-000240,CAPTURE,2026-01-02T01:02:17Z,1598.11,46.65,1551.46,EUR,SYNTH-BATCH-EUR-2026-01-04-0000,SETTLED
SYNTH-PROC-000241,SYNTH-ORDER-000241,CAPTURE,2026-01-03T02:48:01Z,1956.36,57.03,1899.33,GBP,SYNTH-BATCH-GBP-2026-01-05-0000,SETTLED
SYNTH-PROC-000242,SYNTH-ORDER-000242,CAPTURE,2026-01-04T05:20:56Z,255.23,8.07,247.16,USD,SYNTH-BATCH-USD-2026-01-06-0000,SETTLED
SYNTH-PROC-000243,SYNTH-ORDER-000243,CAPTURE,2026-01-05T06:44:46Z,10.21,0.6,9.61,USD,SYNTH-BATCH-USD-2026-01-07-0000,SETTLED
SYNTH-PROC-000244,SYNTH-ORDER-000244,CAPTURE,2026-01-06T09:51:23Z,1391.73,40.66,1351.07,USD,SYNTH-BATCH-USD-2026-01-08-0000,SETTLED
SYNTH-PROC-000245,SYNTH-ORDER-000245,CAPTURE,2026-01-07T11:37:05Z,2389.67,69.6,2320.07,USD,SYNTH-BATCH-USD-2026-01-09-0000,SETTLED
SYNTH-PROC-000246,SYNTH-ORDER-000246,CAPTURE,2026-01-08T13:31:24Z,416.81,12.39,404.42,USD,SYNTH-BATCH-USD-2026-01-10-0000,SETTLED
SYNTH-PROC-000247,SYNTH-ORDER-000247,CAPTURE,2026-01-09T16:29:26Z,1773.93,51.74,1722.19,USD,SYNTH-BATCH-USD-2026-01-11-0000,SETTLED
SYNTH-PROC-000248,SYNTH-ORDER-000248,CAPTURE,2026-01-10T18:41:24Z,2214.61,64.52,2150.09,USD,SYNTH-BATCH-USD-2026-01-12-0000,SETTLED
SYNTH-PROC-000249,SYNTH-ORDER-000249,CAPTURE,2026-01-11T19:53:56Z,119.67,3.77,115.9,USD,SYNTH-BATCH-USD-2026-01-13-0000,SETTLED
SYNTH-PROC-000250,SYNTH-ORDER-000250,CAPTURE,2026-01-12T22:36:48Z,2445.00,71.21,2373.79,EUR,SYNTH-BATCH-EUR-2026-01-14-0000,SETTLED
SYNTH-PROC-000251,SYNTH-ORDER-000251,CAPTURE,2026-01-13T00:53:10Z,1561.20,45.57,1515.63,GBP,SYNTH-BATCH-GBP-2026-01-15-0000,SETTLED
SYNTH-PROC-000252,SYNTH-ORDER-000252,CAPTURE,2026-01-14T02:43:48Z,1326.62,38.77,1287.85,USD,SYNTH-BATCH-USD-2026-01-16-0000,SETTLED
SYNTH-PROC-000253,SYNTH-ORDER-000253,CAPTURE,2026-01-01T05:28:39Z,1705.01,50.12,1654.89,USD,SYNTH-BATCH-USD-2026-01-03-0000,SETTLED
SYNTH-PROC-000254,SYNTH-ORDER-000254,CAPTURE,2026-01-02T07:05:12Z,379.15,11.3,367.85,USD,SYNTH-BATCH-USD-2026-01-04-0000,SETTLED
SYNTH-PROC-000255,SYNTH-ORDER-000255,CAPTURE,2026-01-03T09:29:56Z,854.41,25.08,829.33,USD,SYNTH-BATCH-USD-2026-01-05-0000,SETTLED
SYNTH-PROC-000256,SYNTH-ORDER-000256,CAPTURE,2026-01-04T11:21:43Z,1448.81,42.32,1406.49,USD,SYNTH-BATCH-USD-2026-01-06-0000,SETTLED
SYNTH-PROC-000257,SYNTH-ORDER-000257,CAPTURE,2026-01-05T14:24:12Z,239.84,7.26,232.58,USD,SYNTH-BATCH-USD-2026-01-07-0000,SETTLED
SYNTH-PROC-000258,SYNTH-ORDER-000258,CAPTURE,2026-01-06T16:10:12Z,2438.25,71.01,2367.24,USD,SYNTH-BATCH-USD-2026-01-08-0000,SETTLED
SYNTH-PROC-000258,SYNTH-ORDER-000258,CAPTURE,2026-01-06T16:10:12Z,2438.25,71.01,2367.24,USD,SYNTH-BATCH-USD-2026-01-08-0000,SETTLED
SYNTH-PROC-000259,SYNTH-ORDER-000259,CAPTURE,2026-01-07T18:32:13Z,902.81,26.48,876.33,USD,SYNTH-BATCH-USD-2026-01-09-0000,SETTLED
SYNTH-PROC-000260,SYNTH-ORDER-000260,CAPTURE,2026-01-08T20:20:01Z,2009.92,58.59,1951.33,EUR,SYNTH-BATCH-EUR-2026-01-10-0000,SETTLED
SYNTH-PROC-000261,SYNTH-ORDER-000261,CAPTURE,2026-01-09T23:05:57Z,1149.16,33.63,1115.53,GBP,SYNTH-BATCH-GBP-2026-01-11-0000,SETTLED
SYNTH-PROC-000261-REFUND,SYNTH-ORDER-000261,REFUND,2026-01-10T22:55:57Z,-1149.16,0.0,-1149.16,GBP,SYNTH-BATCH-REFUND-000261,SETTLED
SYNTH-PROC-000262,SYNTH-ORDER-000262,CAPTURE,2026-01-10T00:47:48Z,1360.56,39.76,1320.8,USD,SYNTH-BATCH-USD-2026-01-12-0000,SETTLED
SYNTH-PROC-000263,SYNTH-ORDER-000263,CAPTURE,2026-01-11T03:38:22Z,1210.75,35.41,1175.34,USD,SYNTH-BATCH-USD-2026-01-13-0000,SETTLED
SYNTH-PROC-000264,SYNTH-ORDER-000264,CAPTURE,2026-01-12T05:50:07Z,949.56,27.84,921.72,USD,SYNTH-BATCH-USD-2026-01-14-0000,SETTLED
SYNTH-PROC-000264-REFUND,SYNTH-ORDER-000264,REFUND,2026-01-13T05:40:07Z,-474.78,0.0,-474.78,USD,SYNTH-BATCH-REFUND-000264,SETTLED
SYNTH-PROC-000265,SYNTH-ORDER-000265,CAPTURE,2026-01-13T07:17:02Z,708.70,20.85,687.85,USD,SYNTH-BATCH-USD-2026-01-15-0000,SETTLED
SYNTH-PROC-000266,SYNTH-ORDER-000266,CAPTURE,2026-01-14T09:30:11Z,1916.51,55.88,1860.63,USD,SYNTH-BATCH-AMOUNT-BREAK-000266,SETTLED
SYNTH-PROC-000267,SYNTH-ORDER-000267,CAPTURE,2026-01-01T11:39:26Z,736.22,21.65,714.57,USD,SYNTH-BATCH-USD-2026-01-03-0000,SETTLED
SYNTH-PROC-000268,SYNTH-ORDER-000268,CAPTURE,2026-01-02T14:34:00Z,366.26,10.92,355.34,USD,SYNTH-BATCH-USD-2026-01-04-0000,SETTLED
SYNTH-PROC-000269,SYNTH-ORDER-000269,CAPTURE,2026-01-03T16:07:44Z,1715.84,50.06,1665.78,USD,SYNTH-BATCH-USD-2026-01-05-0000,SETTLED
SYNTH-PROC-000270,SYNTH-ORDER-000270,CAPTURE,2026-01-04T18:32:00Z,897.02,26.31,870.71,EUR,SYNTH-BATCH-EUR-2026-01-06-0000,SETTLED
SYNTH-PROC-000271,SYNTH-ORDER-000271,CAPTURE,2026-01-05T20:20:57Z,15.39,0.75,14.64,GBP,SYNTH-BATCH-GBP-2026-01-07-0000,SETTLED
SYNTH-PROC-000272,SYNTH-ORDER-000272,CAPTURE,2026-01-06T23:24:31Z,1971.50,57.47,1914.03,USD,SYNTH-BATCH-USD-2026-01-08-0000,SETTLED
SYNTH-PROC-000273,SYNTH-ORDER-000273,CAPTURE,2026-01-07T00:58:27Z,586.64,17.31,569.33,USD,SYNTH-BATCH-USD-2026-01-09-0000,SETTLED
SYNTH-PROC-000273-ALTERNATE,SYNTH-ORDER-000273,CAPTURE,2026-01-07T00:59:27Z,586.64,17.31,569.33,USD,SYNTH-BATCH-USD-2026-01-09-0000,SETTLED
SYNTH-PROC-000274,SYNTH-ORDER-000274,CAPTURE,2026-01-08T03:37:51Z,870.35,25.54,844.81,USD,SYNTH-BATCH-USD-2026-01-10-0000,SETTLED
SYNTH-PROC-000275,SYNTH-ORDER-000275,CAPTURE,2026-01-09T05:53:33Z,1388.97,40.58,1348.39,USD,SYNTH-BATCH-USD-2026-01-11-0000,SETTLED
SYNTH-PROC-000276,SYNTH-ORDER-000276,CAPTURE,2026-01-10T07:29:54Z,936.66,27.46,909.2,USD,SYNTH-BATCH-USD-2026-01-12-0000,SETTLED
SYNTH-PROC-000277,SYNTH-ORDER-000277,CAPTURE,2026-01-11T10:02:57Z,1732.21,50.53,1681.68,USD,SYNTH-BATCH-USD-2026-01-13-0000,SETTLED
SYNTH-PROC-000278,SYNTH-ORDER-000278,CAPTURE,2026-01-12T12:12:09Z,1770.82,51.65,1719.17,USD,SYNTH-BATCH-USD-2026-01-14-0000,SETTLED
SYNTH-PROC-000279,SYNTH-ORDER-000279,CAPTURE,2026-01-13T14:51:42Z,1558.99,45.51,1513.48,USD,SYNTH-BATCH-USD-2026-01-15-0000,SETTLED
SYNTH-PROC-000280,SYNTH-ORDER-000280,CAPTURE,2026-01-14T16:20:42Z,959.99,28.14,931.85,EUR,SYNTH-BATCH-AMOUNT-BREAK-000280,SETTLED
SYNTH-PROC-000281,SYNTH-ORDER-000281,CAPTURE,2026-01-01T18:21:25Z,537.38,15.88,521.5,GBP,SYNTH-BATCH-GBP-2026-01-03-0000,SETTLED
SYNTH-PROC-000282,SYNTH-ORDER-000282,CAPTURE,2026-01-02T21:13:33Z,1372.70,40.11,1332.59,USD,SYNTH-BATCH-BANK-CURRENCY-000282,SETTLED
SYNTH-PROC-000283,SYNTH-ORDER-000283,CAPTURE,2026-01-03T23:26:41Z,782.74,23.0,759.74,USD,SYNTH-BATCH-USD-2026-01-05-0000,SETTLED
SYNTH-PROC-000284,SYNTH-ORDER-000284,CAPTURE,2026-01-04T01:01:23Z,2256.85,65.75,2191.1,USD,SYNTH-BATCH-USD-2026-01-06-0000,SETTLED
SYNTH-PROC-000285,SYNTH-ORDER-000285,CAPTURE,2026-01-05T03:46:47Z,2248.00,65.49,2182.51,USD,SYNTH-BATCH-USD-2026-01-07-0000,SETTLED
SYNTH-PROC-000285-ALTERNATE,SYNTH-ORDER-000285,CAPTURE,2026-01-05T03:47:47Z,2248.00,65.49,2182.51,USD,SYNTH-BATCH-USD-2026-01-07-0000,SETTLED
SYNTH-PROC-000286,SYNTH-ORDER-000286,CAPTURE,2026-01-06T05:18:23Z,1855.63,54.11,1801.52,USD,SYNTH-BATCH-USD-2026-01-08-0000,SETTLED
SYNTH-PROC-000287,SYNTH-ORDER-000287,CAPTURE,2026-01-07T08:23:16Z,821.57,24.13,797.44,USD,SYNTH-BATCH-USD-2026-01-09-0000,SETTLED
SYNTH-PROC-000288,SYNTH-ORDER-000288,CAPTURE,2026-01-08T10:15:54Z,1377.95,40.26,1337.69,USD,SYNTH-BATCH-USD-2026-01-10-0000,SETTLED
SYNTH-PROC-000289,SYNTH-ORDER-000289,CAPTURE,2026-01-09T12:01:06Z,1166.75,34.14,1132.61,USD,SYNTH-BATCH-USD-2026-01-11-0000,SETTLED
SYNTH-PROC-000290,SYNTH-ORDER-000290,CAPTURE,2026-01-10T14:28:59Z,263.57,7.94,255.63,EUR,SYNTH-BATCH-EUR-2026-01-12-0000,SETTLED
SYNTH-PROC-000291,SYNTH-ORDER-000291,CAPTURE,2026-01-11T16:43:34Z,574.00,16.95,557.05,GBP,SYNTH-BATCH-GBP-2026-01-13-0000,SETTLED
SYNTH-PROC-000292,SYNTH-ORDER-000292,CAPTURE,2026-01-12T19:23:17Z,385.78,11.49,374.29,USD,SYNTH-BATCH-USD-2026-01-14-0000,SETTLED
SYNTH-PROC-000293,SYNTH-ORDER-000293,CAPTURE,2026-01-13T21:40:19Z,640.36,18.87,621.49,USD,SYNTH-BATCH-USD-2026-01-15-0000,SETTLED
SYNTH-PROC-000294,SYNTH-ORDER-000294,CAPTURE,2026-01-14T23:16:05Z,1855.44,54.11,1801.33,USD,SYNTH-BATCH-USD-2026-01-16-0000,SETTLED
SYNTH-PROC-000295,SYNTH-ORDER-000295,CAPTURE,2026-01-01T01:13:36Z,2282.78,66.5,2216.28,USD,SYNTH-BATCH-USD-2026-01-03-0000,SETTLED
SYNTH-PROC-000295-REFUND,SYNTH-ORDER-000295,REFUND,2026-01-02T01:03:36Z,-2282.78,0.0,-2282.78,USD,SYNTH-BATCH-REFUND-000295,SETTLED
SYNTH-PROC-000296,SYNTH-ORDER-000296,CAPTURE,2026-01-02T03:28:18Z,1518.35,44.33,1474.02,USD,SYNTH-BATCH-USD-2026-01-04-0000,SETTLED
SYNTH-PROC-000297,SYNTH-ORDER-000297,CAPTURE,2026-01-03T05:41:34Z,719.23,21.16,698.07,USD,SYNTH-BATCH-USD-2026-01-05-0000,SETTLED
SYNTH-PROC-000298,SYNTH-ORDER-000298,CAPTURE,2026-01-04T07:48:25Z,701.11,20.63,680.48,USD,SYNTH-BATCH-USD-2026-01-06-0000,SETTLED
SYNTH-PROC-000299,SYNTH-ORDER-000299,CAPTURE,2026-01-05T10:15:35Z,1865.59,54.4,1811.19,USD,SYNTH-BATCH-USD-2026-01-07-0000,SETTLED
SYNTH-PROC-000300,SYNTH-ORDER-000300,CAPTURE,2026-01-06T12:12:58Z,1508.09,44.03,1464.06,EUR,SYNTH-BATCH-EUR-2026-01-08-0000,SETTLED
SYNTH-PROC-000301,SYNTH-ORDER-000301,CAPTURE,2026-01-07T15:13:04Z,1259.09,36.81,1222.28,GBP,SYNTH-BATCH-GBP-2026-01-09-0000,SETTLED
SYNTH-PROC-000301,SYNTH-ORDER-000301,CAPTURE,2026-01-07T15:13:04Z,1259.09,36.81,1222.28,GBP,SYNTH-BATCH-GBP-2026-01-09-0000,SETTLED
SYNTH-PROC-000302,SYNTH-ORDER-000302,CAPTURE,2026-01-08T17:27:31Z,2178.96,63.49,2115.47,USD,SYNTH-BATCH-USD-2026-01-10-0000,SETTLED
SYNTH-PROC-000303,SYNTH-ORDER-000303,CAPTURE,2026-01-09T19:20:41Z,2325.39,67.74,2257.65,USD,SYNTH-BATCH-USD-2026-01-11-0000,SETTLED
SYNTH-PROC-000303,SYNTH-ORDER-000303,CAPTURE,2026-01-09T19:20:41Z,2325.39,67.74,2257.65,USD,SYNTH-BATCH-USD-2026-01-11-0000,SETTLED
SYNTH-PROC-000304,SYNTH-ORDER-000304,CAPTURE,2026-01-10T21:30:49Z,7.53,0.52,7.01,USD,SYNTH-BATCH-AMOUNT-BREAK-000304,SETTLED
SYNTH-PROC-000305,SYNTH-ORDER-000305,CAPTURE,2026-01-11T23:43:03Z,1952.91,56.93,1895.98,USD,SYNTH-BATCH-USD-2026-01-13-0000,SETTLED
SYNTH-PROC-000306,SYNTH-ORDER-000306,CAPTURE,2026-01-12T01:33:25Z,2013.20,58.68,1954.52,USD,SYNTH-BATCH-USD-2026-01-14-0000,SETTLED
SYNTH-PROC-000307,SYNTH-ORDER-000307,CAPTURE,2026-01-13T04:08:00Z,2323.16,67.67,2255.49,USD,SYNTH-BATCH-USD-2026-01-15-0000,SETTLED
SYNTH-PROC-000308,SYNTH-ORDER-000308,CAPTURE,2026-01-14T06:25:36Z,1433.41,41.87,1391.54,USD,SYNTH-BATCH-USD-2026-01-16-0000,SETTLED
SYNTH-PROC-000309,SYNTH-ORDER-000309,CAPTURE,2026-01-01T08:15:14Z,262.84,7.92,254.92,USD,SYNTH-BATCH-USD-2026-01-03-0000,SETTLED
SYNTH-PROC-000310,SYNTH-ORDER-000310,CAPTURE,2026-01-02T10:44:46Z,1000.11,29.3,970.81,EUR,SYNTH-BATCH-EUR-2026-01-04-0000,SETTLED
SYNTH-PROC-000311,SYNTH-ORDER-000311,CAPTURE,2026-01-03T12:19:46Z,1122.82,32.86,1089.96,GBP,SYNTH-BATCH-GBP-2026-01-05-0000,SETTLED
SYNTH-PROC-000312,SYNTH-ORDER-000312,CAPTURE,2026-01-04T15:04:30Z,786.97,23.12,763.85,USD,SYNTH-BATCH-USD-2026-01-06-0000,SETTLED
SYNTH-PROC-000313,SYNTH-ORDER-000313,CAPTURE,2026-01-05T16:53:38Z,1774.51,51.76,1722.75,USD,SYNTH-BATCH-USD-2026-01-07-0000,SETTLED
SYNTH-PROC-000314,SYNTH-ORDER-000314,CAPTURE,2026-01-06T19:28:14Z,1851.28,53.99,1797.29,USD,SYNTH-BATCH-USD-2026-01-08-0000,SETTLED
SYNTH-PROC-000315,SYNTH-ORDER-000315,CAPTURE,2026-01-07T21:38:33Z,2499.60,72.79,2426.81,USD,SYNTH-BATCH-USD-2026-01-09-0000,SETTLED
SYNTH-PROC-000316,SYNTH-ORDER-000316,CAPTURE,2026-01-08T23:41:24Z,546.10,16.14,529.96,USD,SYNTH-BATCH-MISSING-000316,SETTLED
SYNTH-PROC-000317,SYNTH-ORDER-000317,CAPTURE,2026-01-09T02:21:21Z,2347.63,68.38,2279.25,USD,SYNTH-BATCH-USD-2026-01-11-0000,SETTLED
SYNTH-PROC-000318,SYNTH-ORDER-000318,CAPTURE,2026-01-10T04:12:37Z,1255.42,36.71,1218.71,USD,SYNTH-BATCH-USD-2026-01-12-0000,SETTLED
SYNTH-PROC-000319,SYNTH-ORDER-000319,CAPTURE,2026-01-11T06:39:21Z,553.93,16.36,537.57,USD,SYNTH-BATCH-USD-2026-01-13-0000,SETTLED
SYNTH-PROC-000320,SYNTH-ORDER-000320,CAPTURE,2026-01-12T08:22:01Z,1160.74,33.96,1126.78,EUR,SYNTH-BATCH-EUR-2026-01-14-0000,SETTLED
SYNTH-PROC-000321,SYNTH-ORDER-000321,CAPTURE,2026-01-13T10:44:15Z,760.18,22.35,737.83,GBP,SYNTH-BATCH-GBP-2026-01-15-0000,SETTLED
SYNTH-PROC-000322,SYNTH-ORDER-000322,CAPTURE,2026-01-14T13:28:23Z,1000.52,29.32,971.2,USD,SYNTH-BATCH-USD-2026-01-16-0000,SETTLED
SYNTH-PROC-000323,SYNTH-ORDER-000323,CAPTURE,2026-01-01T15:38:57Z,1784.64,52.05,1732.59,USD,SYNTH-BATCH-USD-2026-01-03-0000,SETTLED
SYNTH-PROC-000324,SYNTH-ORDER-000324,CAPTURE,2026-01-02T17:23:55Z,422.05,12.54,409.51,USD,SYNTH-BATCH-USD-2026-01-04-0000,SETTLED
SYNTH-PROC-000325,SYNTH-ORDER-000325,CAPTURE,2026-01-03T19:44:53Z,569.90,16.83,553.07,USD,SYNTH-BATCH-USD-2026-01-05-0000,SETTLED
SYNTH-PROC-000326,SYNTH-ORDER-000326,CAPTURE,2026-01-04T21:17:47Z,36.31,1.35,34.96,USD,SYNTH-BATCH-USD-2026-01-06-0000,SETTLED
SYNTH-PROC-000327,SYNTH-ORDER-000327,CAPTURE,2026-01-05T23:43:42Z,2139.86,62.36,2077.5,USD,SYNTH-BATCH-USD-2026-01-07-0000,SETTLED
SYNTH-PROC-000328,SYNTH-ORDER-000328,CAPTURE,2026-01-06T02:36:00Z,837.20,24.58,812.62,USD,SYNTH-BATCH-USD-2026-01-08-0000,SETTLED
SYNTH-PROC-000329,SYNTH-ORDER-000329,CAPTURE,2026-01-07T04:23:45Z,509.77,15.08,494.69,USD,SYNTH-BATCH-USD-2026-01-09-0000,SETTLED
SYNTH-PROC-000330,SYNTH-ORDER-000330,CAPTURE,2026-01-08T06:22:48Z,333.41,9.97,323.44,EUR,SYNTH-BATCH-EUR-2026-01-10-0000,SETTLED
SYNTH-PROC-000331,SYNTH-ORDER-000331,CAPTURE,2026-01-09T08:42:04Z,2439.62,71.05,2368.57,GBP,SYNTH-BATCH-DUPLICATE-000331,SETTLED
SYNTH-PROC-000332,SYNTH-ORDER-000332,CAPTURE,2026-01-10T11:08:53Z,793.48,23.31,770.17,USD,SYNTH-BATCH-USD-2026-01-12-0000,SETTLED
SYNTH-PROC-000333,SYNTH-ORDER-000333,CAPTURE,2026-01-11T12:46:03Z,31.31,1.21,30.1,USD,SYNTH-BATCH-USD-2026-01-13-0000,SETTLED
SYNTH-PROC-000334,SYNTH-ORDER-000334,CAPTURE,2026-01-12T15:09:23Z,2480.39,72.23,2408.16,USD,SYNTH-BATCH-USD-2026-01-14-0000,SETTLED
SYNTH-PROC-000336,SYNTH-ORDER-000336,CAPTURE,2026-01-14T19:57:09Z,529.86,15.67,514.19,USD,SYNTH-BATCH-USD-2026-01-16-0000,SETTLED
SYNTH-PROC-000337,SYNTH-ORDER-000337,CAPTURE,2026-01-01T22:13:29Z,211.30,6.43,204.87,USD,SYNTH-BATCH-USD-2026-01-03-0000,SETTLED
SYNTH-PROC-000338,SYNTH-ORDER-000338,CAPTURE,2026-01-02T00:24:26Z,1658.46,48.4,1610.06,USD,SYNTH-BATCH-USD-2026-01-04-0000,SETTLED
SYNTH-PROC-000339,SYNTH-ORDER-000339,CAPTURE,2026-01-03T02:00:24Z,1884.40,54.95,1829.45,USD,SYNTH-BATCH-USD-2026-01-05-0000,SETTLED
SYNTH-PROC-000340,SYNTH-ORDER-000340,CAPTURE,2026-01-04T04:05:58Z,2051.55,59.79,1991.76,EUR,SYNTH-BATCH-EUR-2026-01-06-0000,SETTLED
SYNTH-PROC-000341,SYNTH-ORDER-000341,CAPTURE,2026-01-05T06:35:19Z,100.91,3.23,97.68,GBP,SYNTH-BATCH-DUPLICATE-000341,SETTLED
SYNTH-PROC-000342,SYNTH-ORDER-000342,CAPTURE,2026-01-06T08:47:42Z,165.67,5.1,160.57,USD,SYNTH-BATCH-USD-2026-01-08-0000,SETTLED
SYNTH-PROC-000343,SYNTH-ORDER-000343,CAPTURE,2026-01-07T11:24:37Z,1425.43,41.64,1383.79,USD,SYNTH-BATCH-USD-2026-01-09-0000,SETTLED
SYNTH-PROC-000344,SYNTH-ORDER-000344,CAPTURE,2026-01-08T13:45:59Z,841.15,24.69,816.46,USD,SYNTH-BATCH-USD-2026-01-10-0000,SETTLED
SYNTH-PROC-000345,SYNTH-ORDER-000345,CAPTURE,2026-01-09T15:42:23Z,2098.44,61.15,2037.29,USD,SYNTH-BATCH-USD-2026-01-11-0000,SETTLED
SYNTH-PROC-000346,SYNTH-ORDER-000346,CAPTURE,2026-01-10T18:02:38Z,614.94,18.13,596.81,USD,SYNTH-BATCH-USD-2026-01-12-0000,SETTLED
SYNTH-PROC-000347,SYNTH-ORDER-000347,CAPTURE,2026-01-11T20:02:20Z,745.64,21.92,723.72,USD,SYNTH-BATCH-USD-2026-01-13-0000,SETTLED
SYNTH-PROC-000348,SYNTH-ORDER-000348,CAPTURE,2026-01-12T21:58:49Z,514.31,15.58,498.73,USD,SYNTH-BATCH-USD-2026-01-14-0000,SETTLED
SYNTH-PROC-000349,SYNTH-ORDER-000349,CAPTURE,2026-01-13T00:39:45Z,1913.19,55.78,1857.41,USD,SYNTH-BATCH-USD-2026-01-15-0000,SETTLED
SYNTH-PROC-000350,SYNTH-ORDER-000350,CAPTURE,2026-01-14T02:26:18Z,2107.51,61.42,2046.09,EUR,SYNTH-BATCH-EUR-2026-01-16-0000,SETTLED
SYNTH-PROC-000350-REFUND,SYNTH-ORDER-000350,REFUND,2026-01-15T02:16:18Z,-2107.51,0.0,-2107.51,EUR,SYNTH-BATCH-REFUND-000350,SETTLED
SYNTH-PROC-000351,SYNTH-ORDER-000351,CAPTURE,2026-01-01T04:20:49Z,2406.64,70.09,2336.55,GBP,SYNTH-BATCH-GBP-2026-01-03-0001,SETTLED
SYNTH-PROC-000352,SYNTH-ORDER-000352,CAPTURE,2026-01-02T06:46:08Z,2119.72,61.77,2057.95,USD,SYNTH-BATCH-USD-2026-01-04-0001,SETTLED
SYNTH-PROC-000353,SYNTH-ORDER-000353,CAPTURE,2026-01-03T09:39:47Z,874.64,25.66,848.98,USD,SYNTH-BATCH-USD-2026-01-05-0001,SETTLED
SYNTH-PROC-000354,SYNTH-ORDER-000354,CAPTURE,2026-01-04T11:03:52Z,513.55,15.19,498.36,USD,SYNTH-BATCH-USD-2026-01-06-0001,SETTLED
SYNTH-PROC-000355,SYNTH-ORDER-000355,CAPTURE,2026-01-05T13:52:21Z,2481.96,72.28,2409.68,USD,SYNTH-BATCH-USD-2026-01-07-0001,SETTLED
SYNTH-PROC-000356,SYNTH-ORDER-000356,CAPTURE,2026-01-06T15:43:11Z,351.15,10.48,340.67,USD,SYNTH-BATCH-USD-2026-01-08-0001,SETTLED
SYNTH-PROC-000357,SYNTH-ORDER-000357,CAPTURE,2026-01-07T17:52:13Z,1680.45,49.03,1631.42,USD,SYNTH-BATCH-USD-2026-01-09-0001,SETTLED
SYNTH-PROC-000358,SYNTH-ORDER-000358,CAPTURE,2026-01-08T20:28:56Z,1514.28,44.21,1470.07,USD,SYNTH-BATCH-USD-2026-01-10-0001,SETTLED
SYNTH-PROC-000359,SYNTH-ORDER-000359,CAPTURE,2026-01-09T22:12:41Z,536.98,15.87,521.11,USD,SYNTH-BATCH-USD-2026-01-11-0001,SETTLED
SYNTH-PROC-000360,SYNTH-ORDER-000360,CAPTURE,2026-01-10T00:18:04Z,2425.82,70.65,2355.17,EUR,SYNTH-BATCH-EUR-2026-01-12-0001,SETTLED
SYNTH-PROC-000361,SYNTH-ORDER-000361,CAPTURE,2026-01-11T02:59:11Z,858.24,25.19,833.05,GBP,SYNTH-BATCH-GBP-2026-01-13-0001,SETTLED
SYNTH-PROC-000362,SYNTH-ORDER-000362,CAPTURE,2026-01-12T04:35:58Z,1046.23,30.64,1015.59,USD,SYNTH-BATCH-MISSING-000362,SETTLED
SYNTH-PROC-000363,SYNTH-ORDER-000363,CAPTURE,2026-01-13T07:18:21Z,71.31,2.37,68.94,USD,SYNTH-BATCH-USD-2026-01-15-0001,SETTLED
SYNTH-PROC-000364,SYNTH-ORDER-000364,CAPTURE,2026-01-14T09:26:50Z,221.40,6.72,214.68,USD,SYNTH-BATCH-USD-2026-01-16-0001,SETTLED
SYNTH-PROC-000365,SYNTH-ORDER-000365,CAPTURE,2026-01-01T11:56:28Z,1852.59,54.03,1798.56,USD,SYNTH-BATCH-USD-2026-01-03-0001,SETTLED
SYNTH-PROC-000366,SYNTH-ORDER-000366,CAPTURE,2026-01-02T13:29:49Z,307.03,9.2,297.83,USD,SYNTH-BATCH-USD-2026-01-04-0001,SETTLED
SYNTH-PROC-000367,SYNTH-ORDER-000367,CAPTURE,2026-01-03T16:18:49Z,1279.97,37.42,1242.55,USD,SYNTH-BATCH-USD-2026-01-05-0001,SETTLED
SYNTH-PROC-000367-REFUND,SYNTH-ORDER-000367,REFUND,2026-01-04T16:08:49Z,-639.99,0.0,-639.99,USD,SYNTH-BATCH-REFUND-000367,SETTLED
SYNTH-PROC-000368,SYNTH-ORDER-000368,CAPTURE,2026-01-04T18:32:27Z,1354.32,39.58,1314.74,USD,SYNTH-BATCH-USD-2026-01-06-0001,SETTLED
SYNTH-PROC-000369,SYNTH-ORDER-000369,CAPTURE,2026-01-05T19:55:12Z,1064.79,31.18,1033.61,USD,SYNTH-BATCH-USD-2026-01-07-0001,SETTLED
SYNTH-PROC-000370,SYNTH-ORDER-000370,CAPTURE,2026-01-06T22:27:09Z,347.85,10.39,337.46,EUR,SYNTH-BATCH-EUR-2026-01-08-0001,SETTLED
SYNTH-PROC-000371,SYNTH-ORDER-000371,CAPTURE,2026-01-07T01:04:11Z,236.00,7.14,228.86,GBP,SYNTH-BATCH-GBP-2026-01-09-0001,SETTLED
SYNTH-PROC-000372,SYNTH-ORDER-000372,CAPTURE,2026-01-08T02:55:24Z,1615.31,47.14,1568.17,USD,SYNTH-BATCH-USD-2026-01-10-0001,SETTLED
SYNTH-PROC-000373,SYNTH-ORDER-000373,CAPTURE,2026-01-09T04:44:57Z,2307.90,67.23,2240.67,USD,SYNTH-BATCH-USD-2026-01-11-0001,SETTLED
SYNTH-PROC-000374,SYNTH-ORDER-000374,CAPTURE,2026-01-10T07:02:30Z,1852.64,54.03,1798.61,USD,SYNTH-BATCH-AMOUNT-BREAK-000374,SETTLED
SYNTH-PROC-000375,SYNTH-ORDER-000375,CAPTURE,2026-01-11T09:06:07Z,1994.50,58.14,1936.36,USD,SYNTH-BATCH-USD-2026-01-13-0001,SETTLED
SYNTH-PROC-000376,SYNTH-ORDER-000376,CAPTURE,2026-01-12T11:30:09Z,1197.72,35.03,1162.69,USD,SYNTH-BATCH-LATE-000376,SETTLED
SYNTH-PROC-000377,SYNTH-ORDER-000377,CAPTURE,2026-01-13T13:57:28Z,1794.02,52.33,1741.69,USD,SYNTH-BATCH-USD-2026-01-15-0001,SETTLED
SYNTH-PROC-000378,SYNTH-ORDER-000378,CAPTURE,2026-01-14T15:52:04Z,2300.46,67.01,2233.45,EUR,SYNTH-BATCH-CURRENCY-000378,SETTLED
SYNTH-PROC-000379,SYNTH-ORDER-000379,CAPTURE,2026-01-01T18:10:12Z,771.88,22.68,749.2,USD,SYNTH-BATCH-USD-2026-01-03-0001,SETTLED
SYNTH-PROC-000380,SYNTH-ORDER-000380,CAPTURE,2026-01-02T20:10:53Z,69.66,2.32,67.34,EUR,SYNTH-BATCH-EUR-2026-01-04-0001,SETTLED
SYNTH-PROC-000381,SYNTH-ORDER-000381,CAPTURE,2026-01-03T22:56:33Z,837.41,24.58,812.83,GBP,SYNTH-BATCH-GBP-2026-01-05-0001,SETTLED
SYNTH-PROC-000382,SYNTH-ORDER-000382,CAPTURE,2026-01-04T01:17:32Z,1695.16,49.46,1645.7,USD,SYNTH-BATCH-USD-2026-01-06-0001,SETTLED
SYNTH-PROC-000382-REFUND,SYNTH-ORDER-000382,REFUND,2026-01-05T01:07:32Z,-847.58,0.0,-847.58,USD,SYNTH-BATCH-REFUND-000382,SETTLED
SYNTH-PROC-000383,SYNTH-ORDER-000383,CAPTURE,2026-01-05T03:25:49Z,2305.90,67.17,2238.73,USD,SYNTH-BATCH-USD-2026-01-07-0001,SETTLED
SYNTH-PROC-000384,SYNTH-ORDER-000384,CAPTURE,2026-01-06T05:06:06Z,2390.87,69.64,2321.23,USD,SYNTH-BATCH-USD-2026-01-08-0001,SETTLED
SYNTH-PROC-000385,SYNTH-ORDER-000385,CAPTURE,2026-01-07T07:28:25Z,1039.07,30.43,1008.64,USD,SYNTH-BATCH-USD-2026-01-09-0001,SETTLED
SYNTH-PROC-000386,SYNTH-ORDER-000386,CAPTURE,2026-01-08T09:58:22Z,276.97,8.33,268.64,USD,SYNTH-BATCH-USD-2026-01-10-0001,SETTLED
SYNTH-PROC-000387,SYNTH-ORDER-000387,CAPTURE,2026-01-09T11:32:05Z,2373.16,69.12,2304.04,USD,SYNTH-BATCH-USD-2026-01-11-0001,SETTLED
SYNTH-PROC-000388,SYNTH-ORDER-000388,CAPTURE,2026-01-10T14:16:15Z,1141.77,33.41,1108.36,USD,SYNTH-BATCH-USD-2026-01-12-0001,SETTLED
SYNTH-PROC-000389,SYNTH-ORDER-000389,CAPTURE,2026-01-11T16:19:47Z,1995.24,58.16,1937.08,USD,SYNTH-BATCH-USD-2026-01-13-0001,SETTLED
SYNTH-PROC-000390,SYNTH-ORDER-000390,CAPTURE,2026-01-12T18:04:20Z,533.07,15.76,517.31,EUR,SYNTH-BATCH-EUR-2026-01-14-0001,SETTLED
SYNTH-PROC-000391,SYNTH-ORDER-000391,CAPTURE,2026-01-13T20:21:55Z,805.73,23.67,782.06,GBP,SYNTH-BATCH-GBP-2026-01-15-0001,SETTLED
SYNTH-PROC-000392,SYNTH-ORDER-000392,CAPTURE,2026-01-14T23:18:31Z,1488.85,43.48,1445.37,USD,SYNTH-BATCH-USD-2026-01-16-0001,SETTLED
SYNTH-PROC-000393,SYNTH-ORDER-000393,CAPTURE,2026-01-01T00:57:42Z,498.35,14.75,483.6,USD,SYNTH-BATCH-USD-2026-01-03-0001,SETTLED
SYNTH-PROC-000394,SYNTH-ORDER-000394,CAPTURE,2026-01-02T03:15:07Z,1055.67,30.91,1024.76,USD,SYNTH-BATCH-USD-2026-01-04-0001,SETTLED
SYNTH-PROC-000395,SYNTH-ORDER-000395,CAPTURE,2026-01-03T05:26:12Z,2364.77,68.88,2295.89,USD,SYNTH-BATCH-USD-2026-01-05-0001,SETTLED
SYNTH-PROC-000396,SYNTH-ORDER-000396,CAPTURE,2026-01-04T07:17:05Z,1056.45,30.94,1025.51,USD,SYNTH-BATCH-USD-2026-01-06-0001,SETTLED
SYNTH-PROC-000397,SYNTH-ORDER-000397,CAPTURE,2026-01-05T10:26:08Z,20.72,0.9,19.82,USD,SYNTH-BATCH-USD-2026-01-07-0001,SETTLED
SYNTH-PROC-000398,SYNTH-ORDER-000398,CAPTURE,2026-01-06T11:59:17Z,1134.61,33.2,1101.41,USD,SYNTH-BATCH-USD-2026-01-08-0001,SETTLED
SYNTH-PROC-000399,SYNTH-ORDER-000399,CAPTURE,2026-01-07T14:37:52Z,1377.91,40.26,1337.65,USD,SYNTH-BATCH-USD-2026-01-09-0001,SETTLED
SYNTH-PROC-000400,SYNTH-ORDER-000400,CAPTURE,2026-01-08T16:51:00Z,84.97,2.76,82.21,EUR,SYNTH-BATCH-EUR-2026-01-10-0001,SETTLED
SYNTH-PROC-000400-REFUND,SYNTH-ORDER-000400,REFUND,2026-01-09T16:41:00Z,-42.49,0.0,-42.49,EUR,SYNTH-BATCH-REFUND-000400,SETTLED
SYNTH-PROC-000401,SYNTH-ORDER-000401,CAPTURE,2026-01-09T18:52:08Z,842.79,24.74,818.05,GBP,SYNTH-BATCH-GBP-2026-01-11-0001,SETTLED
SYNTH-PROC-000402,SYNTH-ORDER-000402,CAPTURE,2026-01-10T20:52:04Z,1265.61,37.0,1228.61,USD,SYNTH-BATCH-USD-2026-01-12-0001,SETTLED
SYNTH-PROC-000403,SYNTH-ORDER-000403,CAPTURE,2026-01-11T23:08:26Z,908.71,26.65,882.06,USD,SYNTH-BATCH-USD-2026-01-13-0001,SETTLED
SYNTH-PROC-000404,SYNTH-ORDER-000404,CAPTURE,2026-01-12T01:14:50Z,2174.16,63.35,2110.81,USD,SYNTH-BATCH-USD-2026-01-14-0001,SETTLED
SYNTH-PROC-000405,SYNTH-ORDER-000405,CAPTURE,2026-01-13T03:21:47Z,768.12,22.58,745.54,USD,SYNTH-BATCH-USD-2026-01-15-0001,SETTLED
SYNTH-PROC-000406,SYNTH-ORDER-000406,CAPTURE,2026-01-14T05:29:33Z,48.65,1.71,46.94,USD,SYNTH-BATCH-USD-2026-01-16-0001,SETTLED
SYNTH-PROC-000407,SYNTH-ORDER-000407,CAPTURE,2026-01-01T07:30:38Z,1830.48,53.38,1777.1,USD,SYNTH-BATCH-BANK-CURRENCY-000407,SETTLED
SYNTH-PROC-000408,SYNTH-ORDER-000408,CAPTURE,2026-01-02T09:39:17Z,2431.43,70.81,2360.62,USD,SYNTH-BATCH-USD-2026-01-04-0001,SETTLED
SYNTH-PROC-000409,SYNTH-ORDER-000409,CAPTURE,2026-01-03T12:15:47Z,317.68,9.51,308.17,USD,SYNTH-BATCH-USD-2026-01-05-0001,SETTLED
SYNTH-PROC-000410,SYNTH-ORDER-000410,CAPTURE,2026-01-04T14:13:33Z,611.23,18.03,593.2,EUR,SYNTH-BATCH-EUR-2026-01-06-0001,SETTLED
SYNTH-PROC-000411,SYNTH-ORDER-000411,CAPTURE,2026-01-05T16:57:16Z,805.49,23.66,781.83,GBP,SYNTH-BATCH-GBP-2026-01-07-0001,SETTLED
SYNTH-PROC-000412,SYNTH-ORDER-000412,CAPTURE,2026-01-06T19:26:40Z,773.75,22.74,751.01,USD,SYNTH-BATCH-USD-2026-01-08-0001,SETTLED
SYNTH-PROC-000413,SYNTH-ORDER-000413,CAPTURE,2026-01-07T21:05:33Z,1027.02,30.08,996.94,USD,SYNTH-BATCH-USD-2026-01-09-0001,SETTLED
SYNTH-PROC-000414,SYNTH-ORDER-000414,CAPTURE,2026-01-08T23:06:37Z,454.34,13.48,440.86,USD,SYNTH-BATCH-USD-2026-01-10-0001,SETTLED
SYNTH-PROC-000414-ALTERNATE,SYNTH-ORDER-000414,CAPTURE,2026-01-08T23:07:37Z,454.34,13.48,440.86,USD,SYNTH-BATCH-USD-2026-01-10-0001,SETTLED
SYNTH-PROC-000415,SYNTH-ORDER-000415,CAPTURE,2026-01-09T01:04:53Z,1572.78,45.91,1526.87,EUR,SYNTH-BATCH-CURRENCY-000415,SETTLED
SYNTH-PROC-000416,SYNTH-ORDER-000416,CAPTURE,2026-01-10T03:29:08Z,157.30,4.86,152.44,EUR,SYNTH-BATCH-CURRENCY-000416,SETTLED
SYNTH-PROC-000417,SYNTH-ORDER-000417,CAPTURE,2026-01-11T06:15:06Z,1890.06,55.11,1834.95,USD,SYNTH-BATCH-USD-2026-01-13-0001,SETTLED
SYNTH-PROC-000418,SYNTH-ORDER-000418,CAPTURE,2026-01-12T07:40:44Z,2138.48,62.32,2076.16,USD,SYNTH-BATCH-USD-2026-01-14-0001,SETTLED
SYNTH-PROC-000419,SYNTH-ORDER-000419,CAPTURE,2026-01-13T10:05:26Z,1578.53,46.08,1532.45,USD,SYNTH-BATCH-USD-2026-01-15-0001,SETTLED
SYNTH-PROC-000420,SYNTH-ORDER-000420,CAPTURE,2026-01-14T12:26:42Z,937.27,27.48,909.79,EUR,SYNTH-BATCH-EUR-2026-01-16-0001,SETTLED
SYNTH-PROC-000421,SYNTH-ORDER-000421,CAPTURE,2026-01-01T14:24:39Z,595.50,17.57,577.93,GBP,SYNTH-BATCH-GBP-2026-01-03-0001,SETTLED
SYNTH-PROC-000422,SYNTH-ORDER-000422,CAPTURE,2026-01-02T16:57:03Z,1002.70,29.38,973.32,USD,SYNTH-BATCH-USD-2026-01-04-0001,SETTLED
SYNTH-PROC-000423,SYNTH-ORDER-000423,CAPTURE,2026-01-03T19:01:30Z,395.55,11.77,383.78,USD,SYNTH-BATCH-USD-2026-01-05-0001,SETTLED
SYNTH-PROC-000424,SYNTH-ORDER-000424,CAPTURE,2026-01-04T20:56:14Z,1404.64,41.03,1363.61,USD,SYNTH-BATCH-USD-2026-01-06-0001,SETTLED
SYNTH-PROC-000425,SYNTH-ORDER-000425,CAPTURE,2026-01-05T23:28:38Z,2033.45,59.27,1974.18,USD,SYNTH-BATCH-LATE-000425,SETTLED
SYNTH-PROC-000426,SYNTH-ORDER-000426,CAPTURE,2026-01-06T01:43:08Z,1717.99,50.12,1667.87,EUR,SYNTH-BATCH-CURRENCY-000426,SETTLED
SYNTH-PROC-000427,SYNTH-ORDER-000427,CAPTURE,2026-01-07T03:46:15Z,1222.37,35.75,1186.62,USD,SYNTH-BATCH-USD-2026-01-09-0001,SETTLED
SYNTH-PROC-000428,SYNTH-ORDER-000428,CAPTURE,2026-01-08T06:37:09Z,921.96,27.04,894.92,USD,SYNTH-BATCH-USD-2026-01-10-0001,SETTLED
SYNTH-PROC-000429,SYNTH-ORDER-000429,CAPTURE,2026-01-09T07:51:24Z,1991.44,58.05,1933.39,USD,SYNTH-BATCH-USD-2026-01-11-0001,SETTLED
SYNTH-PROC-000430,SYNTH-ORDER-000430,CAPTURE,2026-01-10T10:44:46Z,1821.97,53.14,1768.83,EUR,SYNTH-BATCH-EUR-2026-01-12-0001,SETTLED
SYNTH-PROC-000431,SYNTH-ORDER-000431,CAPTURE,2026-01-11T13:04:47Z,1218.07,35.62,1182.45,GBP,SYNTH-BATCH-GBP-2026-01-13-0001,SETTLED
SYNTH-PROC-000431-REFUND,SYNTH-ORDER-000431,REFUND,2026-01-12T12:54:47Z,-609.04,0.0,-609.04,GBP,SYNTH-BATCH-REFUND-000431,SETTLED
SYNTH-PROC-000432,SYNTH-ORDER-000432,CAPTURE,2026-01-12T15:22:33Z,19.22,0.86,18.36,USD,SYNTH-BATCH-USD-2026-01-14-0001,SETTLED
SYNTH-PROC-000433,SYNTH-ORDER-000433,CAPTURE,2026-01-13T17:29:08Z,566.23,16.72,549.51,USD,SYNTH-BATCH-USD-2026-01-15-0001,SETTLED
SYNTH-PROC-000434,SYNTH-ORDER-000434,CAPTURE,2026-01-14T19:44:19Z,1576.75,46.03,1530.72,USD,SYNTH-BATCH-USD-2026-01-16-0001,SETTLED
SYNTH-PROC-000435,SYNTH-ORDER-000435,CAPTURE,2026-01-01T22:01:24Z,1642.79,47.94,1594.85,USD,SYNTH-BATCH-USD-2026-01-03-0001,SETTLED
SYNTH-PROC-000436,SYNTH-ORDER-000436,CAPTURE,2026-01-02T23:34:13Z,1600.98,46.73,1554.25,USD,SYNTH-BATCH-USD-2026-01-04-0001,SETTLED
SYNTH-PROC-000437,SYNTH-ORDER-000437,CAPTURE,2026-01-03T02:09:22Z,1925.14,56.13,1869.01,USD,SYNTH-BATCH-USD-2026-01-05-0001,SETTLED
SYNTH-PROC-000438,SYNTH-ORDER-000438,CAPTURE,2026-01-04T04:01:41Z,2374.63,69.16,2305.47,USD,SYNTH-BATCH-USD-2026-01-06-0001,SETTLED
SYNTH-PROC-000439,SYNTH-ORDER-000439,CAPTURE,2026-01-05T06:24:39Z,822.81,24.16,798.65,USD,SYNTH-BATCH-USD-2026-01-07-0001,SETTLED
SYNTH-PROC-000439-REFUND,SYNTH-ORDER-000439,REFUND,2026-01-06T06:14:39Z,-822.81,0.0,-822.81,USD,SYNTH-BATCH-REFUND-000439,SETTLED
SYNTH-PROC-000440,SYNTH-ORDER-000440,CAPTURE,2026-01-06T08:43:35Z,1814.60,52.92,1761.68,EUR,SYNTH-BATCH-EUR-2026-01-08-0001,SETTLED
SYNTH-PROC-000441,SYNTH-ORDER-000441,CAPTURE,2026-01-07T10:55:20Z,1656.51,48.34,1608.17,GBP,SYNTH-BATCH-GBP-2026-01-09-0001,SETTLED
SYNTH-PROC-000442,SYNTH-ORDER-000442,CAPTURE,2026-01-08T12:51:26Z,1449.60,42.34,1407.26,USD,SYNTH-BATCH-USD-2026-01-10-0001,SETTLED
SYNTH-PROC-000443,SYNTH-ORDER-000443,CAPTURE,2026-01-09T14:47:42Z,574.20,16.95,557.25,USD,SYNTH-BATCH-USD-2026-01-11-0001,SETTLED
SYNTH-PROC-000444,SYNTH-ORDER-000444,CAPTURE,2026-01-10T17:33:40Z,808.18,24.11,784.07,USD,SYNTH-BATCH-USD-2026-01-12-0001,SETTLED
SYNTH-PROC-000445,SYNTH-ORDER-000445,CAPTURE,2026-01-11T20:00:51Z,884.84,25.96,858.88,USD,SYNTH-BATCH-USD-2026-01-13-0001,SETTLED
SYNTH-PROC-000445-REFUND,SYNTH-ORDER-000445,REFUND,2026-01-12T19:50:51Z,-442.42,0.0,-442.42,USD,SYNTH-BATCH-REFUND-000445,SETTLED
SYNTH-PROC-000446,SYNTH-ORDER-000446,CAPTURE,2026-01-12T21:29:36Z,1112.86,32.57,1080.29,USD,SYNTH-BATCH-USD-2026-01-14-0001,SETTLED
SYNTH-PROC-000447,SYNTH-ORDER-000447,CAPTURE,2026-01-13T23:32:28Z,556.37,16.43,539.94,USD,SYNTH-BATCH-USD-2026-01-15-0001,SETTLED
SYNTH-PROC-000448,SYNTH-ORDER-000448,CAPTURE,2026-01-14T01:43:30Z,900.24,26.41,873.83,USD,SYNTH-BATCH-USD-2026-01-16-0001,SETTLED
SYNTH-PROC-000449,SYNTH-ORDER-000449,CAPTURE,2026-01-01T04:49:36Z,1858.89,54.21,1804.68,USD,SYNTH-BATCH-AMOUNT-BREAK-000449,SETTLED
SYNTH-PROC-000450,SYNTH-ORDER-000450,CAPTURE,2026-01-02T06:47:11Z,1273.35,37.23,1236.12,EUR,SYNTH-BATCH-EUR-2026-01-04-0001,SETTLED
SYNTH-PROC-000451,SYNTH-ORDER-000451,CAPTURE,2026-01-03T08:17:41Z,2247.93,65.49,2182.44,GBP,SYNTH-BATCH-GBP-2026-01-05-0001,SETTLED
SYNTH-PROC-000452,SYNTH-ORDER-000452,CAPTURE,2026-01-04T10:29:04Z,1470.58,42.95,1427.63,USD,SYNTH-BATCH-USD-2026-01-06-0001,SETTLED
SYNTH-PROC-000453,SYNTH-ORDER-000453,CAPTURE,2026-01-05T13:11:25Z,1029.44,30.15,999.29,USD,SYNTH-BATCH-USD-2026-01-07-0001,SETTLED
SYNTH-PROC-000454,SYNTH-ORDER-000454,CAPTURE,2026-01-06T15:33:45Z,2163.97,63.06,2100.91,USD,SYNTH-BATCH-USD-2026-01-08-0001,SETTLED
SYNTH-PROC-000456,SYNTH-ORDER-000456,CAPTURE,2026-01-08T19:44:14Z,2498.21,72.75,2425.46,USD,SYNTH-BATCH-USD-2026-01-10-0001,SETTLED
SYNTH-PROC-000457,SYNTH-ORDER-000457,CAPTURE,2026-01-09T22:15:21Z,182.84,5.6,177.24,USD,SYNTH-BATCH-USD-2026-01-11-0001,SETTLED
SYNTH-PROC-000458,SYNTH-ORDER-000458,CAPTURE,2026-01-10T00:30:45Z,1488.52,43.47,1445.05,USD,SYNTH-BATCH-USD-2026-01-12-0001,SETTLED
SYNTH-PROC-000459,SYNTH-ORDER-000459,CAPTURE,2026-01-11T02:20:46Z,2153.53,62.75,2090.78,USD,SYNTH-BATCH-USD-2026-01-13-0001,SETTLED
SYNTH-PROC-000460,SYNTH-ORDER-000460,CAPTURE,2026-01-12T04:14:48Z,1421.68,41.53,1380.15,EUR,SYNTH-BATCH-EUR-2026-01-14-0001,SETTLED
SYNTH-PROC-000461,SYNTH-ORDER-000461,CAPTURE,2026-01-13T06:36:27Z,1306.41,38.19,1268.22,GBP,SYNTH-BATCH-GBP-2026-01-15-0001,SETTLED
SYNTH-PROC-000462,SYNTH-ORDER-000462,CAPTURE,2026-01-14T08:43:28Z,304.59,9.13,295.46,USD,SYNTH-BATCH-USD-2026-01-16-0001,SETTLED
SYNTH-PROC-000463,SYNTH-ORDER-000463,CAPTURE,2026-01-01T10:56:04Z,2167.57,63.16,2104.41,USD,SYNTH-BATCH-USD-2026-01-03-0001,SETTLED
SYNTH-PROC-000464,SYNTH-ORDER-000464,CAPTURE,2026-01-02T13:18:49Z,306.08,9.18,296.9,USD,SYNTH-BATCH-USD-2026-01-04-0001,SETTLED
SYNTH-PROC-000466,SYNTH-ORDER-000466,CAPTURE,2026-01-04T17:27:50Z,2138.76,62.32,2076.44,USD,SYNTH-BATCH-USD-2026-01-06-0001,SETTLED
SYNTH-PROC-000467,SYNTH-ORDER-000467,CAPTURE,2026-01-05T20:18:29Z,313.99,9.41,304.58,USD,SYNTH-BATCH-USD-2026-01-07-0001,SETTLED
SYNTH-PROC-000469,SYNTH-ORDER-000469,CAPTURE,2026-01-07T00:40:24Z,722.27,21.25,701.02,USD,SYNTH-BATCH-USD-2026-01-09-0001,SETTLED
SYNTH-PROC-000469-REFUND,SYNTH-ORDER-000469,REFUND,2026-01-08T00:30:24Z,-722.27,0.0,-722.27,USD,SYNTH-BATCH-REFUND-000469,SETTLED
SYNTH-PROC-000470,SYNTH-ORDER-000470,CAPTURE,2026-01-08T02:13:44Z,363.72,10.85,352.87,EUR,SYNTH-BATCH-EUR-2026-01-10-0001,SETTLED
SYNTH-PROC-000471,SYNTH-ORDER-000471,CAPTURE,2026-01-09T05:02:19Z,2499.05,72.77,2426.28,GBP,SYNTH-BATCH-GBP-2026-01-11-0001,SETTLED
SYNTH-PROC-000472,SYNTH-ORDER-000472,CAPTURE,2026-01-10T07:04:30Z,1134.32,33.2,1101.12,USD,SYNTH-BATCH-BANK-CURRENCY-000472,SETTLED
SYNTH-PROC-000473,SYNTH-ORDER-000473,CAPTURE,2026-01-11T08:52:59Z,597.31,17.62,579.69,USD,SYNTH-BATCH-USD-2026-01-13-0001,SETTLED
SYNTH-PROC-000474,SYNTH-ORDER-000474,CAPTURE,2026-01-12T11:29:29Z,1371.03,40.06,1330.97,USD,SYNTH-BATCH-USD-2026-01-14-0001,SETTLED
SYNTH-PROC-000475,SYNTH-ORDER-000475,CAPTURE,2026-01-13T13:28:09Z,1228.15,35.92,1192.23,USD,SYNTH-BATCH-USD-2026-01-15-0001,SETTLED
SYNTH-PROC-000475,SYNTH-ORDER-000475,CAPTURE,2026-01-13T13:28:09Z,1228.15,35.92,1192.23,USD,SYNTH-BATCH-USD-2026-01-15-0001,SETTLED
SYNTH-PROC-000476,SYNTH-ORDER-000476,CAPTURE,2026-01-14T15:34:42Z,952.14,27.91,924.23,USD,SYNTH-BATCH-USD-2026-01-16-0001,SETTLED
SYNTH-PROC-000476-REFUND,SYNTH-ORDER-000476,REFUND,2026-01-15T15:24:42Z,-952.14,0.0,-952.14,USD,SYNTH-BATCH-REFUND-000476,SETTLED
SYNTH-PROC-000477,SYNTH-ORDER-000477,CAPTURE,2026-01-01T18:10:27Z,491.27,14.55,476.72,USD,SYNTH-BATCH-USD-2026-01-03-0001,SETTLED
SYNTH-PROC-000478,SYNTH-ORDER-000478,CAPTURE,2026-01-02T19:56:05Z,2014.85,58.73,1956.12,USD,SYNTH-BATCH-USD-2026-01-04-0001,SETTLED
SYNTH-PROC-000479,SYNTH-ORDER-000479,CAPTURE,2026-01-03T22:31:41Z,1331.40,39.28,1292.12,USD,SYNTH-BATCH-USD-2026-01-05-0001,SETTLED
SYNTH-PROC-000480,SYNTH-ORDER-000480,CAPTURE,2026-01-04T00:14:44Z,585.12,17.27,567.85,EUR,SYNTH-BATCH-EUR-2026-01-06-0001,SETTLED
SYNTH-PROC-000481,SYNTH-ORDER-000481,CAPTURE,2026-01-05T03:10:32Z,1823.83,53.19,1770.64,GBP,SYNTH-BATCH-GBP-2026-01-07-0001,SETTLED
SYNTH-PROC-000482,SYNTH-ORDER-000482,CAPTURE,2026-01-06T05:10:09Z,719.73,21.17,698.56,USD,SYNTH-BATCH-USD-2026-01-08-0001,SETTLED
SYNTH-PROC-000483,SYNTH-ORDER-000483,CAPTURE,2026-01-07T06:48:50Z,1083.48,31.72,1051.76,USD,SYNTH-BATCH-USD-2026-01-09-0001,SETTLED
SYNTH-PROC-000484,SYNTH-ORDER-000484,CAPTURE,2026-01-08T08:54:28Z,894.83,26.25,868.58,USD,SYNTH-BATCH-USD-2026-01-10-0001,SETTLED
SYNTH-PROC-000485,SYNTH-ORDER-000485,CAPTURE,2026-01-09T11:12:54Z,1227.35,35.89,1191.46,USD,SYNTH-BATCH-LATE-000485,SETTLED
SYNTH-PROC-000486,SYNTH-ORDER-000486,CAPTURE,2026-01-10T13:47:33Z,1111.55,32.53,1079.02,USD,SYNTH-BATCH-USD-2026-01-12-0001,SETTLED
SYNTH-PROC-000487,SYNTH-ORDER-000487,CAPTURE,2026-01-11T16:11:00Z,1066.55,31.23,1035.32,USD,SYNTH-BATCH-USD-2026-01-13-0001,SETTLED
SYNTH-PROC-000487-REFUND,SYNTH-ORDER-000487,REFUND,2026-01-12T16:01:00Z,-533.28,0.0,-533.28,USD,SYNTH-BATCH-REFUND-000487,SETTLED
SYNTH-PROC-000488,SYNTH-ORDER-000488,CAPTURE,2026-01-12T18:36:37Z,2273.65,66.24,2207.41,USD,SYNTH-BATCH-USD-2026-01-14-0001,SETTLED
SYNTH-PROC-000489,SYNTH-ORDER-000489,CAPTURE,2026-01-13T20:08:37Z,1878.14,54.77,1823.37,USD,SYNTH-BATCH-USD-2026-01-15-0001,SETTLED
SYNTH-PROC-000491,SYNTH-ORDER-000491,CAPTURE,2026-01-01T00:27:29Z,2096.26,61.09,2035.17,GBP,SYNTH-BATCH-MISSING-000491,SETTLED
SYNTH-PROC-000492,SYNTH-ORDER-000492,CAPTURE,2026-01-02T02:44:32Z,616.87,18.19,598.68,USD,SYNTH-BATCH-USD-2026-01-04-0001,SETTLED
SYNTH-PROC-000493,SYNTH-ORDER-000493,CAPTURE,2026-01-03T05:33:33Z,1810.80,52.81,1757.99,USD,SYNTH-BATCH-USD-2026-01-05-0001,SETTLED
SYNTH-PROC-000494,SYNTH-ORDER-000494,CAPTURE,2026-01-04T07:48:29Z,1419.10,41.45,1377.65,USD,SYNTH-BATCH-USD-2026-01-06-0001,SETTLED
SYNTH-PROC-000495,SYNTH-ORDER-000495,CAPTURE,2026-01-05T09:59:19Z,984.03,28.84,955.19,USD,SYNTH-BATCH-USD-2026-01-07-0001,SETTLED
SYNTH-PROC-000496,SYNTH-ORDER-000496,CAPTURE,2026-01-06T11:21:19Z,1129.74,33.06,1096.68,USD,SYNTH-BATCH-USD-2026-01-08-0001,SETTLED
SYNTH-PROC-000497,SYNTH-ORDER-000497,CAPTURE,2026-01-07T13:31:36Z,1283.30,37.52,1245.78,USD,SYNTH-BATCH-USD-2026-01-09-0001,SETTLED
SYNTH-PROC-000498,SYNTH-ORDER-000498,CAPTURE,2026-01-08T15:44:02Z,577.48,17.05,560.43,USD,SYNTH-BATCH-USD-2026-01-10-0001,SETTLED
SYNTH-PROC-000499,SYNTH-ORDER-000499,CAPTURE,2026-01-09T18:06:17Z,2080.63,60.64,2019.99,USD,SYNTH-BATCH-USD-2026-01-11-0001,SETTLED
SYNTH-PROC-000500,SYNTH-ORDER-000500,CAPTURE,2026-01-10T20:40:24Z,2159.43,62.92,2096.51,EUR,SYNTH-BATCH-EUR-2026-01-12-0001,SETTLED
SYNTH-PROC-000500,SYNTH-ORDER-000500,CAPTURE,2026-01-10T20:40:24Z,2159.43,62.92,2096.51,EUR,SYNTH-BATCH-EUR-2026-01-12-0001,SETTLED
SYNTH-PROC-000501,SYNTH-ORDER-000501,CAPTURE,2026-01-11T22:28:26Z,1122.44,32.85,1089.59,GBP,SYNTH-BATCH-GBP-2026-01-13-0001,SETTLED
SYNTH-PROC-000502,SYNTH-ORDER-000502,CAPTURE,2026-01-12T00:31:55Z,895.00,26.26,868.74,USD,SYNTH-BATCH-USD-2026-01-14-0001,SETTLED
SYNTH-PROC-000503,SYNTH-ORDER-000503,CAPTURE,2026-01-13T02:53:34Z,2491.76,72.56,2419.2,USD,SYNTH-BATCH-USD-2026-01-15-0001,SETTLED
SYNTH-PROC-000504,SYNTH-ORDER-000504,CAPTURE,2026-01-14T05:33:37Z,2339.18,68.14,2271.04,USD,SYNTH-BATCH-USD-2026-01-16-0001,SETTLED
SYNTH-PROC-000505,SYNTH-ORDER-000505,CAPTURE,2026-01-01T07:35:45Z,676.71,19.92,656.79,USD,SYNTH-BATCH-USD-2026-01-03-0001,SETTLED
SYNTH-PROC-000506,SYNTH-ORDER-000506,CAPTURE,2026-01-02T09:22:38Z,471.67,13.98,457.69,USD,SYNTH-BATCH-USD-2026-01-04-0001,SETTLED
SYNTH-PROC-000507,SYNTH-ORDER-000507,CAPTURE,2026-01-03T12:23:37Z,1422.47,41.55,1380.92,USD,SYNTH-BATCH-USD-2026-01-05-0001,SETTLED
SYNTH-PROC-000507,SYNTH-ORDER-000507,CAPTURE,2026-01-03T12:23:37Z,1422.47,41.55,1380.92,USD,SYNTH-BATCH-USD-2026-01-05-0001,SETTLED
SYNTH-PROC-000508,SYNTH-ORDER-000508,CAPTURE,2026-01-04T13:46:01Z,1694.06,49.43,1644.63,USD,SYNTH-BATCH-AMOUNT-BREAK-000508,SETTLED
SYNTH-PROC-000509,SYNTH-ORDER-000509,CAPTURE,2026-01-05T16:06:17Z,1080.84,31.64,1049.2,USD,SYNTH-BATCH-USD-2026-01-07-0001,SETTLED
SYNTH-PROC-000510,SYNTH-ORDER-000510,CAPTURE,2026-01-06T18:45:17Z,926.01,27.15,898.86,EUR,SYNTH-BATCH-EUR-2026-01-08-0001,SETTLED
SYNTH-PROC-000511,SYNTH-ORDER-000511,CAPTURE,2026-01-07T20:49:06Z,814.76,23.93,790.83,GBP,SYNTH-BATCH-GBP-2026-01-09-0001,SETTLED
SYNTH-PROC-000512,SYNTH-ORDER-000512,CAPTURE,2026-01-08T23:16:44Z,1931.09,56.3,1874.79,USD,SYNTH-BATCH-USD-2026-01-10-0001,SETTLED
SYNTH-PROC-000513,SYNTH-ORDER-000513,CAPTURE,2026-01-09T00:45:58Z,1834.13,53.49,1780.64,USD,SYNTH-BATCH-USD-2026-01-11-0001,SETTLED
SYNTH-PROC-000514,SYNTH-ORDER-000514,CAPTURE,2026-01-10T03:04:36Z,1811.31,52.83,1758.48,USD,SYNTH-BATCH-USD-2026-01-12-0001,SETTLED
SYNTH-PROC-000515,SYNTH-ORDER-000515,CAPTURE,2026-01-11T05:27:40Z,1135.72,33.24,1102.48,USD,SYNTH-BATCH-USD-2026-01-13-0001,SETTLED
SYNTH-PROC-000516,SYNTH-ORDER-000516,CAPTURE,2026-01-12T08:11:47Z,409.76,12.18,397.58,USD,SYNTH-BATCH-BANK-CURRENCY-000516,SETTLED
SYNTH-PROC-000517,SYNTH-ORDER-000517,CAPTURE,2026-01-13T10:07:50Z,773.07,22.72,750.35,USD,SYNTH-BATCH-USD-2026-01-15-0001,SETTLED
SYNTH-PROC-000518,SYNTH-ORDER-000518,CAPTURE,2026-01-14T12:30:11Z,1175.85,34.4,1141.45,USD,SYNTH-BATCH-USD-2026-01-16-0001,SETTLED
SYNTH-PROC-000518-REFUND,SYNTH-ORDER-000518,REFUND,2026-01-15T12:20:11Z,-1175.85,0.0,-1175.85,USD,SYNTH-BATCH-REFUND-000518,SETTLED
SYNTH-PROC-000519,SYNTH-ORDER-000519,CAPTURE,2026-01-01T13:49:32Z,2341.44,68.2,2273.24,USD,SYNTH-BATCH-USD-2026-01-03-0001,SETTLED
SYNTH-PROC-000520,SYNTH-ORDER-000520,CAPTURE,2026-01-02T16:01:55Z,673.28,19.83,653.45,EUR,SYNTH-BATCH-EUR-2026-01-04-0001,SETTLED
SYNTH-PROC-000521,SYNTH-ORDER-000521,CAPTURE,2026-01-03T18:21:32Z,1814.10,52.91,1761.19,GBP,SYNTH-BATCH-GBP-2026-01-05-0001,SETTLED
SYNTH-PROC-000522,SYNTH-ORDER-000522,CAPTURE,2026-01-04T20:33:33Z,508.29,15.04,493.25,USD,SYNTH-BATCH-USD-2026-01-06-0001,SETTLED
SYNTH-PROC-000523,SYNTH-ORDER-000523,CAPTURE,2026-01-05T22:41:23Z,228.86,6.94,221.92,USD,SYNTH-BATCH-USD-2026-01-07-0001,SETTLED
SYNTH-PROC-000524,SYNTH-ORDER-000524,CAPTURE,2026-01-06T01:25:33Z,1181.33,34.56,1146.77,USD,SYNTH-BATCH-USD-2026-01-08-0001,SETTLED
SYNTH-PROC-000525,SYNTH-ORDER-000525,CAPTURE,2026-01-07T03:28:32Z,1132.89,33.15,1099.74,USD,SYNTH-BATCH-USD-2026-01-09-0001,SETTLED
SYNTH-PROC-000526,SYNTH-ORDER-000526,CAPTURE,2026-01-08T05:14:01Z,2280.55,66.44,2214.11,USD,SYNTH-BATCH-USD-2026-01-10-0001,SETTLED
SYNTH-PROC-000528,SYNTH-ORDER-000528,CAPTURE,2026-01-10T09:51:27Z,2427.46,70.7,2356.76,USD,SYNTH-BATCH-USD-2026-01-12-0001,SETTLED
SYNTH-PROC-000529,SYNTH-ORDER-000529,CAPTURE,2026-01-11T11:57:55Z,979.63,28.71,950.92,USD,SYNTH-BATCH-USD-2026-01-13-0001,SETTLED
SYNTH-PROC-000530,SYNTH-ORDER-000530,CAPTURE,2026-01-12T14:43:02Z,1587.87,46.35,1541.52,EUR,SYNTH-BATCH-EUR-2026-01-14-0001,SETTLED
SYNTH-PROC-000531,SYNTH-ORDER-000531,CAPTURE,2026-01-13T17:08:37Z,883.10,26.28,856.82,GBP,SYNTH-BATCH-GBP-2026-01-15-0001,SETTLED
SYNTH-PROC-000532,SYNTH-ORDER-000532,CAPTURE,2026-01-14T19:01:51Z,2283.86,66.53,2217.33,USD,SYNTH-BATCH-USD-2026-01-16-0001,SETTLED
SYNTH-PROC-000533,SYNTH-ORDER-000533,CAPTURE,2026-01-01T21:14:42Z,962.37,28.21,934.16,USD,SYNTH-BATCH-USD-2026-01-03-0001,SETTLED
SYNTH-PROC-000534,SYNTH-ORDER-000534,CAPTURE,2026-01-02T23:32:10Z,1620.21,47.29,1572.92,USD,SYNTH-BATCH-USD-2026-01-04-0001,SETTLED
SYNTH-PROC-000535,SYNTH-ORDER-000535,CAPTURE,2026-01-03T01:06:35Z,876.95,25.73,851.22,USD,SYNTH-BATCH-USD-2026-01-05-0001,SETTLED
SYNTH-PROC-000536,SYNTH-ORDER-000536,CAPTURE,2026-01-04T04:03:56Z,1158.08,33.88,1124.2,USD,SYNTH-BATCH-USD-2026-01-06-0001,SETTLED
SYNTH-PROC-000537,SYNTH-ORDER-000537,CAPTURE,2026-01-05T06:07:45Z,2204.52,64.23,2140.29,USD,SYNTH-BATCH-USD-2026-01-07-0001,SETTLED
SYNTH-PROC-000538,SYNTH-ORDER-000538,CAPTURE,2026-01-06T08:31:20Z,2263.18,65.93,2197.25,USD,SYNTH-BATCH-USD-2026-01-08-0001,SETTLED
SYNTH-PROC-000539,SYNTH-ORDER-000539,CAPTURE,2026-01-07T10:24:34Z,2388.07,69.55,2318.52,USD,SYNTH-BATCH-USD-2026-01-09-0001,SETTLED
SYNTH-PROC-000540,SYNTH-ORDER-000540,CAPTURE,2026-01-08T12:04:12Z,2284.62,66.55,2218.07,EUR,SYNTH-BATCH-EUR-2026-01-10-0001,SETTLED
SYNTH-PROC-000541,SYNTH-ORDER-000541,CAPTURE,2026-01-09T15:07:50Z,1321.87,38.63,1283.24,GBP,SYNTH-BATCH-GBP-2026-01-11-0001,SETTLED
SYNTH-PROC-000542,SYNTH-ORDER-000542,CAPTURE,2026-01-10T17:12:17Z,1256.48,36.74,1219.74,USD,SYNTH-BATCH-USD-2026-01-12-0001,SETTLED
SYNTH-PROC-000543,SYNTH-ORDER-000543,CAPTURE,2026-01-11T18:59:57Z,1530.72,44.69,1486.03,USD,SYNTH-BATCH-USD-2026-01-13-0001,SETTLED
SYNTH-PROC-000544,SYNTH-ORDER-000544,CAPTURE,2026-01-12T21:17:15Z,805.35,23.66,781.69,USD,SYNTH-BATCH-USD-2026-01-14-0001,SETTLED
SYNTH-PROC-000545,SYNTH-ORDER-000545,CAPTURE,2026-01-13T23:31:49Z,2441.18,71.09,2370.09,USD,SYNTH-BATCH-BANK-CURRENCY-000545,SETTLED
SYNTH-PROC-000546,SYNTH-ORDER-000546,CAPTURE,2026-01-14T01:24:05Z,1171.99,34.29,1137.7,USD,SYNTH-BATCH-USD-2026-01-16-0001,SETTLED
SYNTH-PROC-000547,SYNTH-ORDER-000547,CAPTURE,2026-01-01T04:19:44Z,1358.04,39.68,1318.36,USD,SYNTH-BATCH-BANK-CURRENCY-000547,SETTLED
SYNTH-PROC-000548,SYNTH-ORDER-000548,CAPTURE,2026-01-02T05:52:35Z,703.32,20.7,682.62,USD,SYNTH-BATCH-USD-2026-01-04-0001,SETTLED
SYNTH-PROC-000549,SYNTH-ORDER-000549,CAPTURE,2026-01-03T08:46:46Z,1849.68,53.94,1795.74,USD,SYNTH-BATCH-USD-2026-01-05-0001,SETTLED
SYNTH-PROC-000550,SYNTH-ORDER-000550,CAPTURE,2026-01-04T10:02:53Z,1265.25,36.99,1228.26,EUR,SYNTH-BATCH-EUR-2026-01-06-0001,SETTLED
SYNTH-PROC-000551,SYNTH-ORDER-000551,CAPTURE,2026-01-05T12:38:01Z,1121.67,32.83,1088.84,GBP,SYNTH-BATCH-GBP-2026-01-07-0001,SETTLED
SYNTH-PROC-000552,SYNTH-ORDER-000552,CAPTURE,2026-01-06T14:27:09Z,2005.44,58.46,1946.98,USD,SYNTH-BATCH-USD-2026-01-08-0001,SETTLED
SYNTH-PROC-000553,SYNTH-ORDER-000553,CAPTURE,2026-01-07T17:26:58Z,2105.82,61.37,2044.45,USD,SYNTH-BATCH-USD-2026-01-09-0001,SETTLED
SYNTH-PROC-000554,SYNTH-ORDER-000554,CAPTURE,2026-01-08T19:08:41Z,1397.38,40.82,1356.56,USD,SYNTH-BATCH-DUPLICATE-000554,SETTLED
SYNTH-PROC-000555,SYNTH-ORDER-000555,CAPTURE,2026-01-09T21:52:07Z,2419.94,70.48,2349.46,USD,SYNTH-BATCH-USD-2026-01-11-0001,SETTLED
SYNTH-PROC-000556,SYNTH-ORDER-000556,CAPTURE,2026-01-10T23:34:36Z,1679.42,49.0,1630.42,USD,SYNTH-BATCH-USD-2026-01-12-0001,SETTLED
SYNTH-PROC-000557,SYNTH-ORDER-000557,CAPTURE,2026-01-11T02:24:24Z,331.94,9.93,322.01,USD,SYNTH-BATCH-USD-2026-01-13-0001,SETTLED
SYNTH-PROC-000558,SYNTH-ORDER-000558,CAPTURE,2026-01-12T04:09:06Z,289.46,8.69,280.77,USD,SYNTH-BATCH-USD-2026-01-14-0001,SETTLED
SYNTH-PROC-000559,SYNTH-ORDER-000559,CAPTURE,2026-01-13T06:27:19Z,2332.38,67.94,2264.44,USD,SYNTH-BATCH-BANK-CURRENCY-000559,SETTLED
SYNTH-PROC-000560,SYNTH-ORDER-000560,CAPTURE,2026-01-14T08:27:53Z,674.55,19.86,654.69,EUR,SYNTH-BATCH-EUR-2026-01-16-0001,SETTLED
SYNTH-PROC-000561,SYNTH-ORDER-000561,CAPTURE,2026-01-01T11:07:00Z,1393.30,40.71,1352.59,GBP,SYNTH-BATCH-GBP-2026-01-03-0001,SETTLED
SYNTH-PROC-000562,SYNTH-ORDER-000562,CAPTURE,2026-01-02T12:34:22Z,1311.00,38.32,1272.68,USD,SYNTH-BATCH-USD-2026-01-04-0001,SETTLED
SYNTH-PROC-000564,SYNTH-ORDER-000564,CAPTURE,2026-01-04T17:35:51Z,557.15,16.46,540.69,USD,SYNTH-BATCH-USD-2026-01-06-0001,SETTLED
SYNTH-PROC-000565,SYNTH-ORDER-000565,CAPTURE,2026-01-05T19:13:02Z,1010.54,29.61,980.93,USD,SYNTH-BATCH-USD-2026-01-07-0001,SETTLED
SYNTH-PROC-000565,SYNTH-ORDER-000565,CAPTURE,2026-01-05T19:13:02Z,1010.54,29.61,980.93,USD,SYNTH-BATCH-USD-2026-01-07-0001,SETTLED
SYNTH-PROC-000566,SYNTH-ORDER-000566,CAPTURE,2026-01-06T21:23:13Z,1494.40,43.64,1450.76,USD,SYNTH-BATCH-MISSING-000566,SETTLED
SYNTH-PROC-000567,SYNTH-ORDER-000567,CAPTURE,2026-01-07T23:51:33Z,1738.63,50.72,1687.91,USD,SYNTH-BATCH-USD-2026-01-09-0001,SETTLED
SYNTH-PROC-000568,SYNTH-ORDER-000568,CAPTURE,2026-01-08T02:08:15Z,2070.07,60.33,2009.74,USD,SYNTH-BATCH-USD-2026-01-10-0001,SETTLED
SYNTH-PROC-000569,SYNTH-ORDER-000569,CAPTURE,2026-01-09T04:43:32Z,2385.57,69.48,2316.09,USD,SYNTH-BATCH-USD-2026-01-11-0001,SETTLED
SYNTH-PROC-000570,SYNTH-ORDER-000570,CAPTURE,2026-01-10T06:21:20Z,1810.31,52.8,1757.51,EUR,SYNTH-BATCH-EUR-2026-01-12-0001,SETTLED
SYNTH-PROC-000571,SYNTH-ORDER-000571,CAPTURE,2026-01-11T08:57:01Z,1693.55,49.41,1644.14,GBP,SYNTH-BATCH-GBP-2026-01-13-0001,SETTLED
SYNTH-PROC-000572,SYNTH-ORDER-000572,CAPTURE,2026-01-12T10:41:25Z,1845.31,54.18,1791.13,USD,SYNTH-BATCH-USD-2026-01-14-0001,SETTLED
SYNTH-PROC-000573,SYNTH-ORDER-000573,CAPTURE,2026-01-13T13:20:52Z,916.87,26.89,889.98,USD,SYNTH-BATCH-USD-2026-01-15-0001,SETTLED
SYNTH-PROC-000574,SYNTH-ORDER-000574,CAPTURE,2026-01-14T14:55:19Z,1926.29,56.16,1870.13,USD,SYNTH-BATCH-USD-2026-01-16-0001,SETTLED
SYNTH-PROC-000575,SYNTH-ORDER-000575,CAPTURE,2026-01-01T17:46:42Z,55.60,1.91,53.69,USD,SYNTH-BATCH-USD-2026-01-03-0001,SETTLED
SYNTH-PROC-000576,SYNTH-ORDER-000576,CAPTURE,2026-01-02T19:14:40Z,214.83,6.53,208.3,USD,SYNTH-BATCH-USD-2026-01-04-0001,SETTLED
SYNTH-PROC-000577,SYNTH-ORDER-000577,CAPTURE,2026-01-03T21:36:27Z,582.35,17.19,565.16,USD,SYNTH-BATCH-USD-2026-01-05-0001,SETTLED
SYNTH-PROC-000578,SYNTH-ORDER-000578,CAPTURE,2026-01-04T00:17:44Z,1524.39,44.51,1479.88,USD,SYNTH-BATCH-USD-2026-01-06-0001,SETTLED
SYNTH-PROC-000579,SYNTH-ORDER-000579,CAPTURE,2026-01-05T02:37:39Z,1385.87,40.49,1345.38,USD,SYNTH-BATCH-USD-2026-01-07-0001,SETTLED
SYNTH-PROC-000580,SYNTH-ORDER-000580,CAPTURE,2026-01-06T04:39:36Z,196.40,6.0,190.4,EUR,SYNTH-BATCH-EUR-2026-01-08-0001,SETTLED
SYNTH-PROC-000581,SYNTH-ORDER-000581,CAPTURE,2026-01-07T06:49:10Z,310.01,9.29,300.72,GBP,SYNTH-BATCH-LATE-000581,SETTLED
SYNTH-PROC-000582,SYNTH-ORDER-000582,CAPTURE,2026-01-08T08:32:59Z,2030.37,59.18,1971.19,USD,SYNTH-BATCH-USD-2026-01-10-0001,SETTLED
SYNTH-PROC-000583,SYNTH-ORDER-000583,CAPTURE,2026-01-09T10:49:44Z,1042.35,30.53,1011.82,USD,SYNTH-BATCH-USD-2026-01-11-0001,SETTLED
SYNTH-PROC-000584,SYNTH-ORDER-000584,CAPTURE,2026-01-10T13:37:35Z,1252.40,36.62,1215.78,USD,SYNTH-BATCH-USD-2026-01-12-0001,SETTLED
SYNTH-PROC-000585,SYNTH-ORDER-000585,CAPTURE,2026-01-11T15:31:39Z,1404.41,41.4,1363.01,USD,SYNTH-BATCH-USD-2026-01-13-0001,SETTLED
SYNTH-PROC-000586,SYNTH-ORDER-000586,CAPTURE,2026-01-12T18:07:23Z,1821.70,53.13,1768.57,USD,SYNTH-BATCH-MISSING-000586,SETTLED
SYNTH-PROC-000587,SYNTH-ORDER-000587,CAPTURE,2026-01-13T19:54:01Z,1001.13,29.33,971.8,USD,SYNTH-BATCH-USD-2026-01-15-0001,SETTLED
SYNTH-PROC-000588,SYNTH-ORDER-000588,CAPTURE,2026-01-14T21:56:24Z,2272.72,66.21,2206.51,USD,SYNTH-BATCH-USD-2026-01-16-0001,SETTLED
SYNTH-PROC-000589,SYNTH-ORDER-000589,CAPTURE,2026-01-01T00:47:04Z,2290.28,66.72,2223.56,USD,SYNTH-BATCH-USD-2026-01-03-0001,SETTLED
SYNTH-PROC-000590,SYNTH-ORDER-000590,CAPTURE,2026-01-02T02:18:28Z,1626.72,47.84,1578.88,EUR,SYNTH-BATCH-EUR-2026-01-04-0001,SETTLED
SYNTH-PROC-000591,SYNTH-ORDER-000591,CAPTURE,2026-01-03T05:11:29Z,674.90,20.24,654.66,GBP,SYNTH-BATCH-GBP-2026-01-05-0001,SETTLED
SYNTH-PROC-000592,SYNTH-ORDER-000592,CAPTURE,2026-01-04T07:24:00Z,960.49,28.15,932.34,USD,SYNTH-BATCH-USD-2026-01-06-0001,SETTLED
SYNTH-PROC-000593,SYNTH-ORDER-000593,CAPTURE,2026-01-05T09:20:23Z,606.83,17.9,588.93,USD,SYNTH-BATCH-USD-2026-01-07-0001,SETTLED
SYNTH-PROC-000594,SYNTH-ORDER-000594,CAPTURE,2026-01-06T11:03:15Z,660.26,19.45,640.81,USD,SYNTH-BATCH-USD-2026-01-08-0001,SETTLED
SYNTH-PROC-000595,SYNTH-ORDER-000595,CAPTURE,2026-01-07T13:11:46Z,150.60,4.67,145.93,USD,SYNTH-BATCH-USD-2026-01-09-0001,SETTLED
SYNTH-PROC-000596,SYNTH-ORDER-000596,CAPTURE,2026-01-08T15:54:50Z,1245.53,36.42,1209.11,USD,SYNTH-BATCH-USD-2026-01-10-0001,SETTLED
SYNTH-PROC-000597,SYNTH-ORDER-000597,CAPTURE,2026-01-09T17:30:44Z,1303.46,38.1,1265.36,USD,SYNTH-BATCH-USD-2026-01-11-0001,SETTLED
SYNTH-PROC-000598,SYNTH-ORDER-000598,CAPTURE,2026-01-10T19:40:57Z,92.71,2.99,89.72,USD,SYNTH-BATCH-USD-2026-01-12-0001,SETTLED
SYNTH-PROC-000599,SYNTH-ORDER-000599,CAPTURE,2026-01-11T22:45:13Z,21.80,0.93,20.87,USD,SYNTH-BATCH-USD-2026-01-13-0001,SETTLED
SYNTH-PROC-000600,SYNTH-ORDER-000600,CAPTURE,2026-01-12T00:34:16Z,26.36,1.06,25.3,EUR,SYNTH-BATCH-EUR-2026-01-14-0001,SETTLED
SYNTH-PROC-000601,SYNTH-ORDER-000601,CAPTURE,2026-01-13T02:32:16Z,1466.25,42.82,1423.43,GBP,SYNTH-BATCH-GBP-2026-01-15-0001,SETTLED
SYNTH-PROC-000602,SYNTH-ORDER-000602,CAPTURE,2026-01-14T04:25:52Z,1804.93,52.64,1752.29,USD,SYNTH-BATCH-USD-2026-01-16-0001,SETTLED
SYNTH-PROC-000603,SYNTH-ORDER-000603,CAPTURE,2026-01-01T06:45:52Z,868.26,25.48,842.78,USD,SYNTH-BATCH-USD-2026-01-03-0001,SETTLED
SYNTH-PROC-000604,SYNTH-ORDER-000604,CAPTURE,2026-01-02T09:29:40Z,55.83,1.92,53.91,USD,SYNTH-BATCH-USD-2026-01-04-0001,SETTLED
SYNTH-PROC-000605,SYNTH-ORDER-000605,CAPTURE,2026-01-03T11:20:52Z,2036.82,59.37,1977.45,USD,SYNTH-BATCH-USD-2026-01-05-0001,SETTLED
SYNTH-PROC-000606,SYNTH-ORDER-000606,CAPTURE,2026-01-04T13:31:44Z,2310.20,67.3,2242.9,USD,SYNTH-BATCH-USD-2026-01-06-0001,SETTLED
SYNTH-PROC-000607,SYNTH-ORDER-000607,CAPTURE,2026-01-05T15:57:09Z,80.77,2.64,78.13,USD,SYNTH-BATCH-USD-2026-01-07-0001,SETTLED
SYNTH-PROC-000608,SYNTH-ORDER-000608,CAPTURE,2026-01-06T18:27:25Z,1103.14,32.29,1070.85,USD,SYNTH-BATCH-USD-2026-01-08-0001,SETTLED
SYNTH-PROC-000608-REFUND,SYNTH-ORDER-000608,REFUND,2026-01-07T18:17:25Z,-551.57,0.0,-551.57,USD,SYNTH-BATCH-REFUND-000608,SETTLED
SYNTH-PROC-000609,SYNTH-ORDER-000609,CAPTURE,2026-01-07T20:22:43Z,994.14,29.13,965.01,USD,SYNTH-BATCH-USD-2026-01-09-0001,SETTLED
SYNTH-PROC-000610,SYNTH-ORDER-000610,CAPTURE,2026-01-08T22:03:31Z,1262.30,36.91,1225.39,EUR,SYNTH-BATCH-EUR-2026-01-10-0001,SETTLED
SYNTH-PROC-000611,SYNTH-ORDER-000611,CAPTURE,2026-01-09T00:29:32Z,603.08,17.79,585.29,GBP,SYNTH-BATCH-GBP-2026-01-11-0001,SETTLED
SYNTH-PROC-000612,SYNTH-ORDER-000612,CAPTURE,2026-01-10T03:07:25Z,2034.74,59.31,1975.43,USD,SYNTH-BATCH-USD-2026-01-12-0001,SETTLED
SYNTH-PROC-000613,SYNTH-ORDER-000613,CAPTURE,2026-01-11T05:03:40Z,344.54,10.29,334.25,USD,SYNTH-BATCH-USD-2026-01-13-0001,SETTLED
SYNTH-PROC-000614,SYNTH-ORDER-000614,CAPTURE,2026-01-12T07:12:36Z,1430.55,41.79,1388.76,USD,SYNTH-BATCH-USD-2026-01-14-0001,SETTLED
SYNTH-PROC-000615,SYNTH-ORDER-000615,CAPTURE,2026-01-13T09:42:07Z,2224.55,64.81,2159.74,USD,SYNTH-BATCH-USD-2026-01-15-0001,SETTLED
SYNTH-PROC-000616,SYNTH-ORDER-000616,CAPTURE,2026-01-14T11:53:30Z,262.08,7.9,254.18,USD,SYNTH-BATCH-USD-2026-01-16-0001,SETTLED
SYNTH-PROC-000617,SYNTH-ORDER-000617,CAPTURE,2026-01-01T13:50:22Z,1601.97,46.76,1555.21,USD,SYNTH-BATCH-USD-2026-01-03-0001,SETTLED
SYNTH-PROC-000618,SYNTH-ORDER-000618,CAPTURE,2026-01-02T15:49:29Z,2423.31,70.58,2352.73,USD,SYNTH-BATCH-USD-2026-01-04-0001,SETTLED
SYNTH-PROC-000619,SYNTH-ORDER-000619,CAPTURE,2026-01-03T18:21:29Z,329.07,9.84,319.23,USD,SYNTH-BATCH-USD-2026-01-05-0001,SETTLED
SYNTH-PROC-000620,SYNTH-ORDER-000620,CAPTURE,2026-01-04T20:58:26Z,651.76,19.2,632.56,EUR,SYNTH-BATCH-EUR-2026-01-06-0001,SETTLED
SYNTH-PROC-000621,SYNTH-ORDER-000621,CAPTURE,2026-01-05T23:07:28Z,912.90,26.77,886.13,GBP,SYNTH-BATCH-GBP-2026-01-07-0001,SETTLED
SYNTH-PROC-000622,SYNTH-ORDER-000622,CAPTURE,2026-01-06T01:12:36Z,80.38,2.63,77.75,USD,SYNTH-BATCH-USD-2026-01-08-0001,SETTLED
SYNTH-PROC-000623,SYNTH-ORDER-000623,CAPTURE,2026-01-07T02:44:44Z,1880.60,54.84,1825.76,USD,SYNTH-BATCH-USD-2026-01-09-0001,SETTLED
SYNTH-PROC-000623,SYNTH-ORDER-000623,CAPTURE,2026-01-07T02:44:44Z,1880.60,54.84,1825.76,USD,SYNTH-BATCH-USD-2026-01-09-0001,SETTLED
SYNTH-PROC-000624,SYNTH-ORDER-000624,CAPTURE,2026-01-08T05:19:07Z,876.28,25.71,850.57,USD,SYNTH-BATCH-USD-2026-01-10-0001,SETTLED
SYNTH-PROC-000625,SYNTH-ORDER-000625,CAPTURE,2026-01-09T07:01:53Z,934.88,27.41,907.47,USD,SYNTH-BATCH-USD-2026-01-11-0001,SETTLED
SYNTH-PROC-000626,SYNTH-ORDER-000626,CAPTURE,2026-01-10T09:19:47Z,376.75,11.23,365.52,USD,SYNTH-BATCH-USD-2026-01-12-0001,SETTLED
SYNTH-PROC-000627,SYNTH-ORDER-000627,CAPTURE,2026-01-11T11:45:32Z,2000.87,58.33,1942.54,USD,SYNTH-BATCH-USD-2026-01-13-0001,SETTLED
SYNTH-PROC-000628,SYNTH-ORDER-000628,CAPTURE,2026-01-12T13:45:15Z,2363.73,68.85,2294.88,USD,SYNTH-BATCH-USD-2026-01-14-0001,SETTLED
SYNTH-PROC-000629,SYNTH-ORDER-000629,CAPTURE,2026-01-13T16:06:00Z,955.41,28.01,927.4,USD,SYNTH-BATCH-USD-2026-01-15-0001,SETTLED
SYNTH-PROC-000630,SYNTH-ORDER-000630,CAPTURE,2026-01-14T18:20:22Z,20.78,0.9,19.88,EUR,SYNTH-BATCH-EUR-2026-01-16-0001,SETTLED
SYNTH-PROC-000631,SYNTH-ORDER-000631,CAPTURE,2026-01-01T20:22:35Z,1803.21,52.59,1750.62,GBP,SYNTH-BATCH-GBP-2026-01-03-0001,SETTLED
SYNTH-PROC-000632,SYNTH-ORDER-000632,CAPTURE,2026-01-02T22:47:16Z,1728.99,50.44,1678.55,USD,SYNTH-BATCH-USD-2026-01-04-0001,SETTLED
SYNTH-PROC-000633,SYNTH-ORDER-000633,CAPTURE,2026-01-03T01:26:19Z,2419.88,70.48,2349.4,USD,SYNTH-BATCH-USD-2026-01-05-0001,SETTLED
SYNTH-PROC-000634,SYNTH-ORDER-000634,CAPTURE,2026-01-04T03:00:25Z,172.49,5.3,167.19,USD,SYNTH-BATCH-USD-2026-01-06-0001,SETTLED
SYNTH-PROC-000635,SYNTH-ORDER-000635,CAPTURE,2026-01-05T05:44:24Z,1950.81,56.87,1893.94,USD,SYNTH-BATCH-USD-2026-01-07-0001,SETTLED
SYNTH-PROC-000636,SYNTH-ORDER-000636,CAPTURE,2026-01-06T07:40:04Z,976.84,28.63,948.21,USD,SYNTH-BATCH-USD-2026-01-08-0001,SETTLED
SYNTH-PROC-000637,SYNTH-ORDER-000637,CAPTURE,2026-01-07T09:51:48Z,2438.50,71.02,2367.48,USD,SYNTH-BATCH-USD-2026-01-09-0001,SETTLED
SYNTH-PROC-000637,SYNTH-ORDER-000637,CAPTURE,2026-01-07T09:51:48Z,2438.50,71.02,2367.48,USD,SYNTH-BATCH-USD-2026-01-09-0001,SETTLED
SYNTH-PROC-000638,SYNTH-ORDER-000638,CAPTURE,2026-01-08T12:25:46Z,706.29,21.15,685.14,USD,SYNTH-BATCH-USD-2026-01-10-0001,SETTLED
SYNTH-PROC-000639,SYNTH-ORDER-000639,CAPTURE,2026-01-09T14:18:22Z,1795.33,52.36,1742.97,USD,SYNTH-BATCH-USD-2026-01-11-0001,SETTLED
SYNTH-PROC-000640,SYNTH-ORDER-000640,CAPTURE,2026-01-10T16:01:02Z,625.12,18.43,606.69,EUR,SYNTH-BATCH-EUR-2026-01-12-0001,SETTLED
SYNTH-PROC-000641,SYNTH-ORDER-000641,CAPTURE,2026-01-11T18:19:22Z,2353.55,68.55,2285.0,GBP,SYNTH-BATCH-GBP-2026-01-13-0001,SETTLED
SYNTH-PROC-000642,SYNTH-ORDER-000642,CAPTURE,2026-01-12T20:27:42Z,1595.97,46.58,1549.39,USD,SYNTH-BATCH-USD-2026-01-14-0001,SETTLED
SYNTH-PROC-000643,SYNTH-ORDER-000643,CAPTURE,2026-01-13T23:27:38Z,1491.55,43.92,1447.63,USD,SYNTH-BATCH-USD-2026-01-15-0001,SETTLED
SYNTH-PROC-000644,SYNTH-ORDER-000644,CAPTURE,2026-01-14T01:26:22Z,1402.73,40.98,1361.75,USD,SYNTH-BATCH-USD-2026-01-16-0001,SETTLED
SYNTH-PROC-000645,SYNTH-ORDER-000645,CAPTURE,2026-01-01T03:18:42Z,330.24,9.88,320.36,USD,SYNTH-BATCH-USD-2026-01-03-0001,SETTLED
SYNTH-PROC-000646,SYNTH-ORDER-000646,CAPTURE,2026-01-02T06:02:06Z,117.83,3.72,114.11,USD,SYNTH-BATCH-USD-2026-01-04-0001,SETTLED
SYNTH-PROC-000647,SYNTH-ORDER-000647,CAPTURE,2026-01-03T07:44:49Z,1154.48,33.78,1120.7,USD,SYNTH-BATCH-USD-2026-01-05-0001,SETTLED
SYNTH-PROC-000648,SYNTH-ORDER-000648,CAPTURE,2026-01-04T10:22:08Z,539.03,15.93,523.1,USD,SYNTH-BATCH-USD-2026-01-06-0001,SETTLED
SYNTH-PROC-000649,SYNTH-ORDER-000649,CAPTURE,2026-01-05T12:06:34Z,1979.31,57.7,1921.61,USD,SYNTH-BATCH-USD-2026-01-07-0001,SETTLED
SYNTH-PROC-000650,SYNTH-ORDER-000650,CAPTURE,2026-01-06T14:37:08Z,180.96,5.55,175.41,EUR,SYNTH-BATCH-EUR-2026-01-08-0001,SETTLED
SYNTH-PROC-000651,SYNTH-ORDER-000651,CAPTURE,2026-01-07T16:19:27Z,1295.50,37.87,1257.63,GBP,SYNTH-BATCH-GBP-2026-01-09-0001,SETTLED
SYNTH-PROC-000652,SYNTH-ORDER-000652,CAPTURE,2026-01-08T18:42:51Z,2134.33,62.2,2072.13,USD,SYNTH-BATCH-USD-2026-01-10-0001,SETTLED
SYNTH-PROC-000653,SYNTH-ORDER-000653,CAPTURE,2026-01-09T20:52:25Z,1703.09,49.69,1653.4,USD,SYNTH-BATCH-USD-2026-01-11-0001,SETTLED
SYNTH-PROC-000654,SYNTH-ORDER-000654,CAPTURE,2026-01-10T23:28:40Z,1588.41,46.36,1542.05,USD,SYNTH-BATCH-USD-2026-01-12-0001,SETTLED
SYNTH-PROC-000655,SYNTH-ORDER-000655,CAPTURE,2026-01-11T01:51:36Z,8.43,0.54,7.89,USD,SYNTH-BATCH-USD-2026-01-13-0001,SETTLED
SYNTH-PROC-000656,SYNTH-ORDER-000656,CAPTURE,2026-01-12T04:10:39Z,2393.37,69.71,2323.66,USD,SYNTH-BATCH-AMOUNT-BREAK-000656,SETTLED
SYNTH-PROC-000657,SYNTH-ORDER-000657,CAPTURE,2026-01-13T05:58:54Z,2317.99,67.52,2250.47,USD,SYNTH-BATCH-USD-2026-01-15-0001,SETTLED
SYNTH-PROC-000658,SYNTH-ORDER-000658,CAPTURE,2026-01-14T07:49:31Z,685.82,20.19,665.63,USD,SYNTH-BATCH-USD-2026-01-16-0001,SETTLED
SYNTH-PROC-000659,SYNTH-ORDER-000659,CAPTURE,2026-01-01T09:59:17Z,133.14,4.16,128.98,USD,SYNTH-BATCH-USD-2026-01-03-0001,SETTLED
SYNTH-PROC-000660,SYNTH-ORDER-000660,CAPTURE,2026-01-02T12:11:53Z,291.95,8.77,283.18,EUR,SYNTH-BATCH-EUR-2026-01-04-0001,SETTLED
SYNTH-PROC-000661,SYNTH-ORDER-000661,CAPTURE,2026-01-03T15:07:22Z,1320.42,38.59,1281.83,GBP,SYNTH-BATCH-GBP-2026-01-05-0001,SETTLED
SYNTH-PROC-000662,SYNTH-ORDER-000662,CAPTURE,2026-01-04T16:55:32Z,15.06,0.74,14.32,USD,SYNTH-BATCH-USD-2026-01-06-0001,SETTLED
SYNTH-PROC-000663,SYNTH-ORDER-000663,CAPTURE,2026-01-05T18:44:23Z,1809.81,52.78,1757.03,USD,SYNTH-BATCH-USD-2026-01-07-0001,SETTLED
SYNTH-PROC-000664,SYNTH-ORDER-000664,CAPTURE,2026-01-06T21:43:24Z,1568.45,45.79,1522.66,USD,SYNTH-BATCH-USD-2026-01-08-0001,SETTLED
SYNTH-PROC-000665,SYNTH-ORDER-000665,CAPTURE,2026-01-07T23:46:48Z,951.40,27.89,923.51,USD,SYNTH-BATCH-USD-2026-01-09-0001,SETTLED
SYNTH-PROC-000666,SYNTH-ORDER-000666,CAPTURE,2026-01-08T01:24:25Z,1549.39,45.23,1504.16,USD,SYNTH-BATCH-USD-2026-01-10-0001,SETTLED
SYNTH-PROC-000666-ALTERNATE,SYNTH-ORDER-000666,CAPTURE,2026-01-08T01:25:25Z,1549.39,45.23,1504.16,USD,SYNTH-BATCH-USD-2026-01-10-0001,SETTLED
SYNTH-PROC-000667,SYNTH-ORDER-000667,CAPTURE,2026-01-09T03:48:43Z,2210.02,64.39,2145.63,USD,SYNTH-BATCH-MISSING-000667,SETTLED
SYNTH-PROC-000668,SYNTH-ORDER-000668,CAPTURE,2026-01-10T06:10:53Z,116.71,3.68,113.03,USD,SYNTH-BATCH-USD-2026-01-12-0001,SETTLED
SYNTH-PROC-000669,SYNTH-ORDER-000669,CAPTURE,2026-01-11T08:05:44Z,2128.05,62.38,2065.67,USD,SYNTH-BATCH-USD-2026-01-13-0001,SETTLED
SYNTH-PROC-000670,SYNTH-ORDER-000670,CAPTURE,2026-01-12T10:49:29Z,2408.99,70.16,2338.83,EUR,SYNTH-BATCH-EUR-2026-01-14-0001,SETTLED
SYNTH-PROC-000671,SYNTH-ORDER-000671,CAPTURE,2026-01-13T12:17:57Z,111.56,3.54,108.02,GBP,SYNTH-BATCH-GBP-2026-01-15-0001,SETTLED
SYNTH-PROC-000672,SYNTH-ORDER-000672,CAPTURE,2026-01-14T14:41:18Z,2162.87,63.02,2099.85,USD,SYNTH-BATCH-USD-2026-01-16-0001,SETTLED
SYNTH-PROC-000673,SYNTH-ORDER-000673,CAPTURE,2026-01-01T16:58:26Z,704.84,20.74,684.1,USD,SYNTH-BATCH-USD-2026-01-03-0001,SETTLED
SYNTH-PROC-000674,SYNTH-ORDER-000674,CAPTURE,2026-01-02T19:24:16Z,2390.73,69.63,2321.1,USD,SYNTH-BATCH-USD-2026-01-04-0001,SETTLED
SYNTH-PROC-000675,SYNTH-ORDER-000675,CAPTURE,2026-01-03T21:35:58Z,1922.93,56.06,1866.87,USD,SYNTH-BATCH-USD-2026-01-05-0001,SETTLED
SYNTH-PROC-000677,SYNTH-ORDER-000677,CAPTURE,2026-01-05T02:04:57Z,233.87,7.08,226.79,USD,SYNTH-BATCH-USD-2026-01-07-0001,SETTLED
SYNTH-PROC-000678,SYNTH-ORDER-000678,CAPTURE,2026-01-06T04:30:28Z,1849.91,53.95,1795.96,USD,SYNTH-BATCH-USD-2026-01-08-0001,SETTLED
SYNTH-PROC-000679,SYNTH-ORDER-000679,CAPTURE,2026-01-07T06:22:30Z,789.77,23.2,766.57,USD,SYNTH-BATCH-LATE-000679,SETTLED
SYNTH-PROC-000680,SYNTH-ORDER-000680,CAPTURE,2026-01-08T08:42:52Z,2164.17,63.06,2101.11,EUR,SYNTH-BATCH-EUR-2026-01-10-0001,SETTLED
SYNTH-PROC-000681,SYNTH-ORDER-000681,CAPTURE,2026-01-09T10:41:16Z,571.66,16.88,554.78,GBP,SYNTH-BATCH-GBP-2026-01-11-0001,SETTLED
SYNTH-PROC-000682,SYNTH-ORDER-000682,CAPTURE,2026-01-10T12:39:35Z,1670.89,48.76,1622.13,USD,SYNTH-BATCH-USD-2026-01-12-0001,SETTLED
SYNTH-PROC-000683,SYNTH-ORDER-000683,CAPTURE,2026-01-11T14:49:17Z,1425.31,41.63,1383.68,USD,SYNTH-BATCH-USD-2026-01-13-0001,SETTLED
SYNTH-PROC-000684,SYNTH-ORDER-000684,CAPTURE,2026-01-12T17:00:26Z,684.67,20.16,664.51,USD,SYNTH-BATCH-USD-2026-01-14-0001,SETTLED
SYNTH-PROC-000685,SYNTH-ORDER-000685,CAPTURE,2026-01-13T19:04:55Z,725.68,21.71,703.97,USD,SYNTH-BATCH-USD-2026-01-15-0001,SETTLED
SYNTH-PROC-000686,SYNTH-ORDER-000686,CAPTURE,2026-01-14T21:29:32Z,1457.74,42.57,1415.17,USD,SYNTH-BATCH-USD-2026-01-16-0001,SETTLED
SYNTH-PROC-000687,SYNTH-ORDER-000687,CAPTURE,2026-01-01T23:33:41Z,373.47,11.13,362.34,USD,SYNTH-BATCH-USD-2026-01-03-0001,SETTLED
SYNTH-PROC-000688,SYNTH-ORDER-000688,CAPTURE,2026-01-02T02:12:57Z,710.36,20.9,689.46,USD,SYNTH-BATCH-USD-2026-01-04-0001,SETTLED
SYNTH-PROC-000689,SYNTH-ORDER-000689,CAPTURE,2026-01-03T04:32:23Z,713.36,20.99,692.37,USD,SYNTH-BATCH-USD-2026-01-05-0001,SETTLED
SYNTH-PROC-000689-REFUND,SYNTH-ORDER-000689,REFUND,2026-01-04T04:22:23Z,-713.36,0.0,-713.36,USD,SYNTH-BATCH-REFUND-000689,SETTLED
SYNTH-PROC-000690,SYNTH-ORDER-000690,CAPTURE,2026-01-04T06:31:29Z,554.65,16.38,538.27,EUR,SYNTH-BATCH-EUR-2026-01-06-0001,SETTLED
SYNTH-PROC-000691,SYNTH-ORDER-000691,CAPTURE,2026-01-05T08:31:49Z,645.59,19.02,626.57,GBP,SYNTH-BATCH-GBP-2026-01-07-0001,SETTLED
SYNTH-PROC-000692,SYNTH-ORDER-000692,CAPTURE,2026-01-06T10:46:04Z,645.11,19.01,626.1,USD,SYNTH-BATCH-USD-2026-01-08-0001,SETTLED
SYNTH-PROC-000693,SYNTH-ORDER-000693,CAPTURE,2026-01-07T13:10:56Z,885.44,25.98,859.46,USD,SYNTH-BATCH-USD-2026-01-09-0001,SETTLED
SYNTH-PROC-000694,SYNTH-ORDER-000694,CAPTURE,2026-01-08T15:44:37Z,1112.48,32.56,1079.92,USD,SYNTH-BATCH-USD-2026-01-10-0001,SETTLED
SYNTH-PROC-000695,SYNTH-ORDER-000695,CAPTURE,2026-01-09T17:44:30Z,1255.19,36.7,1218.49,USD,SYNTH-BATCH-USD-2026-01-11-0001,SETTLED
SYNTH-PROC-000696,SYNTH-ORDER-000696,CAPTURE,2026-01-10T19:53:16Z,1049.61,30.74,1018.87,USD,SYNTH-BATCH-USD-2026-01-12-0001,SETTLED
SYNTH-PROC-000697,SYNTH-ORDER-000697,CAPTURE,2026-01-11T21:32:19Z,1013.91,29.7,984.21,USD,SYNTH-BATCH-USD-2026-01-13-0001,SETTLED
SYNTH-PROC-000698,SYNTH-ORDER-000698,CAPTURE,2026-01-12T00:30:04Z,2418.23,70.43,2347.8,USD,SYNTH-BATCH-USD-2026-01-14-0001,SETTLED
SYNTH-PROC-000699,SYNTH-ORDER-000699,CAPTURE,2026-01-13T02:18:07Z,865.91,25.41,840.5,USD,SYNTH-BATCH-USD-2026-01-15-0001,SETTLED
SYNTH-PROC-000700,SYNTH-ORDER-000700,CAPTURE,2026-01-14T04:03:08Z,925.49,27.14,898.35,EUR,SYNTH-BATCH-EUR-2026-01-16-0001,SETTLED
SYNTH-PROC-000701,SYNTH-ORDER-000701,CAPTURE,2026-01-01T06:27:01Z,760.58,22.36,738.22,GBP,SYNTH-BATCH-GBP-2026-01-03-0002,SETTLED
SYNTH-PROC-000702,SYNTH-ORDER-000702,CAPTURE,2026-01-02T08:32:10Z,2117.76,61.72,2056.04,USD,SYNTH-BATCH-USD-2026-01-04-0002,SETTLED
SYNTH-PROC-000702-REFUND,SYNTH-ORDER-000702,REFUND,2026-01-03T08:22:10Z,-1058.88,0.0,-1058.88,USD,SYNTH-BATCH-REFUND-000702,SETTLED
SYNTH-PROC-000703,SYNTH-ORDER-000703,CAPTURE,2026-01-03T10:53:14Z,2115.19,61.64,2053.55,USD,SYNTH-BATCH-USD-2026-01-05-0002,SETTLED
SYNTH-PROC-000704,SYNTH-ORDER-000704,CAPTURE,2026-01-04T13:28:23Z,1313.01,38.38,1274.63,USD,SYNTH-BATCH-USD-2026-01-06-0002,SETTLED
SYNTH-PROC-000705,SYNTH-ORDER-000705,CAPTURE,2026-01-05T15:30:47Z,2243.47,65.36,2178.11,EUR,SYNTH-BATCH-CURRENCY-000705,SETTLED
SYNTH-PROC-000706,SYNTH-ORDER-000706,CAPTURE,2026-01-06T18:07:12Z,1137.75,33.29,1104.46,USD,SYNTH-BATCH-USD-2026-01-08-0002,SETTLED
SYNTH-PROC-000707,SYNTH-ORDER-000707,CAPTURE,2026-01-07T19:48:02Z,1027.43,30.1,997.33,USD,SYNTH-BATCH-USD-2026-01-09-0002,SETTLED
SYNTH-PROC-000708,SYNTH-ORDER-000708,CAPTURE,2026-01-08T22:04:39Z,2099.73,61.19,2038.54,USD,SYNTH-BATCH-USD-2026-01-10-0002,SETTLED
SYNTH-PROC-000709,SYNTH-ORDER-000709,CAPTURE,2026-01-09T00:45:12Z,330.75,9.89,320.86,USD,SYNTH-BATCH-LATE-000709,SETTLED
SYNTH-PROC-000710,SYNTH-ORDER-000710,CAPTURE,2026-01-10T02:01:15Z,1380.06,40.32,1339.74,EUR,SYNTH-BATCH-EUR-2026-01-12-0002,SETTLED
SYNTH-PROC-000711,SYNTH-ORDER-000711,CAPTURE,2026-01-11T05:05:23Z,90.09,2.91,87.18,GBP,SYNTH-BATCH-GBP-2026-01-13-0002,SETTLED
SYNTH-PROC-000712,SYNTH-ORDER-000712,CAPTURE,2026-01-12T06:29:37Z,1446.39,42.25,1404.14,USD,SYNTH-BATCH-USD-2026-01-14-0002,SETTLED
SYNTH-PROC-000713,SYNTH-ORDER-000713,CAPTURE,2026-01-13T08:59:54Z,1226.19,35.86,1190.33,USD,SYNTH-BATCH-USD-2026-01-15-0002,SETTLED
SYNTH-PROC-000714,SYNTH-ORDER-000714,CAPTURE,2026-01-14T11:06:10Z,1190.67,34.83,1155.84,USD,SYNTH-BATCH-USD-2026-01-16-0002,SETTLED
SYNTH-PROC-000715,SYNTH-ORDER-000715,CAPTURE,2026-01-01T13:48:51Z,1897.98,55.34,1842.64,USD,SYNTH-BATCH-USD-2026-01-03-0002,SETTLED
SYNTH-PROC-000716,SYNTH-ORDER-000716,CAPTURE,2026-01-02T15:12:58Z,1386.77,40.52,1346.25,USD,SYNTH-BATCH-USD-2026-01-04-0002,SETTLED
SYNTH-PROC-000717,SYNTH-ORDER-000717,CAPTURE,2026-01-03T18:05:09Z,1070.52,31.35,1039.17,USD,SYNTH-BATCH-USD-2026-01-05-0002,SETTLED
SYNTH-PROC-000718,SYNTH-ORDER-000718,CAPTURE,2026-01-04T20:24:34Z,2367.43,68.96,2298.47,USD,SYNTH-BATCH-USD-2026-01-06-0002,SETTLED
SYNTH-PROC-000719,SYNTH-ORDER-000719,CAPTURE,2026-01-05T22:35:38Z,330.37,9.88,320.49,USD,SYNTH-BATCH-USD-2026-01-07-0002,SETTLED
SYNTH-PROC-000720,SYNTH-ORDER-000720,CAPTURE,2026-01-06T00:40:20Z,2422.17,70.54,2351.63,EUR,SYNTH-BATCH-EUR-2026-01-08-0002,SETTLED
SYNTH-PROC-000721,SYNTH-ORDER-000721,CAPTURE,2026-01-07T02:24:09Z,426.47,12.67,413.8,GBP,SYNTH-BATCH-GBP-2026-01-09-0002,SETTLED
SYNTH-PROC-000721,SYNTH-ORDER-000721,CAPTURE,2026-01-07T02:24:09Z,426.47,12.67,413.8,GBP,SYNTH-BATCH-GBP-2026-01-09-0002,SETTLED
SYNTH-PROC-000722,SYNTH-ORDER-000722,CAPTURE,2026-01-08T04:41:11Z,1675.32,48.88,1626.44,USD,SYNTH-BATCH-USD-2026-01-10-0002,SETTLED
SYNTH-PROC-000723,SYNTH-ORDER-000723,CAPTURE,2026-01-09T07:19:55Z,1727.71,50.4,1677.31,USD,SYNTH-BATCH-USD-2026-01-11-0002,SETTLED
SYNTH-PROC-000724,SYNTH-ORDER-000724,CAPTURE,2026-01-10T09:25:36Z,1419.42,41.46,1377.96,USD,SYNTH-BATCH-USD-2026-01-12-0002,SETTLED
SYNTH-PROC-000725,SYNTH-ORDER-000725,CAPTURE,2026-01-11T11:05:24Z,831.32,24.41,806.91,USD,SYNTH-BATCH-USD-2026-01-13-0002,SETTLED
SYNTH-PROC-000726,SYNTH-ORDER-000726,CAPTURE,2026-01-12T13:51:10Z,1585.31,46.27,1539.04,USD,SYNTH-BATCH-USD-2026-01-14-0002,SETTLED
SYNTH-PROC-000727,SYNTH-ORDER-000727,CAPTURE,2026-01-13T15:37:32Z,2236.93,65.17,2171.76,USD,SYNTH-BATCH-USD-2026-01-15-0002,SETTLED
SYNTH-PROC-000728,SYNTH-ORDER-000728,CAPTURE,2026-01-14T18:15:04Z,372.63,11.11,361.52,USD,SYNTH-BATCH-USD-2026-01-16-0002,SETTLED
SYNTH-PROC-000729,SYNTH-ORDER-000729,CAPTURE,2026-01-01T20:16:12Z,2263.95,65.95,2198.0,USD,SYNTH-BATCH-LATE-000729,SETTLED
SYNTH-PROC-000730,SYNTH-ORDER-000730,CAPTURE,2026-01-02T22:01:35Z,950.01,27.85,922.16,EUR,SYNTH-BATCH-EUR-2026-01-04-0002,SETTLED
SYNTH-PROC-000731,SYNTH-ORDER-000731,CAPTURE,2026-01-03T00:17:54Z,831.77,24.42,807.35,GBP,SYNTH-BATCH-GBP-2026-01-05-0002,SETTLED
SYNTH-PROC-000732,SYNTH-ORDER-000732,CAPTURE,2026-01-04T02:52:14Z,1085.80,31.79,1054.01,USD,SYNTH-BATCH-USD-2026-01-06-0002,SETTLED
SYNTH-PROC-000733,SYNTH-ORDER-000733,CAPTURE,2026-01-05T04:51:02Z,767.13,22.55,744.58,USD,SYNTH-BATCH-USD-2026-01-07-0002,SETTLED
SYNTH-PROC-000734,SYNTH-ORDER-000734,CAPTURE,2026-01-06T07:01:35Z,1903.02,55.49,1847.53,USD,SYNTH-BATCH-USD-2026-01-08-0002,SETTLED
SYNTH-PROC-000735,SYNTH-ORDER-000735,CAPTURE,2026-01-07T09:20:14Z,1894.97,55.25,1839.72,USD,SYNTH-BATCH-USD-2026-01-09-0002,SETTLED
SYNTH-PROC-000736,SYNTH-ORDER-000736,CAPTURE,2026-01-08T11:16:42Z,2118.54,61.74,2056.8,USD,SYNTH-BATCH-USD-2026-01-10-0002,SETTLED
SYNTH-PROC-000737,SYNTH-ORDER-000737,CAPTURE,2026-01-09T14:10:59Z,934.22,27.39,906.83,USD,SYNTH-BATCH-USD-2026-01-11-0002,SETTLED
SYNTH-PROC-000738,SYNTH-ORDER-000738,CAPTURE,2026-01-10T15:41:15Z,621.07,18.31,602.76,USD,SYNTH-BATCH-USD-2026-01-12-0002,SETTLED
SYNTH-PROC-000739,SYNTH-ORDER-000739,CAPTURE,2026-01-11T18:31:13Z,1733.00,50.56,1682.44,USD,SYNTH-BATCH-LATE-000739,SETTLED
SYNTH-PROC-000740,SYNTH-ORDER-000740,CAPTURE,2026-01-12T20:51:58Z,455.60,13.51,442.09,EUR,SYNTH-BATCH-EUR-2026-01-14-0002,SETTLED
SYNTH-PROC-000741,SYNTH-ORDER-000741,CAPTURE,2026-01-13T22:25:48Z,1922.81,56.06,1866.75,GBP,SYNTH-BATCH-AMOUNT-BREAK-000741,SETTLED
SYNTH-PROC-000742,SYNTH-ORDER-000742,CAPTURE,2026-01-14T00:42:46Z,2144.38,62.49,2081.89,USD,SYNTH-BATCH-USD-2026-01-16-0002,SETTLED
SYNTH-PROC-000743,SYNTH-ORDER-000743,CAPTURE,2026-01-01T02:48:51Z,242.59,7.34,235.25,USD,SYNTH-BATCH-USD-2026-01-03-0002,SETTLED
SYNTH-PROC-000744,SYNTH-ORDER-000744,CAPTURE,2026-01-02T05:29:40Z,1040.11,30.46,1009.65,USD,SYNTH-BATCH-USD-2026-01-04-0002,SETTLED
SYNTH-PROC-000745,SYNTH-ORDER-000745,CAPTURE,2026-01-03T07:02:33Z,815.25,23.94,791.31,USD,SYNTH-BATCH-USD-2026-01-05-0002,SETTLED
SYNTH-PROC-000746,SYNTH-ORDER-000746,CAPTURE,2026-01-04T09:45:02Z,764.09,22.46,741.63,USD,SYNTH-BATCH-USD-2026-01-06-0002,SETTLED
SYNTH-PROC-000746-REFUND,SYNTH-ORDER-000746,REFUND,2026-01-05T09:35:02Z,-764.09,0.0,-764.09,USD,SYNTH-BATCH-REFUND-000746,SETTLED
SYNTH-PROC-000747,SYNTH-ORDER-000747,CAPTURE,2026-01-05T12:06:37Z,994.40,29.14,965.26,USD,SYNTH-BATCH-USD-2026-01-07-0002,SETTLED
SYNTH-PROC-000748,SYNTH-ORDER-000748,CAPTURE,2026-01-06T13:41:56Z,1499.32,43.78,1455.54,USD,SYNTH-BATCH-USD-2026-01-08-0002,SETTLED
SYNTH-PROC-000749,SYNTH-ORDER-000749,CAPTURE,2026-01-07T16:28:29Z,760.04,22.34,737.7,USD,SYNTH-BATCH-USD-2026-01-09-0002,SETTLED
SYNTH-PROC-000750,SYNTH-ORDER-000750,CAPTURE,2026-01-08T18:28:43Z,153.87,4.76,149.11,EUR,SYNTH-BATCH-EUR-2026-01-10-0002,SETTLED
SYNTH-PROC-000751,SYNTH-ORDER-000751,CAPTURE,2026-01-09T20:26:13Z,1070.48,31.34,1039.14,GBP,SYNTH-BATCH-GBP-2026-01-11-0002,SETTLED
SYNTH-PROC-000751-REFUND,SYNTH-ORDER-000751,REFUND,2026-01-10T20:16:13Z,-1070.48,0.0,-1070.48,GBP,SYNTH-BATCH-REFUND-000751,SETTLED
SYNTH-PROC-000752,SYNTH-ORDER-000752,CAPTURE,2026-01-10T22:59:31Z,693.13,20.4,672.73,USD,SYNTH-BATCH-LATE-000752,SETTLED
SYNTH-PROC-000753,SYNTH-ORDER-000753,CAPTURE,2026-01-11T01:12:24Z,83.36,2.72,80.64,USD,SYNTH-BATCH-USD-2026-01-13-0002,SETTLED
SYNTH-PROC-000754,SYNTH-ORDER-000754,CAPTURE,2026-01-12T03:01:26Z,1081.39,31.66,1049.73,USD,SYNTH-BATCH-USD-2026-01-14-0002,SETTLED
SYNTH-PROC-000755,SYNTH-ORDER-000755,CAPTURE,2026-01-13T05:36:03Z,1712.52,49.96,1662.56,USD,SYNTH-BATCH-USD-2026-01-15-0002,SETTLED
SYNTH-PROC-000756,SYNTH-ORDER-000756,CAPTURE,2026-01-14T07:15:46Z,1273.19,37.22,1235.97,USD,SYNTH-BATCH-USD-2026-01-16-0002,SETTLED
SYNTH-PROC-000757,SYNTH-ORDER-000757,CAPTURE,2026-01-01T09:53:01Z,311.19,9.32,301.87,USD,SYNTH-BATCH-USD-2026-01-03-0002,SETTLED
SYNTH-PROC-000758,SYNTH-ORDER-000758,CAPTURE,2026-01-02T11:34:47Z,993.75,29.12,964.63,USD,SYNTH-BATCH-LATE-000758,SETTLED
SYNTH-PROC-000759,SYNTH-ORDER-000759,CAPTURE,2026-01-03T14:18:53Z,1958.41,57.09,1901.32,USD,SYNTH-BATCH-USD-2026-01-05-0002,SETTLED
SYNTH-PROC-000760,SYNTH-ORDER-000760,CAPTURE,2026-01-04T16:16:07Z,82.57,2.69,79.88,EUR,SYNTH-BATCH-EUR-2026-01-06-0002,SETTLED
SYNTH-PROC-000761,SYNTH-ORDER-000761,CAPTURE,2026-01-05T18:22:37Z,2322.26,67.65,2254.61,GBP,SYNTH-BATCH-GBP-2026-01-07-0002,SETTLED
SYNTH-PROC-000762,SYNTH-ORDER-000762,CAPTURE,2026-01-06T20:57:20Z,1351.59,39.5,1312.09,USD,SYNTH-BATCH-USD-2026-01-08-0002,SETTLED
SYNTH-PROC-000763,SYNTH-ORDER-000763,CAPTURE,2026-01-07T23:15:17Z,51.36,1.79,49.57,USD,SYNTH-BATCH-USD-2026-01-09-0002,SETTLED
SYNTH-PROC-000764,SYNTH-ORDER-000764,CAPTURE,2026-01-08T01:34:32Z,1484.46,43.35,1441.11,USD,SYNTH-BATCH-LATE-000764,SETTLED
SYNTH-PROC-000765,SYNTH-ORDER-000765,CAPTURE,2026-01-09T03:13:53Z,1933.98,56.39,1877.59,EUR,SYNTH-BATCH-CURRENCY-000765,SETTLED
SYNTH-PROC-000766,SYNTH-ORDER-000766,CAPTURE,2026-01-10T06:07:58Z,1989.90,58.01,1931.89,USD,SYNTH-BATCH-USD-2026-01-12-0002,SETTLED
SYNTH-PROC-000767,SYNTH-ORDER-000767,CAPTURE,2026-01-11T07:53:34Z,191.22,5.85,185.37,USD,SYNTH-BATCH-USD-2026-01-13-0002,SETTLED
SYNTH-PROC-000768,SYNTH-ORDER-000768,CAPTURE,2026-01-12T10:30:09Z,1271.51,37.17,1234.34,USD,SYNTH-BATCH-USD-2026-01-14-0002,SETTLED
SYNTH-PROC-000769,SYNTH-ORDER-000769,CAPTURE,2026-01-13T12:31:05Z,2242.71,65.34,2177.37,USD,SYNTH-BATCH-USD-2026-01-15-0002,SETTLED
SYNTH-PROC-000770,SYNTH-ORDER-000770,CAPTURE,2026-01-14T14:30:20Z,1258.02,36.78,1221.24,EUR,SYNTH-BATCH-EUR-2026-01-16-0002,SETTLED
SYNTH-PROC-000771,SYNTH-ORDER-000771,CAPTURE,2026-01-01T16:20:03Z,2393.19,69.7,2323.49,GBP,SYNTH-BATCH-GBP-2026-01-03-0002,SETTLED
SYNTH-PROC-000772,SYNTH-ORDER-000772,CAPTURE,2026-01-02T18:32:32Z,198.13,6.05,192.08,USD,SYNTH-BATCH-USD-2026-01-04-0002,SETTLED
SYNTH-PROC-000773,SYNTH-ORDER-000773,CAPTURE,2026-01-03T21:20:41Z,838.92,24.63,814.29,USD,SYNTH-BATCH-USD-2026-01-05-0002,SETTLED
SYNTH-PROC-000774,SYNTH-ORDER-000774,CAPTURE,2026-01-04T23:17:50Z,226.38,6.87,219.51,USD,SYNTH-BATCH-USD-2026-01-06-0002,SETTLED
SYNTH-PROC-000775,SYNTH-ORDER-000775,CAPTURE,2026-01-05T01:38:30Z,1912.86,55.77,1857.09,USD,SYNTH-BATCH-USD-2026-01-07-0002,SETTLED
SYNTH-PROC-000776,SYNTH-ORDER-000776,CAPTURE,2026-01-06T03:41:28Z,953.64,27.96,925.68,USD,SYNTH-BATCH-USD-2026-01-08-0002,SETTLED
SYNTH-PROC-000777,SYNTH-ORDER-000777,CAPTURE,2026-01-07T06:08:45Z,1436.31,41.95,1394.36,USD,SYNTH-BATCH-USD-2026-01-09-0002,SETTLED
SYNTH-PROC-000778,SYNTH-ORDER-000778,CAPTURE,2026-01-08T08:00:28Z,83.03,2.71,80.32,USD,SYNTH-BATCH-USD-2026-01-10-0002,SETTLED
SYNTH-PROC-000779,SYNTH-ORDER-000779,CAPTURE,2026-01-09T10:29:24Z,1865.80,54.41,1811.39,USD,SYNTH-BATCH-USD-2026-01-11-0002,SETTLED
SYNTH-PROC-000780,SYNTH-ORDER-000780,CAPTURE,2026-01-10T11:57:26Z,980.17,28.72,951.45,EUR,SYNTH-BATCH-EUR-2026-01-12-0002,SETTLED
SYNTH-PROC-000781,SYNTH-ORDER-000781,CAPTURE,2026-01-11T14:39:36Z,914.15,26.81,887.34,GBP,SYNTH-BATCH-GBP-2026-01-13-0002,SETTLED
SYNTH-PROC-000782,SYNTH-ORDER-000782,CAPTURE,2026-01-12T17:04:25Z,1652.33,48.22,1604.11,USD,SYNTH-BATCH-USD-2026-01-14-0002,SETTLED
SYNTH-PROC-000783,SYNTH-ORDER-000783,CAPTURE,2026-01-13T19:30:07Z,1722.14,50.24,1671.9,USD,SYNTH-BATCH-USD-2026-01-15-0002,SETTLED
SYNTH-PROC-000784,SYNTH-ORDER-000784,CAPTURE,2026-01-14T21:12:06Z,907.35,26.61,880.74,USD,SYNTH-BATCH-USD-2026-01-16-0002,SETTLED
SYNTH-PROC-000785,SYNTH-ORDER-000785,CAPTURE,2026-01-01T23:14:01Z,130.83,4.09,126.74,USD,SYNTH-BATCH-USD-2026-01-03-0002,SETTLED
SYNTH-PROC-000786,SYNTH-ORDER-000786,CAPTURE,2026-01-02T01:44:22Z,2061.00,60.07,2000.93,USD,SYNTH-BATCH-USD-2026-01-04-0002,SETTLED
SYNTH-PROC-000787,SYNTH-ORDER-000787,CAPTURE,2026-01-03T03:24:26Z,1029.48,30.15,999.33,USD,SYNTH-BATCH-USD-2026-01-05-0002,SETTLED
SYNTH-PROC-000788,SYNTH-ORDER-000788,CAPTURE,2026-01-04T05:46:26Z,1113.27,32.58,1080.69,USD,SYNTH-BATCH-USD-2026-01-06-0002,SETTLED
SYNTH-PROC-000789,SYNTH-ORDER-000789,CAPTURE,2026-01-05T08:07:20Z,150.96,4.68,146.28,USD,SYNTH-BATCH-USD-2026-01-07-0002,SETTLED
SYNTH-PROC-000790,SYNTH-ORDER-000790,CAPTURE,2026-01-06T10:52:00Z,2271.13,66.16,2204.97,EUR,SYNTH-BATCH-EUR-2026-01-08-0002,SETTLED
SYNTH-PROC-000791,SYNTH-ORDER-000791,CAPTURE,2026-01-07T12:35:41Z,1173.00,34.32,1138.68,GBP,SYNTH-BATCH-GBP-2026-01-09-0002,SETTLED
SYNTH-PROC-000792,SYNTH-ORDER-000792,CAPTURE,2026-01-08T14:48:03Z,872.30,25.6,846.7,USD,SYNTH-BATCH-USD-2026-01-10-0002,SETTLED
SYNTH-PROC-000793,SYNTH-ORDER-000793,CAPTURE,2026-01-09T16:32:52Z,744.72,21.9,722.82,USD,SYNTH-BATCH-BANK-CURRENCY-000793,SETTLED
SYNTH-PROC-000794,SYNTH-ORDER-000794,CAPTURE,2026-01-10T18:47:27Z,88.33,2.86,85.47,USD,SYNTH-BATCH-USD-2026-01-12-0002,SETTLED
SYNTH-PROC-000795,SYNTH-ORDER-000795,CAPTURE,2026-01-11T21:46:04Z,2092.82,60.99,2031.83,USD,SYNTH-BATCH-USD-2026-01-13-0002,SETTLED
SYNTH-PROC-000795-REFUND,SYNTH-ORDER-000795,REFUND,2026-01-12T21:36:04Z,-2092.82,0.0,-2092.82,USD,SYNTH-BATCH-REFUND-000795,SETTLED
SYNTH-PROC-000796,SYNTH-ORDER-000796,CAPTURE,2026-01-12T23:26:27Z,758.82,22.31,736.51,USD,SYNTH-BATCH-USD-2026-01-14-0002,SETTLED
SYNTH-PROC-000797,SYNTH-ORDER-000797,CAPTURE,2026-01-13T01:42:06Z,308.99,9.26,299.73,USD,SYNTH-BATCH-USD-2026-01-15-0002,SETTLED
SYNTH-PROC-000799,SYNTH-ORDER-000799,CAPTURE,2026-01-01T05:47:15Z,649.36,19.13,630.23,USD,SYNTH-BATCH-USD-2026-01-03-0002,SETTLED
SYNTH-PROC-000800,SYNTH-ORDER-000800,CAPTURE,2026-01-02T08:33:20Z,239.12,7.23,231.89,EUR,SYNTH-BATCH-EUR-2026-01-04-0002,SETTLED
SYNTH-PROC-000800-ALTERNATE,SYNTH-ORDER-000800,CAPTURE,2026-01-02T08:34:20Z,239.12,7.23,231.89,EUR,SYNTH-BATCH-EUR-2026-01-04-0002,SETTLED
SYNTH-PROC-000801,SYNTH-ORDER-000801,CAPTURE,2026-01-03T10:18:00Z,364.14,10.86,353.28,GBP,SYNTH-BATCH-GBP-2026-01-05-0002,SETTLED
SYNTH-PROC-000802,SYNTH-ORDER-000802,CAPTURE,2026-01-04T12:59:16Z,756.77,22.25,734.52,USD,SYNTH-BATCH-USD-2026-01-06-0002,SETTLED
SYNTH-PROC-000803,SYNTH-ORDER-000803,CAPTURE,2026-01-05T15:10:06Z,1726.11,50.36,1675.75,USD,SYNTH-BATCH-USD-2026-01-07-0002,SETTLED
SYNTH-PROC-000804,SYNTH-ORDER-000804,CAPTURE,2026-01-06T16:53:10Z,1160.32,33.95,1126.37,USD,SYNTH-BATCH-USD-2026-01-08-0002,SETTLED
SYNTH-PROC-000805,SYNTH-ORDER-000805,CAPTURE,2026-01-07T19:10:58Z,45.69,1.63,44.06,USD,SYNTH-BATCH-LATE-000805,SETTLED
SYNTH-PROC-000806,SYNTH-ORDER-000806,CAPTURE,2026-01-08T22:00:02Z,171.61,5.28,166.33,USD,SYNTH-BATCH-USD-2026-01-10-0002,SETTLED
SYNTH-PROC-000807,SYNTH-ORDER-000807,CAPTURE,2026-01-09T23:29:19Z,941.13,27.59,913.54,USD,SYNTH-BATCH-USD-2026-01-11-0002,SETTLED
SYNTH-PROC-000807-ALTERNATE,SYNTH-ORDER-000807,CAPTURE,2026-01-09T23:30:19Z,941.13,27.59,913.54,USD,SYNTH-BATCH-USD-2026-01-11-0002,SETTLED
SYNTH-PROC-000808,SYNTH-ORDER-000808,CAPTURE,2026-01-10T02:05:33Z,357.63,10.67,346.96,USD,SYNTH-BATCH-USD-2026-01-12-0002,SETTLED
SYNTH-PROC-000809,SYNTH-ORDER-000809,CAPTURE,2026-01-11T03:48:14Z,667.18,19.65,647.53,USD,SYNTH-BATCH-USD-2026-01-13-0002,SETTLED
SYNTH-PROC-000810,SYNTH-ORDER-000810,CAPTURE,2026-01-12T06:16:23Z,2252.71,65.63,2187.08,EUR,SYNTH-BATCH-EUR-2026-01-14-0002,SETTLED
SYNTH-PROC-000811,SYNTH-ORDER-000811,CAPTURE,2026-01-13T08:55:14Z,1384.95,40.46,1344.49,GBP,SYNTH-BATCH-LATE-000811,SETTLED
SYNTH-PROC-000812,SYNTH-ORDER-000812,CAPTURE,2026-01-14T10:23:29Z,1222.06,35.74,1186.32,USD,SYNTH-BATCH-USD-2026-01-16-0002,SETTLED
SYNTH-PROC-000813,SYNTH-ORDER-000813,CAPTURE,2026-01-01T13:29:26Z,451.64,13.4,438.24,USD,SYNTH-BATCH-USD-2026-01-03-0002,SETTLED
SYNTH-PROC-000814,SYNTH-ORDER-000814,CAPTURE,2026-01-02T15:12:44Z,2354.90,68.59,2286.31,USD,SYNTH-BATCH-USD-2026-01-04-0002,SETTLED
SYNTH-PROC-000815,SYNTH-ORDER-000815,CAPTURE,2026-01-03T17:45:36Z,1816.49,52.98,1763.51,USD,SYNTH-BATCH-USD-2026-01-05-0002,SETTLED
SYNTH-PROC-000816,SYNTH-ORDER-000816,CAPTURE,2026-01-04T19:50:37Z,1883.82,54.93,1828.89,USD,SYNTH-BATCH-USD-2026-01-06-0002,SETTLED
SYNTH-PROC-000817,SYNTH-ORDER-000817,CAPTURE,2026-01-05T21:49:46Z,519.67,15.37,504.3,USD,SYNTH-BATCH-USD-2026-01-07-0002,SETTLED
SYNTH-PROC-000818,SYNTH-ORDER-000818,CAPTURE,2026-01-06T00:19:16Z,1520.71,44.4,1476.31,USD,SYNTH-BATCH-USD-2026-01-08-0002,SETTLED
SYNTH-PROC-000819,SYNTH-ORDER-000819,CAPTURE,2026-01-07T01:57:00Z,440.96,13.09,427.87,USD,SYNTH-BATCH-USD-2026-01-09-0002,SETTLED
SYNTH-PROC-000820,SYNTH-ORDER-000820,CAPTURE,2026-01-08T04:18:22Z,119.92,3.78,116.14,EUR,SYNTH-BATCH-EUR-2026-01-10-0002,SETTLED
SYNTH-PROC-000821,SYNTH-ORDER-000821,CAPTURE,2026-01-09T06:11:32Z,1112.64,32.57,1080.07,GBP,SYNTH-BATCH-GBP-2026-01-11-0002,SETTLED
SYNTH-PROC-000822,SYNTH-ORDER-000822,CAPTURE,2026-01-10T08:56:51Z,736.05,21.65,714.4,USD,SYNTH-BATCH-USD-2026-01-12-0002,SETTLED
SYNTH-PROC-000823,SYNTH-ORDER-000823,CAPTURE,2026-01-11T11:29:31Z,2262.61,65.92,2196.69,USD,SYNTH-BATCH-USD-2026-01-13-0002,SETTLED
SYNTH-PROC-000824,SYNTH-ORDER-000824,CAPTURE,2026-01-12T12:46:57Z,2482.88,72.3,2410.58,USD,SYNTH-BATCH-USD-2026-01-14-0002,SETTLED
SYNTH-PROC-000825,SYNTH-ORDER-000825,CAPTURE,2026-01-13T15:40:19Z,1609.55,46.98,1562.57,USD,SYNTH-BATCH-USD-2026-01-15-0002,SETTLED
SYNTH-PROC-000826,SYNTH-ORDER-000826,CAPTURE,2026-01-14T18:00:43Z,2213.24,64.48,2148.76,USD,SYNTH-BATCH-USD-2026-01-16-0002,SETTLED
SYNTH-PROC-000826-ALTERNATE,SYNTH-ORDER-000826,CAPTURE,2026-01-14T18:01:43Z,2213.24,64.48,2148.76,USD,SYNTH-BATCH-USD-2026-01-16-0002,SETTLED
SYNTH-PROC-000827,SYNTH-ORDER-000827,CAPTURE,2026-01-01T19:21:03Z,1446.01,42.23,1403.78,USD,SYNTH-BATCH-USD-2026-01-03-0002,SETTLED
SYNTH-PROC-000828,SYNTH-ORDER-000828,CAPTURE,2026-01-02T21:45:11Z,931.01,27.3,903.71,USD,SYNTH-BATCH-USD-2026-01-04-0002,SETTLED
SYNTH-PROC-000829,SYNTH-ORDER-000829,CAPTURE,2026-01-03T23:55:23Z,629.83,18.57,611.26,USD,SYNTH-BATCH-USD-2026-01-05-0002,SETTLED
SYNTH-PROC-000830,SYNTH-ORDER-000830,CAPTURE,2026-01-04T02:40:37Z,498.47,14.76,483.71,EUR,SYNTH-BATCH-EUR-2026-01-06-0002,SETTLED
SYNTH-PROC-000831,SYNTH-ORDER-000831,CAPTURE,2026-01-05T05:07:23Z,1406.05,41.08,1364.97,GBP,SYNTH-BATCH-GBP-2026-01-07-0002,SETTLED
SYNTH-PROC-000831-ALTERNATE,SYNTH-ORDER-000831,CAPTURE,2026-01-05T05:08:23Z,1406.05,41.08,1364.97,GBP,SYNTH-BATCH-GBP-2026-01-07-0002,SETTLED
SYNTH-PROC-000832,SYNTH-ORDER-000832,CAPTURE,2026-01-06T06:28:25Z,2488.28,72.46,2415.82,USD,SYNTH-BATCH-USD-2026-01-08-0002,SETTLED
SYNTH-PROC-000833,SYNTH-ORDER-000833,CAPTURE,2026-01-07T09:15:35Z,1228.23,35.92,1192.31,USD,SYNTH-BATCH-USD-2026-01-09-0002,SETTLED
SYNTH-PROC-000834,SYNTH-ORDER-000834,CAPTURE,2026-01-08T11:32:55Z,513.73,15.2,498.53,USD,SYNTH-BATCH-USD-2026-01-10-0002,SETTLED
SYNTH-PROC-000835,SYNTH-ORDER-000835,CAPTURE,2026-01-09T13:42:43Z,184.44,5.65,178.79,USD,SYNTH-BATCH-USD-2026-01-11-0002,SETTLED
SYNTH-PROC-000836,SYNTH-ORDER-000836,CAPTURE,2026-01-10T15:15:33Z,1596.84,46.61,1550.23,USD,SYNTH-BATCH-USD-2026-01-12-0002,SETTLED
SYNTH-PROC-000837,SYNTH-ORDER-000837,CAPTURE,2026-01-11T17:46:28Z,2494.73,72.65,2422.08,USD,SYNTH-BATCH-USD-2026-01-13-0002,SETTLED
SYNTH-PROC-000838,SYNTH-ORDER-000838,CAPTURE,2026-01-12T20:21:07Z,1252.46,36.62,1215.84,USD,SYNTH-BATCH-MISSING-000838,SETTLED
SYNTH-PROC-000839,SYNTH-ORDER-000839,CAPTURE,2026-01-13T21:44:48Z,247.50,7.48,240.02,USD,SYNTH-BATCH-USD-2026-01-15-0002,SETTLED
SYNTH-PROC-000840,SYNTH-ORDER-000840,CAPTURE,2026-01-14T00:52:47Z,1900.31,55.41,1844.9,EUR,SYNTH-BATCH-EUR-2026-01-16-0002,SETTLED
SYNTH-PROC-000841,SYNTH-ORDER-000841,CAPTURE,2026-01-01T02:31:40Z,2189.75,63.8,2125.95,GBP,SYNTH-BATCH-GBP-2026-01-03-0002,SETTLED
SYNTH-PROC-000842,SYNTH-ORDER-000842,CAPTURE,2026-01-02T04:31:51Z,979.00,28.69,950.31,USD,SYNTH-BATCH-USD-2026-01-04-0002,SETTLED
SYNTH-PROC-000843,SYNTH-ORDER-000843,CAPTURE,2026-01-03T07:08:00Z,2307.96,67.23,2240.73,USD,SYNTH-BATCH-USD-2026-01-05-0002,SETTLED
SYNTH-PROC-000845,SYNTH-ORDER-000845,CAPTURE,2026-01-05T11:24:36Z,698.88,20.57,678.31,USD,SYNTH-BATCH-USD-2026-01-07-0002,SETTLED
SYNTH-PROC-000846,SYNTH-ORDER-000846,CAPTURE,2026-01-06T14:00:47Z,2457.91,71.58,2386.33,USD,SYNTH-BATCH-USD-2026-01-08-0002,SETTLED
SYNTH-PROC-000847,SYNTH-ORDER-000847,CAPTURE,2026-01-07T15:49:33Z,340.94,10.19,330.75,USD,SYNTH-BATCH-USD-2026-01-09-0002,SETTLED
SYNTH-PROC-000848,SYNTH-ORDER-000848,CAPTURE,2026-01-08T18:19:56Z,360.82,10.76,350.06,USD,SYNTH-BATCH-USD-2026-01-10-0002,SETTLED
SYNTH-PROC-000849,SYNTH-ORDER-000849,CAPTURE,2026-01-09T20:20:23Z,265.28,7.99,257.29,USD,SYNTH-BATCH-DUPLICATE-000849,SETTLED
SYNTH-PROC-000850,SYNTH-ORDER-000850,CAPTURE,2026-01-10T22:47:56Z,42.48,1.53,40.95,EUR,SYNTH-BATCH-EUR-2026-01-12-0002,SETTLED
SYNTH-PROC-000851,SYNTH-ORDER-000851,CAPTURE,2026-01-11T00:14:37Z,41.73,1.51,40.22,GBP,SYNTH-BATCH-GBP-2026-01-13-0002,SETTLED
SYNTH-PROC-000851-REFUND,SYNTH-ORDER-000851,REFUND,2026-01-12T00:04:37Z,-20.87,0.0,-20.87,GBP,SYNTH-BATCH-REFUND-000851,SETTLED
SYNTH-PROC-000852,SYNTH-ORDER-000852,CAPTURE,2026-01-12T02:31:07Z,63.11,2.13,60.98,USD,SYNTH-BATCH-USD-2026-01-14-0002,SETTLED
SYNTH-PROC-000852,SYNTH-ORDER-000852,CAPTURE,2026-01-12T02:31:07Z,63.11,2.13,60.98,USD,SYNTH-BATCH-USD-2026-01-14-0002,SETTLED
SYNTH-PROC-000853,SYNTH-ORDER-000853,CAPTURE,2026-01-13T05:01:22Z,1748.28,51.0,1697.28,USD,SYNTH-BATCH-USD-2026-01-15-0002,SETTLED
SYNTH-PROC-000854,SYNTH-ORDER-000854,CAPTURE,2026-01-14T07:20:12Z,594.07,17.53,576.54,USD,SYNTH-BATCH-USD-2026-01-16-0002,SETTLED
SYNTH-PROC-000855,SYNTH-ORDER-000855,CAPTURE,2026-01-01T09:05:28Z,2094.70,61.05,2033.65,USD,SYNTH-BATCH-USD-2026-01-03-0002,SETTLED
SYNTH-PROC-000856,SYNTH-ORDER-000856,CAPTURE,2026-01-02T11:25:05Z,798.51,23.46,775.05,USD,SYNTH-BATCH-USD-2026-01-04-0002,SETTLED
SYNTH-PROC-000857,SYNTH-ORDER-000857,CAPTURE,2026-01-03T13:54:28Z,2321.09,67.61,2253.48,USD,SYNTH-BATCH-USD-2026-01-05-0002,SETTLED
SYNTH-PROC-000858,SYNTH-ORDER-000858,CAPTURE,2026-01-04T15:37:29Z,2148.77,62.61,2086.16,USD,SYNTH-BATCH-USD-2026-01-06-0002,SETTLED
SYNTH-PROC-000859,SYNTH-ORDER-000859,CAPTURE,2026-01-05T18:01:15Z,1021.65,29.93,991.72,USD,SYNTH-BATCH-USD-2026-01-07-0002,SETTLED
SYNTH-PROC-000860,SYNTH-ORDER-000860,CAPTURE,2026-01-06T20:06:25Z,2088.59,60.87,2027.72,EUR,SYNTH-BATCH-EUR-2026-01-08-0002,SETTLED
SYNTH-PROC-000861,SYNTH-ORDER-000861,CAPTURE,2026-01-07T23:03:20Z,2103.84,61.31,2042.53,GBP,SYNTH-BATCH-GBP-2026-01-09-0002,SETTLED
SYNTH-PROC-000862,SYNTH-ORDER-000862,CAPTURE,2026-01-08T00:49:27Z,635.57,18.73,616.84,USD,SYNTH-BATCH-USD-2026-01-10-0002,SETTLED
SYNTH-PROC-000863,SYNTH-ORDER-000863,CAPTURE,2026-01-09T02:35:34Z,421.29,12.52,408.77,USD,SYNTH-BATCH-USD-2026-01-11-0002,SETTLED
SYNTH-PROC-000863-ALTERNATE,SYNTH-ORDER-000863,CAPTURE,2026-01-09T02:36:34Z,421.29,12.52,408.77,USD,SYNTH-BATCH-USD-2026-01-11-0002,SETTLED
SYNTH-PROC-000864,SYNTH-ORDER-000864,CAPTURE,2026-01-10T05:38:06Z,2129.65,62.06,2067.59,USD,SYNTH-BATCH-USD-2026-01-12-0002,SETTLED
SYNTH-PROC-000865,SYNTH-ORDER-000865,CAPTURE,2026-01-11T07:12:32Z,1845.84,53.83,1792.01,USD,SYNTH-BATCH-USD-2026-01-13-0002,SETTLED
SYNTH-PROC-000866,SYNTH-ORDER-000866,CAPTURE,2026-01-12T09:36:14Z,1148.50,33.61,1114.89,USD,SYNTH-BATCH-USD-2026-01-14-0002,SETTLED
SYNTH-PROC-000867,SYNTH-ORDER-000867,CAPTURE,2026-01-13T11:21:28Z,785.53,23.08,762.45,USD,SYNTH-BATCH-USD-2026-01-15-0002,SETTLED
SYNTH-PROC-000868,SYNTH-ORDER-000868,CAPTURE,2026-01-14T14:03:14Z,1896.81,55.31,1841.5,USD,SYNTH-BATCH-USD-2026-01-16-0002,SETTLED
SYNTH-PROC-000869,SYNTH-ORDER-000869,CAPTURE,2026-01-01T16:31:07Z,2480.90,72.25,2408.65,USD,SYNTH-BATCH-USD-2026-01-03-0002,SETTLED
SYNTH-PROC-000870,SYNTH-ORDER-000870,CAPTURE,2026-01-02T18:41:01Z,2369.58,69.02,2300.56,EUR,SYNTH-BATCH-EUR-2026-01-04-0002,SETTLED
SYNTH-PROC-000871,SYNTH-ORDER-000871,CAPTURE,2026-01-03T21:01:10Z,2348.33,68.4,2279.93,GBP,SYNTH-BATCH-GBP-2026-01-05-0002,SETTLED
SYNTH-PROC-000871-REFUND,SYNTH-ORDER-000871,REFUND,2026-01-04T20:51:10Z,-1174.17,0.0,-1174.17,GBP,SYNTH-BATCH-REFUND-000871,SETTLED
SYNTH-PROC-000872,SYNTH-ORDER-000872,CAPTURE,2026-01-04T22:55:22Z,2330.98,67.9,2263.08,USD,SYNTH-BATCH-USD-2026-01-06-0002,SETTLED
SYNTH-PROC-000873,SYNTH-ORDER-000873,CAPTURE,2026-01-05T01:27:09Z,335.56,10.03,325.53,USD,SYNTH-BATCH-USD-2026-01-07-0002,SETTLED
SYNTH-PROC-000874,SYNTH-ORDER-000874,CAPTURE,2026-01-06T03:30:34Z,1215.70,35.56,1180.14,USD,SYNTH-BATCH-USD-2026-01-08-0002,SETTLED
SYNTH-PROC-000875,SYNTH-ORDER-000875,CAPTURE,2026-01-07T05:42:08Z,1605.02,46.85,1558.17,USD,SYNTH-BATCH-DUPLICATE-000875,SETTLED
SYNTH-PROC-000876,SYNTH-ORDER-000876,CAPTURE,2026-01-08T07:16:14Z,557.58,16.47,541.11,USD,SYNTH-BATCH-USD-2026-01-10-0002,SETTLED
SYNTH-PROC-000877,SYNTH-ORDER-000877,CAPTURE,2026-01-09T09:50:58Z,2168.86,63.2,2105.66,USD,SYNTH-BATCH-USD-2026-01-11-0002,SETTLED
SYNTH-PROC-000878,SYNTH-ORDER-000878,CAPTURE,2026-01-10T11:57:56Z,394.83,11.75,383.08,USD,SYNTH-BATCH-USD-2026-01-12-0002,SETTLED
SYNTH-PROC-000879,SYNTH-ORDER-000879,CAPTURE,2026-01-11T14:18:30Z,85.57,2.78,82.79,USD,SYNTH-BATCH-USD-2026-01-13-0002,SETTLED
SYNTH-PROC-000880,SYNTH-ORDER-000880,CAPTURE,2026-01-12T16:07:03Z,113.44,3.59,109.85,EUR,SYNTH-BATCH-EUR-2026-01-14-0002,SETTLED
SYNTH-PROC-000881,SYNTH-ORDER-000881,CAPTURE,2026-01-13T18:37:38Z,1001.11,29.33,971.78,GBP,SYNTH-BATCH-GBP-2026-01-15-0002,SETTLED
SYNTH-PROC-000881-REFUND,SYNTH-ORDER-000881,REFUND,2026-01-14T18:27:38Z,-500.56,0.0,-500.56,GBP,SYNTH-BATCH-REFUND-000881,SETTLED
SYNTH-PROC-000883,SYNTH-ORDER-000883,CAPTURE,2026-01-01T23:11:43Z,1823.75,53.19,1770.56,USD,SYNTH-BATCH-USD-2026-01-03-0002,SETTLED
SYNTH-PROC-000884,SYNTH-ORDER-000884,CAPTURE,2026-01-02T01:25:48Z,735.46,21.63,713.83,USD,SYNTH-BATCH-USD-2026-01-04-0002,SETTLED
SYNTH-PROC-000885,SYNTH-ORDER-000885,CAPTURE,2026-01-03T03:45:48Z,2045.81,59.63,1986.18,USD,SYNTH-BATCH-USD-2026-01-05-0002,SETTLED
SYNTH-PROC-000886,SYNTH-ORDER-000886,CAPTURE,2026-01-04T05:31:44Z,1843.92,53.77,1790.15,USD,SYNTH-BATCH-AMOUNT-BREAK-000886,SETTLED
SYNTH-PROC-000888,SYNTH-ORDER-000888,CAPTURE,2026-01-06T09:52:00Z,993.25,29.1,964.15,USD,SYNTH-BATCH-USD-2026-01-08-0002,SETTLED
SYNTH-PROC-000889,SYNTH-ORDER-000889,CAPTURE,2026-01-07T12:30:14Z,974.31,28.55,945.76,USD,SYNTH-BATCH-USD-2026-01-09-0002,SETTLED
SYNTH-PROC-000890,SYNTH-ORDER-000890,CAPTURE,2026-01-08T14:20:11Z,511.71,15.14,496.57,EUR,SYNTH-BATCH-EUR-2026-01-10-0002,SETTLED
SYNTH-PROC-000891,SYNTH-ORDER-000891,CAPTURE,2026-01-09T16:16:34Z,1864.24,54.36,1809.88,GBP,SYNTH-BATCH-GBP-2026-01-11-0002,SETTLED
SYNTH-PROC-000892,SYNTH-ORDER-000892,CAPTURE,2026-01-10T18:49:43Z,1935.98,56.44,1879.54,USD,SYNTH-BATCH-USD-2026-01-12-0002,SETTLED
SYNTH-PROC-000893,SYNTH-ORDER-000893,CAPTURE,2026-01-11T21:29:16Z,1808.05,52.73,1755.32,USD,SYNTH-BATCH-MISSING-000893,SETTLED
SYNTH-PROC-000894,SYNTH-ORDER-000894,CAPTURE,2026-01-12T23:31:26Z,2447.95,71.29,2376.66,USD,SYNTH-BATCH-USD-2026-01-14-0002,SETTLED
SYNTH-PROC-000895,SYNTH-ORDER-000895,CAPTURE,2026-01-13T01:32:41Z,646.74,19.06,627.68,USD,SYNTH-BATCH-USD-2026-01-15-0002,SETTLED
SYNTH-PROC-000896,SYNTH-ORDER-000896,CAPTURE,2026-01-14T03:38:42Z,1530.95,44.7,1486.25,USD,SYNTH-BATCH-USD-2026-01-16-0002,SETTLED
SYNTH-PROC-000897,SYNTH-ORDER-000897,CAPTURE,2026-01-01T06:10:36Z,373.69,11.14,362.55,USD,SYNTH-BATCH-USD-2026-01-03-0002,SETTLED
SYNTH-PROC-000898,SYNTH-ORDER-000898,CAPTURE,2026-01-02T07:31:05Z,2370.52,69.05,2301.47,USD,SYNTH-BATCH-USD-2026-01-04-0002,SETTLED
SYNTH-PROC-000898-REFUND,SYNTH-ORDER-000898,REFUND,2026-01-03T07:21:05Z,-2370.52,0.0,-2370.52,USD,SYNTH-BATCH-REFUND-000898,SETTLED
SYNTH-PROC-000899,SYNTH-ORDER-000899,CAPTURE,2026-01-03T10:41:28Z,1460.54,42.66,1417.88,USD,SYNTH-BATCH-USD-2026-01-05-0002,SETTLED
SYNTH-PROC-000900,SYNTH-ORDER-000900,CAPTURE,2026-01-04T12:17:23Z,1267.34,37.05,1230.29,EUR,SYNTH-BATCH-EUR-2026-01-06-0002,SETTLED
SYNTH-PROC-000901,SYNTH-ORDER-000901,CAPTURE,2026-01-05T14:08:55Z,2112.72,61.57,2051.15,GBP,SYNTH-BATCH-GBP-2026-01-07-0002,SETTLED
SYNTH-PROC-000902,SYNTH-ORDER-000902,CAPTURE,2026-01-06T16:34:13Z,699.68,20.59,679.09,USD,SYNTH-BATCH-USD-2026-01-08-0002,SETTLED
SYNTH-PROC-000902,SYNTH-ORDER-000902,CAPTURE,2026-01-06T16:34:13Z,699.68,20.59,679.09,USD,SYNTH-BATCH-USD-2026-01-08-0002,SETTLED
SYNTH-PROC-000903,SYNTH-ORDER-000903,CAPTURE,2026-01-07T19:03:49Z,1213.06,35.48,1177.58,USD,SYNTH-BATCH-USD-2026-01-09-0002,SETTLED
SYNTH-PROC-000904,SYNTH-ORDER-000904,CAPTURE,2026-01-08T20:48:36Z,1255.80,36.72,1219.08,USD,SYNTH-BATCH-USD-2026-01-10-0002,SETTLED
SYNTH-PROC-000905,SYNTH-ORDER-000905,CAPTURE,2026-01-09T22:56:42Z,1351.66,39.5,1312.16,USD,SYNTH-BATCH-USD-2026-01-11-0002,SETTLED
SYNTH-PROC-000906,SYNTH-ORDER-000906,CAPTURE,2026-01-10T01:25:59Z,1863.47,54.34,1809.13,USD,SYNTH-BATCH-USD-2026-01-12-0002,SETTLED
SYNTH-PROC-000907,SYNTH-ORDER-000907,CAPTURE,2026-01-11T04:08:47Z,998.64,29.26,969.38,USD,SYNTH-BATCH-USD-2026-01-13-0002,SETTLED
SYNTH-PROC-000908,SYNTH-ORDER-000908,CAPTURE,2026-01-12T06:25:54Z,2177.55,63.45,2114.1,USD,SYNTH-BATCH-USD-2026-01-14-0002,SETTLED
SYNTH-PROC-000909,SYNTH-ORDER-000909,CAPTURE,2026-01-13T08:33:48Z,1129.57,33.06,1096.51,USD,SYNTH-BATCH-USD-2026-01-15-0002,SETTLED
SYNTH-PROC-000910,SYNTH-ORDER-000910,CAPTURE,2026-01-14T10:29:53Z,862.82,25.32,837.5,EUR,SYNTH-BATCH-EUR-2026-01-16-0002,SETTLED
SYNTH-PROC-000911,SYNTH-ORDER-000911,CAPTURE,2026-01-01T12:42:44Z,796.22,23.39,772.83,GBP,SYNTH-BATCH-GBP-2026-01-03-0002,SETTLED
SYNTH-PROC-000912,SYNTH-ORDER-000912,CAPTURE,2026-01-02T14:25:41Z,664.89,19.58,645.31,USD,SYNTH-BATCH-USD-2026-01-04-0002,SETTLED
SYNTH-PROC-000912-REFUND,SYNTH-ORDER-000912,REFUND,2026-01-03T14:15:41Z,-332.45,0.0,-332.45,USD,SYNTH-BATCH-REFUND-000912,SETTLED
SYNTH-PROC-000913,SYNTH-ORDER-000913,CAPTURE,2026-01-03T17:09:06Z,2126.34,61.96,2064.38,USD,SYNTH-BATCH-USD-2026-01-05-0002,SETTLED
SYNTH-PROC-000914,SYNTH-ORDER-000914,CAPTURE,2026-01-04T19:13:29Z,192.78,5.89,186.89,USD,SYNTH-BATCH-USD-2026-01-06-0002,SETTLED
SYNTH-PROC-000915,SYNTH-ORDER-000915,CAPTURE,2026-01-05T21:04:11Z,1999.24,58.28,1940.96,USD,SYNTH-BATCH-USD-2026-01-07-0002,SETTLED
SYNTH-PROC-000916,SYNTH-ORDER-000916,CAPTURE,2026-01-06T23:24:14Z,720.22,21.19,699.03,USD,SYNTH-BATCH-USD-2026-01-08-0002,SETTLED
SYNTH-PROC-000917,SYNTH-ORDER-000917,CAPTURE,2026-01-07T02:18:06Z,1380.99,40.35,1340.64,USD,SYNTH-BATCH-USD-2026-01-09-0002,SETTLED
SYNTH-PROC-000918,SYNTH-ORDER-000918,CAPTURE,2026-01-08T03:48:59Z,1523.19,44.47,1478.72,USD,SYNTH-BATCH-USD-2026-01-10-0002,SETTLED
SYNTH-PROC-000919,SYNTH-ORDER-000919,CAPTURE,2026-01-09T06:25:35Z,2028.85,59.14,1969.71,USD,SYNTH-BATCH-USD-2026-01-11-0002,SETTLED
SYNTH-PROC-000920,SYNTH-ORDER-000920,CAPTURE,2026-01-10T08:40:56Z,1344.26,39.28,1304.98,EUR,SYNTH-BATCH-LATE-000920,SETTLED
SYNTH-PROC-000921,SYNTH-ORDER-000921,CAPTURE,2026-01-11T10:48:29Z,1562.20,45.6,1516.6,GBP,SYNTH-BATCH-GBP-2026-01-13-0002,SETTLED
SYNTH-PROC-000922,SYNTH-ORDER-000922,CAPTURE,2026-01-12T12:57:21Z,1660.32,48.45,1611.87,USD,SYNTH-BATCH-USD-2026-01-14-0002,SETTLED
SYNTH-PROC-000923,SYNTH-ORDER-000923,CAPTURE,2026-01-13T15:09:44Z,2303.59,67.1,2236.49,USD,SYNTH-BATCH-USD-2026-01-15-0002,SETTLED
SYNTH-PROC-000924,SYNTH-ORDER-000924,CAPTURE,2026-01-14T17:18:18Z,692.78,20.39,672.39,USD,SYNTH-BATCH-USD-2026-01-16-0002,SETTLED
SYNTH-PROC-000925,SYNTH-ORDER-000925,CAPTURE,2026-01-01T18:59:58Z,1412.34,41.26,1371.08,USD,SYNTH-BATCH-USD-2026-01-03-0002,SETTLED
SYNTH-PROC-000926,SYNTH-ORDER-000926,CAPTURE,2026-01-02T21:39:34Z,1743.14,50.85,1692.29,USD,SYNTH-BATCH-DUPLICATE-000926,SETTLED
SYNTH-PROC-000927,SYNTH-ORDER-000927,CAPTURE,2026-01-03T23:54:42Z,898.59,26.36,872.23,USD,SYNTH-BATCH-USD-2026-01-05-0002,SETTLED
SYNTH-PROC-000928,SYNTH-ORDER-000928,CAPTURE,2026-01-04T01:59:35Z,1025.76,30.42,995.34,USD,SYNTH-BATCH-USD-2026-01-06-0002,SETTLED
SYNTH-PROC-000929,SYNTH-ORDER-000929,CAPTURE,2026-01-05T04:11:48Z,701.47,20.64,680.83,USD,SYNTH-BATCH-USD-2026-01-07-0002,SETTLED
SYNTH-PROC-000929-REFUND,SYNTH-ORDER-000929,REFUND,2026-01-06T04:01:48Z,-701.47,0.0,-701.47,USD,SYNTH-BATCH-REFUND-000929,SETTLED
SYNTH-PROC-000930,SYNTH-ORDER-000930,CAPTURE,2026-01-06T06:44:06Z,1223.00,35.77,1187.23,EUR,SYNTH-BATCH-EUR-2026-01-08-0002,SETTLED
SYNTH-PROC-000931,SYNTH-ORDER-000931,CAPTURE,2026-01-07T08:41:40Z,673.63,19.84,653.79,GBP,SYNTH-BATCH-GBP-2026-01-09-0002,SETTLED
SYNTH-PROC-000932,SYNTH-ORDER-000932,CAPTURE,2026-01-08T11:03:43Z,1154.96,33.79,1121.17,USD,SYNTH-BATCH-USD-2026-01-10-0002,SETTLED
SYNTH-PROC-000933,SYNTH-ORDER-000933,CAPTURE,2026-01-09T13:15:50Z,221.56,6.73,214.83,USD,SYNTH-BATCH-USD-2026-01-11-0002,SETTLED
SYNTH-PROC-000934,SYNTH-ORDER-000934,CAPTURE,2026-01-10T15:27:02Z,311.74,9.34,302.4,USD,SYNTH-BATCH-USD-2026-01-12-0002,SETTLED
SYNTH-PROC-000935,SYNTH-ORDER-000935,CAPTURE,2026-01-11T17:42:20Z,329.74,9.86,319.88,USD,SYNTH-BATCH-USD-2026-01-13-0002,SETTLED
SYNTH-PROC-000936,SYNTH-ORDER-000936,CAPTURE,2026-01-12T19:41:16Z,769.31,22.61,746.7,USD,SYNTH-BATCH-USD-2026-01-14-0002,SETTLED
SYNTH-PROC-000937,SYNTH-ORDER-000937,CAPTURE,2026-01-13T21:43:59Z,1694.21,49.43,1644.78,USD,SYNTH-BATCH-USD-2026-01-15-0002,SETTLED
SYNTH-PROC-000938,SYNTH-ORDER-000938,CAPTURE,2026-01-15T00:01:45Z,1881.46,54.86,1826.6,USD,SYNTH-BATCH-USD-2026-01-16-0002,SETTLED
SYNTH-PROC-000939,SYNTH-ORDER-000939,CAPTURE,2026-01-01T02:27:44Z,1049.93,30.75,1019.18,USD,SYNTH-BATCH-USD-2026-01-03-0002,SETTLED
SYNTH-PROC-000940,SYNTH-ORDER-000940,CAPTURE,2026-01-02T04:37:19Z,1592.93,46.49,1546.44,EUR,SYNTH-BATCH-EUR-2026-01-04-0002,SETTLED
SYNTH-PROC-000941,SYNTH-ORDER-000941,CAPTURE,2026-01-03T06:40:56Z,411.28,12.23,399.05,GBP,SYNTH-BATCH-GBP-2026-01-05-0002,SETTLED
SYNTH-PROC-000942,SYNTH-ORDER-000942,CAPTURE,2026-01-04T08:42:03Z,2486.57,72.41,2414.16,USD,SYNTH-BATCH-USD-2026-01-06-0002,SETTLED
SYNTH-PROC-000943,SYNTH-ORDER-000943,CAPTURE,2026-01-05T10:51:57Z,716.63,21.08,695.55,USD,SYNTH-BATCH-USD-2026-01-07-0002,SETTLED
SYNTH-PROC-000944,SYNTH-ORDER-000944,CAPTURE,2026-01-06T12:56:47Z,1844.50,53.79,1790.71,USD,SYNTH-BATCH-USD-2026-01-08-0002,SETTLED
SYNTH-PROC-000945,SYNTH-ORDER-000945,CAPTURE,2026-01-07T15:06:34Z,148.65,4.61,144.04,USD,SYNTH-BATCH-USD-2026-01-09-0002,SETTLED
SYNTH-PROC-000946,SYNTH-ORDER-000946,CAPTURE,2026-01-08T17:42:36Z,2473.92,72.04,2401.88,USD,SYNTH-BATCH-USD-2026-01-10-0002,SETTLED
SYNTH-PROC-000947,SYNTH-ORDER-000947,CAPTURE,2026-01-09T19:58:46Z,41.40,1.5,39.9,USD,SYNTH-BATCH-USD-2026-01-11-0002,SETTLED
SYNTH-PROC-000947,SYNTH-ORDER-000947,CAPTURE,2026-01-09T19:58:46Z,41.40,1.5,39.9,USD,SYNTH-BATCH-USD-2026-01-11-0002,SETTLED
SYNTH-PROC-000948,SYNTH-ORDER-000948,CAPTURE,2026-01-10T22:16:57Z,2400.18,69.91,2330.27,USD,SYNTH-BATCH-USD-2026-01-12-0002,SETTLED
SYNTH-PROC-000949,SYNTH-ORDER-000949,CAPTURE,2026-01-11T00:28:04Z,2383.04,69.41,2313.63,USD,SYNTH-BATCH-USD-2026-01-13-0002,SETTLED
SYNTH-PROC-000950,SYNTH-ORDER-000950,CAPTURE,2026-01-12T02:17:13Z,2473.90,72.04,2401.86,EUR,SYNTH-BATCH-EUR-2026-01-14-0002,SETTLED
SYNTH-PROC-000951,SYNTH-ORDER-000951,CAPTURE,2026-01-13T04:48:37Z,2058.73,60.0,1998.73,GBP,SYNTH-BATCH-GBP-2026-01-15-0002,SETTLED
SYNTH-PROC-000952,SYNTH-ORDER-000952,CAPTURE,2026-01-14T07:13:50Z,2423.00,70.57,2352.43,USD,SYNTH-BATCH-USD-2026-01-16-0002,SETTLED
SYNTH-PROC-000953,SYNTH-ORDER-000953,CAPTURE,2026-01-01T08:59:27Z,849.21,24.93,824.28,USD,SYNTH-BATCH-USD-2026-01-03-0002,SETTLED
SYNTH-PROC-000954,SYNTH-ORDER-000954,CAPTURE,2026-01-02T10:49:12Z,192.83,5.89,186.94,USD,SYNTH-BATCH-USD-2026-01-04-0002,SETTLED
SYNTH-PROC-000955,SYNTH-ORDER-000955,CAPTURE,2026-01-03T13:50:19Z,1615.86,47.16,1568.7,USD,SYNTH-BATCH-USD-2026-01-05-0002,SETTLED
SYNTH-PROC-000956,SYNTH-ORDER-000956,CAPTURE,2026-01-04T15:41:12Z,1709.24,50.24,1659.0,USD,SYNTH-BATCH-USD-2026-01-06-0002,SETTLED
SYNTH-PROC-000957,SYNTH-ORDER-000957,CAPTURE,2026-01-05T17:24:57Z,815.70,23.96,791.74,USD,SYNTH-BATCH-USD-2026-01-07-0002,SETTLED
SYNTH-PROC-000958,SYNTH-ORDER-000958,CAPTURE,2026-01-06T20:29:43Z,1060.39,31.05,1029.34,USD,SYNTH-BATCH-USD-2026-01-08-0002,SETTLED
SYNTH-PROC-000959,SYNTH-ORDER-000959,CAPTURE,2026-01-07T22:13:18Z,1661.60,48.49,1613.11,USD,SYNTH-BATCH-USD-2026-01-09-0002,SETTLED
SYNTH-PROC-000960,SYNTH-ORDER-000960,CAPTURE,2026-01-09T00:04:14Z,333.63,9.98,323.65,EUR,SYNTH-BATCH-EUR-2026-01-10-0002,SETTLED
SYNTH-PROC-000961,SYNTH-ORDER-000961,CAPTURE,2026-01-09T02:45:54Z,296.55,8.9,287.65,GBP,SYNTH-BATCH-GBP-2026-01-11-0002,SETTLED
SYNTH-PROC-000962,SYNTH-ORDER-000962,CAPTURE,2026-01-10T04:23:06Z,1142.16,33.42,1108.74,USD,SYNTH-BATCH-USD-2026-01-12-0002,SETTLED
SYNTH-PROC-000963,SYNTH-ORDER-000963,CAPTURE,2026-01-11T07:27:53Z,30.89,1.2,29.69,USD,SYNTH-BATCH-AMOUNT-BREAK-000963,SETTLED
SYNTH-PROC-000964,SYNTH-ORDER-000964,CAPTURE,2026-01-12T09:19:35Z,2370.34,69.04,2301.3,USD,SYNTH-BATCH-USD-2026-01-14-0002,SETTLED
SYNTH-PROC-000965,SYNTH-ORDER-000965,CAPTURE,2026-01-13T11:02:25Z,1977.80,57.66,1920.14,USD,SYNTH-BATCH-USD-2026-01-15-0002,SETTLED
SYNTH-PROC-000966,SYNTH-ORDER-000966,CAPTURE,2026-01-14T13:51:54Z,1501.12,43.83,1457.29,USD,SYNTH-BATCH-LATE-000966,SETTLED
SYNTH-PROC-000967,SYNTH-ORDER-000967,CAPTURE,2026-01-01T15:38:15Z,406.11,12.08,394.03,USD,SYNTH-BATCH-USD-2026-01-03-0002,SETTLED
SYNTH-PROC-000968,SYNTH-ORDER-000968,CAPTURE,2026-01-02T17:54:23Z,2056.55,59.94,1996.61,USD,SYNTH-BATCH-USD-2026-01-04-0002,SETTLED
SYNTH-PROC-000969,SYNTH-ORDER-000969,CAPTURE,2026-01-03T20:03:01Z,1466.89,42.84,1424.05,USD,SYNTH-BATCH-USD-2026-01-05-0002,SETTLED
SYNTH-PROC-000970,SYNTH-ORDER-000970,CAPTURE,2026-01-04T22:03:44Z,1956.65,57.04,1899.61,EUR,SYNTH-BATCH-EUR-2026-01-06-0002,SETTLED
SYNTH-PROC-000971,SYNTH-ORDER-000971,CAPTURE,2026-01-06T00:06:10Z,345.23,10.31,334.92,GBP,SYNTH-BATCH-GBP-2026-01-07-0002,SETTLED
SYNTH-PROC-000972,SYNTH-ORDER-000972,CAPTURE,2026-01-06T02:58:34Z,458.25,13.59,444.66,USD,SYNTH-BATCH-USD-2026-01-08-0002,SETTLED
SYNTH-PROC-000973,SYNTH-ORDER-000973,CAPTURE,2026-01-07T05:04:46Z,1404.71,41.04,1363.67,USD,SYNTH-BATCH-USD-2026-01-09-0002,SETTLED
SYNTH-PROC-000974,SYNTH-ORDER-000974,CAPTURE,2026-01-08T07:16:05Z,1977.38,57.64,1919.74,USD,SYNTH-BATCH-USD-2026-01-10-0002,SETTLED
SYNTH-PROC-000975,SYNTH-ORDER-000975,CAPTURE,2026-01-09T09:27:09Z,1668.19,48.68,1619.51,USD,SYNTH-BATCH-USD-2026-01-11-0002,SETTLED
SYNTH-PROC-000976,SYNTH-ORDER-000976,CAPTURE,2026-01-10T11:41:35Z,621.58,18.33,603.25,USD,SYNTH-BATCH-USD-2026-01-12-0002,SETTLED
SYNTH-PROC-000977,SYNTH-ORDER-000977,CAPTURE,2026-01-11T13:44:32Z,2334.73,68.01,2266.72,USD,SYNTH-BATCH-USD-2026-01-13-0002,SETTLED
SYNTH-PROC-000978,SYNTH-ORDER-000978,CAPTURE,2026-01-12T15:49:21Z,1327.88,38.81,1289.07,USD,SYNTH-BATCH-USD-2026-01-14-0002,SETTLED
SYNTH-PROC-000979,SYNTH-ORDER-000979,CAPTURE,2026-01-13T18:30:22Z,2187.69,63.74,2123.95,USD,SYNTH-BATCH-USD-2026-01-15-0002,SETTLED
SYNTH-PROC-000982,SYNTH-ORDER-000982,CAPTURE,2026-01-02T01:10:20Z,2170.72,63.25,2107.47,USD,SYNTH-BATCH-USD-2026-01-04-0002,SETTLED
SYNTH-PROC-000983,SYNTH-ORDER-000983,CAPTURE,2026-01-03T03:06:36Z,2353.33,68.55,2284.78,USD,SYNTH-BATCH-USD-2026-01-05-0002,SETTLED
SYNTH-PROC-000984,SYNTH-ORDER-000984,CAPTURE,2026-01-04T04:57:07Z,299.70,8.99,290.71,USD,SYNTH-BATCH-USD-2026-01-06-0002,SETTLED
SYNTH-PROC-000985,SYNTH-ORDER-000985,CAPTURE,2026-01-05T06:59:15Z,2499.80,72.79,2427.01,USD,SYNTH-BATCH-USD-2026-01-07-0002,SETTLED
SYNTH-PROC-000986,SYNTH-ORDER-000986,CAPTURE,2026-01-06T09:11:43Z,303.46,9.1,294.36,USD,SYNTH-BATCH-LATE-000986,SETTLED
SYNTH-PROC-000987,SYNTH-ORDER-000987,CAPTURE,2026-01-07T11:53:38Z,1780.67,51.94,1728.73,USD,SYNTH-BATCH-USD-2026-01-09-0002,SETTLED
SYNTH-PROC-000988,SYNTH-ORDER-000988,CAPTURE,2026-01-08T13:32:11Z,990.99,29.04,961.95,USD,SYNTH-BATCH-USD-2026-01-10-0002,SETTLED
SYNTH-PROC-000989,SYNTH-ORDER-000989,CAPTURE,2026-01-09T15:59:08Z,1495.87,43.68,1452.19,USD,SYNTH-BATCH-USD-2026-01-11-0002,SETTLED
SYNTH-PROC-000989-REFUND,SYNTH-ORDER-000989,REFUND,2026-01-10T15:49:08Z,-747.94,0.0,-747.94,USD,SYNTH-BATCH-REFUND-000989,SETTLED
SYNTH-PROC-000990,SYNTH-ORDER-000990,CAPTURE,2026-01-10T18:41:58Z,2151.51,62.69,2088.82,EUR,SYNTH-BATCH-EUR-2026-01-12-0002,SETTLED
SYNTH-PROC-000991,SYNTH-ORDER-000991,CAPTURE,2026-01-11T20:39:30Z,977.86,28.66,949.2,GBP,SYNTH-BATCH-DUPLICATE-000991,SETTLED
SYNTH-PROC-000992,SYNTH-ORDER-000992,CAPTURE,2026-01-12T23:08:10Z,2225.95,64.85,2161.1,USD,SYNTH-BATCH-USD-2026-01-14-0002,SETTLED
SYNTH-PROC-000993,SYNTH-ORDER-000993,CAPTURE,2026-01-13T00:53:05Z,969.94,28.43,941.51,USD,SYNTH-BATCH-USD-2026-01-15-0002,SETTLED
SYNTH-PROC-000994,SYNTH-ORDER-000994,CAPTURE,2026-01-14T03:12:40Z,548.24,16.57,531.67,USD,SYNTH-BATCH-USD-2026-01-16-0002,SETTLED
SYNTH-PROC-000995,SYNTH-ORDER-000995,CAPTURE,2026-01-01T05:07:26Z,1906.98,55.6,1851.38,USD,SYNTH-BATCH-USD-2026-01-03-0002,SETTLED
SYNTH-PROC-000995-REFUND,SYNTH-ORDER-000995,REFUND,2026-01-02T04:57:26Z,-1906.98,0.0,-1906.98,USD,SYNTH-BATCH-REFUND-000995,SETTLED
SYNTH-PROC-000997,SYNTH-ORDER-000997,CAPTURE,2026-01-03T09:21:37Z,1860.07,54.24,1805.83,USD,SYNTH-BATCH-USD-2026-01-05-0002,SETTLED
SYNTH-PROC-000998,SYNTH-ORDER-000998,CAPTURE,2026-01-04T12:27:39Z,1051.23,30.79,1020.44,USD,SYNTH-BATCH-USD-2026-01-06-0002,SETTLED
SYNTH-PROC-000999,SYNTH-ORDER-000999,CAPTURE,2026-01-05T13:54:06Z,2350.64,68.47,2282.17,USD,SYNTH-BATCH-USD-2026-01-07-0002,SETTLED
SYNTH-PROC-001000,SYNTH-ORDER-001000,CAPTURE,2026-01-06T16:37:19Z,1945.04,56.71,1888.33,EUR,SYNTH-BATCH-EUR-2026-01-08-0002,SETTLED
SYNTH-PROC-ONLY-000001,SYNTH-ORDER-PROC-ONLY-000001,CAPTURE,2026-01-01T01:00:00Z,413.16,12.28,400.88,USD,SYNTH-BATCH-PROC-ONLY-000001,SETTLED
SYNTH-PROC-ONLY-000002,SYNTH-ORDER-PROC-ONLY-000002,CAPTURE,2026-01-01T02:00:00Z,443.08,13.15,429.93,USD,SYNTH-BATCH-PROC-ONLY-000002,SETTLED
SYNTH-PROC-ONLY-000003,SYNTH-ORDER-PROC-ONLY-000003,CAPTURE,2026-01-01T03:00:00Z,388.70,11.57,377.13,USD,SYNTH-BATCH-PROC-ONLY-000003,SETTLED
SYNTH-PROC-ONLY-000004,SYNTH-ORDER-PROC-ONLY-000004,CAPTURE,2026-01-01T04:00:00Z,77.61,2.55,75.06,USD,SYNTH-BATCH-PROC-ONLY-000004,SETTLED
SYNTH-PROC-ONLY-000005,SYNTH-ORDER-PROC-ONLY-000005,CAPTURE,2026-01-01T05:00:00Z,861.34,25.28,836.06,USD,SYNTH-BATCH-PROC-ONLY-000005,SETTLED
SYNTH-PROC-ONLY-000006,SYNTH-ORDER-PROC-ONLY-000006,CAPTURE,2026-01-01T06:00:00Z,724.92,21.32,703.6,USD,SYNTH-BATCH-PROC-ONLY-000006,SETTLED
SYNTH-PROC-ONLY-000007,SYNTH-ORDER-PROC-ONLY-000007,CAPTURE,2026-01-01T07:00:00Z,720.78,21.2,699.58,USD,SYNTH-BATCH-PROC-ONLY-000007,SETTLED
SYNTH-PROC-ONLY-000008,SYNTH-ORDER-PROC-ONLY-000008,CAPTURE,2026-01-01T08:00:00Z,282.49,8.49,274.0,USD,SYNTH-BATCH-PROC-ONLY-000008,SETTLED
SYNTH-PROC-ONLY-000009,SYNTH-ORDER-PROC-ONLY-000009,CAPTURE,2026-01-01T09:00:00Z,370.03,11.03,359.0,USD,SYNTH-BATCH-PROC-ONLY-000009,SETTLED
SYNTH-PROC-ONLY-000010,SYNTH-ORDER-PROC-ONLY-000010,CAPTURE,2026-01-01T10:00:00Z,636.76,18.77,617.99,USD,SYNTH-BATCH-PROC-ONLY-000010,SETTLED
SYNTH-PROC-ONLY-000011,SYNTH-ORDER-PROC-ONLY-000011,CAPTURE,2026-01-01T11:00:00Z,608.98,17.96,591.02,USD,SYNTH-BATCH-PROC-ONLY-000011,SETTLED
SYNTH-PROC-ONLY-000012,SYNTH-ORDER-PROC-ONLY-000012,CAPTURE,2026-01-01T12:00:00Z,655.01,19.3,635.71,USD,SYNTH-BATCH-PROC-ONLY-000012,SETTLED
SYNTH-PROC-ONLY-000013,SYNTH-ORDER-PROC-ONLY-000013,CAPTURE,2026-01-01T13:00:00Z,648.86,19.12,629.74,USD,SYNTH-BATCH-PROC-ONLY-000013,SETTLED
SYNTH-PROC-ONLY-000014,SYNTH-ORDER-PROC-ONLY-000014,CAPTURE,2026-01-01T14:00:00Z,8.09,0.53,7.56,USD,SYNTH-BATCH-PROC-ONLY-000014,SETTLED
SYNTH-PROC-ONLY-000015,SYNTH-ORDER-PROC-ONLY-000015,CAPTURE,2026-01-01T15:00:00Z,557.18,16.46,540.72,USD,SYNTH-BATCH-PROC-ONLY-000015,SETTLED
SYNTH-PROC-ONLY-000016,SYNTH-ORDER-PROC-ONLY-000016,CAPTURE,2026-01-01T16:00:00Z,841.29,24.7,816.59,USD,SYNTH-BATCH-PROC-ONLY-000016,SETTLED
SYNTH-PROC-ONLY-000017,SYNTH-ORDER-PROC-ONLY-000017,CAPTURE,2026-01-01T17:00:00Z,505.79,14.97,490.82,USD,SYNTH-BATCH-PROC-ONLY-000017,SETTLED
SYNTH-PROC-ONLY-000018,SYNTH-ORDER-PROC-ONLY-000018,CAPTURE,2026-01-01T18:00:00Z,157.58,4.87,152.71,USD,SYNTH-BATCH-PROC-ONLY-000018,SETTLED
SYNTH-PROC-ONLY-000019,SYNTH-ORDER-PROC-ONLY-000019,CAPTURE,2026-01-01T19:00:00Z,589.06,17.38,571.68,USD,SYNTH-BATCH-PROC-ONLY-000019,SETTLED
SYNTH-PROC-ONLY-000020,SYNTH-ORDER-PROC-ONLY-000020,CAPTURE,2026-01-01T20:00:00Z,635.56,18.73,616.83,USD,SYNTH-BATCH-PROC-ONLY-000020,SETTLED
SYNTH-PROC-MALFORMED-ROWS-000001,SYNTH-ORDER-MALFORMED-ROWS-000001,CAPTURE,2026-01-01T00:00:00Z,NOT_A_NUMBER,0.3,0.0,USD,SYNTH-BATCH-MALFORMED-ROWS-000001,SETTLED
SYNTH-PROC-MALFORMED-ROWS-000002,SYNTH-ORDER-MALFORMED-ROWS-000002,CAPTURE,2026-01-01T00:00:00Z,NOT_A_NUMBER,0.3,0.0,USD,SYNTH-BATCH-MALFORMED-ROWS-000002,SETTLED
SYNTH-PROC-MALFORMED-ROWS-000003,SYNTH-ORDER-MALFORMED-ROWS-000003,CAPTURE,2026-01-01T00:00:00Z,NOT_A_NUMBER,0.3,0.0,USD,SYNTH-BATCH-MALFORMED-ROWS-000003,SETTLED
SYNTH-PROC-MALFORMED-ROWS-000004,SYNTH-ORDER-MALFORMED-ROWS-000004,CAPTURE,2026-01-01T00:00:00Z,NOT_A_NUMBER,0.3,0.0,USD,SYNTH-BATCH-MALFORMED-ROWS-000004,SETTLED
SYNTH-PROC-MALFORMED-ROWS-000005,SYNTH-ORDER-MALFORMED-ROWS-000005,CAPTURE,2026-01-01T00:00:00Z,NOT_A_NUMBER,0.3,0.0,USD,SYNTH-BATCH-MALFORMED-ROWS-000005,SETTLED
